mtllib model_2.mtl
o model_2
v 72.10342407226562 52.94621276855469 26.211137771606445 
v 73.0714340209961 54.51253890991211 27.525964736938477 
v 73.25315856933594 52.051414489746094 26.78325080871582 
v 72.91866302490234 54.476261138916016 28.07490348815918 
v 73.01713562011719 51.941585540771484 27.36363983154297 
v 72.23664093017578 51.9122314453125 28.44343376159668 
v 72.1475830078125 54.77781677246094 29.32292938232422 
v 72.72607421875 57.20829772949219 28.942127227783203 
v 72.11573028564453 57.02143096923828 30.167621612548828 
v 71.6219482421875 58.14373016357422 28.27473258972168 
v 71.23604583740234 58.316795349121094 28.72157096862793 
v 70.88272857666016 56.933753967285156 31.320575714111328 
v 70.49392700195312 58.30547332763672 29.169639587402344 
v 69.28264617919922 56.95691680908203 31.657217025756836 
v 69.38690185546875 58.334800720214844 29.359636306762695 
v 72.04550170898438 55.170127868652344 26.886940002441406 
v 71.6219482421875 58.14373016357422 28.27473258972168 
v 69.30509185791016 55.04892349243164 30.975921630859375 
v 70.92689514160156 55.018367767333984 30.535247802734375 
v 71.08689880371094 51.75190734863281 29.392803192138672 
v 71.24183654785156 47.90790557861328 28.64350128173828 
v 72.47991180419922 47.999610900878906 27.68640899658203 
v 72.69059753417969 45.920772552490234 27.35443878173828 
v 73.36538696289062 48.005008697509766 26.40643882751465 
v 73.47399139404297 49.732791900634766 26.176937103271484 
v 72.10052490234375 51.038211822509766 25.757753372192383 
v 69.35939025878906 51.75066375732422 29.85841941833496 
v 69.5729751586914 47.83401107788086 29.166004180908203 
v 72.58416748046875 51.185909271240234 23.704317092895508 
v 73.87581634521484 49.93446350097656 23.466449737548828 
v 73.45082092285156 50.32464599609375 21.047374725341797 
v 72.11066436767578 51.424949645996094 21.901134490966797 
v 73.3451156616211 52.59334945678711 21.07401466369629 
v 72.1077651977539 53.445579528808594 21.91466522216797 
v 73.17207336425781 55.49142074584961 21.109256744384766 
v 72.0722885131836 55.8255615234375 21.870283126831055 
v 72.915771484375 57.77232360839844 21.006290435791016 
v 71.95934295654297 58.1890869140625 21.761428833007812 
v 72.66670989990234 55.95948028564453 20.382183074951172 
v 72.9259033203125 52.67262268066406 20.411100387573242 
v 73.17424774169922 49.227474212646484 20.233802795410156 
v 74.07275390625 47.99700927734375 23.312339782714844 
v 73.65281677246094 46.01024627685547 25.926769256591797 
v 72.92735290527344 43.86063003540039 27.036577224731445 
v 73.9359130859375 44.00831604003906 25.43896484375 
v 74.25882720947266 46.034706115722656 23.030298233032227 
v 73.5695571899414 46.82442855834961 20.331357955932617 
v 71.1593017578125 49.210609436035156 18.251922607421875 
v 71.1383056640625 53.129844665527344 18.56571388244629 
v 71.12527465820312 56.637229919433594 18.801485061645508 
v 71.11296844482422 58.07406234741211 19.030107498168945 
v 70.5475082397461 58.42723083496094 20.290956497192383 
v 71.95934295654297 58.1890869140625 21.761428833007812 
v 69.39125061035156 58.12086486816406 18.527713775634766 
v 69.36156463623047 58.45253372192383 20.089740753173828 
v 67.993896484375 58.41300964355469 20.404027938842773 
v 67.57903289794922 58.06398391723633 19.077678680419922 
v 69.38762664794922 56.682579040527344 18.278106689453125 
v 69.33550262451172 53.48069763183594 18.05452537536621 
v 69.35432434082031 49.36857604980469 17.77707290649414 
v 69.43685913085938 47.79584503173828 17.554874420166016 
v 71.4981460571289 47.25625228881836 18.13457679748535 
v 71.99988555908203 44.816383361816406 18.004112243652344 
v 73.96487426757812 44.42530822753906 20.430309295654297 
v 71.51262664794922 42.902896881103516 17.333885192871094 
v 74.15383911132812 42.44744110107422 20.239463806152344 
v 74.44489288330078 44.06837463378906 22.74774932861328 
v 71.35261535644531 44.896995544433594 17.52586555480957 
v 70.94861602783203 46.391700744628906 17.652332305908203 
v 69.52809143066406 46.96498107910156 17.42325782775879 
v 70.7618179321289 46.2957878112793 16.331586837768555 
v 71.12744140625 45.12964630126953 16.261812210083008 
v 70.61556243896484 44.31669616699219 15.890064239501953 
v 70.74516296386719 43.84157180786133 17.096492767333984 
v 69.57442474365234 44.15325927734375 15.659687995910645 
v 69.46147918701172 43.53697204589844 16.71903419494629 
v 69.36156463623047 42.50874710083008 16.62681007385254 
v 69.3521499633789 40.71940231323242 16.304113388061523 
v 67.53341674804688 43.283851623535156 17.266931533813477 
v 68.41961669921875 44.158050537109375 16.923755645751953 
v 68.84027099609375 44.58256912231445 15.859286308288574 
v 69.2580337524414 45.004737854003906 14.878632545471191 
v 69.74529266357422 44.737300872802734 14.759081840515137 
v 70.41718292236328 44.84532928466797 14.909233093261719 
v 70.75385284423828 45.372032165527344 15.148211479187012 
v 70.00738525390625 45.72513961791992 13.642454147338867 
v 69.06327056884766 45.53009796142578 15.030618667602539 
v 68.54849243164062 45.375816345214844 16.094703674316406 
v 69.27106475830078 46.09722137451172 15.110981941223145 
v 69.81624603271484 46.34674835205078 15.079957008361816 
v 70.50624084472656 46.115020751953125 15.197330474853516 
v 69.68013000488281 46.658721923828125 16.147506713867188 
v 68.85041046142578 46.24563980102539 16.209514617919922 
v 68.08584594726562 45.19969940185547 17.3324031829834 
v 67.02008819580078 44.82769012451172 17.849069595336914 
v 68.4543685913086 46.34379196166992 17.447338104248047 
v 67.54789733886719 47.0218391418457 17.947731018066406 
v 67.56889343261719 49.25907897949219 18.2896728515625 
v 67.49866485595703 53.155033111572266 18.690977096557617 
v 67.63188171386719 56.453529357910156 18.79737663269043 
v 65.8819351196289 57.76348114013672 20.97895050048828 
v 66.76957702636719 58.22983932495117 21.860612869262695 
v 65.89786529541016 55.810359954833984 20.68901824951172 
v 65.87686920166016 52.47794723510742 20.3640079498291 
v 65.34253692626953 49.232948303222656 20.776233673095703 
v 65.11954498291016 46.86204147338867 20.520587921142578 
v 64.89654541015625 44.49124526977539 20.264049530029297 
v 64.71843719482422 42.65465545654297 20.089162826538086 
v 64.38104248046875 44.52712631225586 22.87598419189453 
v 64.58377075195312 46.592979431152344 23.27867317199707 
v 64.78649139404297 48.65882873535156 23.68136215209961 
v 64.91320037841797 49.82239532470703 23.99952507019043 
v 65.28533935546875 50.28064727783203 21.201921463012695 
v 65.44462585449219 52.44725799560547 21.19401741027832 
v 65.6256332397461 55.64858627319336 21.12902069091797 
v 66.69718170166016 55.566627502441406 21.910980224609375 
v 66.76957702636719 58.22983932495117 21.860612869262695 
v 66.65156555175781 52.76359939575195 21.998931884765625 
v 66.65156555175781 51.49950408935547 21.991907119750977 
v 66.41481018066406 51.1845588684082 24.1057071685791 
v 65.2911376953125 49.70772171020508 26.148460388183594 
v 66.7022476196289 50.93947219848633 25.79417610168457 
v 65.56119537353516 52.075931549072266 26.816181182861328 
v 66.71310424804688 52.862701416015625 26.28926658630371 
v 65.7117919921875 55.017974853515625 27.771312713623047 
v 66.77320098876953 55.170684814453125 26.98016357421875 
v 66.1831283569336 57.383487701416016 29.046459197998047 
v 67.15620422363281 58.25746536254883 28.28179931640625 
v 65.94347381591797 54.94643020629883 28.34023666381836 
v 65.85948944091797 52.080509185791016 27.528528213500977 
v 65.45476531982422 48.65362548828125 26.48981475830078 
v 65.18253326416016 46.315521240234375 26.03841781616211 
v 64.90957641601562 43.973388671875 25.58651351928711 
v 64.7524642944336 42.197811126708984 25.349658966064453 
v 64.25579071044922 43.03567123413086 22.691139221191406 
v 64.49833679199219 40.38920593261719 19.87390899658203 
v 67.28435516357422 40.61136245727539 16.902812957763672 
v 69.32463836669922 38.85774230957031 15.970513343811035 
v 71.39533233642578 40.62233352661133 16.848119735717773 
v 74.3876953125 40.008583068847656 20.00330924987793 
v 74.5665283203125 42.59964370727539 22.544960021972656 
v 74.1480484008789 42.09370422363281 25.070669174194336 
v 73.1069107055664 41.743839263916016 26.778518676757812 
v 71.81453704833984 41.646873474121094 27.84257698059082 
v 72.39881896972656 43.84158706665039 27.54608154296875 
v 71.65670013427734 46.154273986816406 28.23214340209961 
v 69.58456420898438 46.92612838745117 29.060876846313477 
v 69.62510681152344 45.56743621826172 28.992212295532227 
v 70.9066162109375 45.08920669555664 28.660749435424805 
v 71.36419677734375 43.842689514160156 28.4162654876709 
v 70.9681625366211 42.6566162109375 28.50497055053711 
v 69.71416473388672 42.07695388793945 28.75223731994629 
v 69.63741302490234 40.87431716918945 28.58200454711914 
v 69.61425018310547 39.15806579589844 28.459333419799805 
v 71.77326965332031 39.36954879760742 27.721698760986328 
v 69.56139373779297 37.356407165527344 28.33224868774414 
v 73.28791809082031 39.476932525634766 26.509723663330078 
v 74.40869140625 39.73153305053711 24.615341186523438 
v 74.7156753540039 40.792945861816406 22.295146942138672 
v 74.6910629272461 39.0963134765625 20.81199073791504 
v 74.40362548828125 38.1219596862793 19.379871368408203 
v 71.43804931640625 38.747352600097656 16.522794723510742 
v 69.41658782958984 37.02473831176758 15.636900901794434 
v 67.22715759277344 38.743656158447266 16.584733963012695 
v 67.194580078125 36.86609649658203 16.247325897216797 
v 64.47589111328125 38.249027252197266 19.21587371826172 
v 64.07550811767578 39.14131546020508 20.812225341796875 
v 64.10157012939453 41.19740295410156 22.464488983154297 
v 64.55915069580078 40.011505126953125 25.058439254760742 
v 65.637939453125 39.552268981933594 26.659381866455078 
v 65.79866790771484 41.87907028198242 26.907672882080078 
v 65.92899322509766 43.76155471801758 27.10822868347168 
v 66.16284942626953 45.83210754394531 27.44096565246582 
v 66.3974380493164 47.902549743652344 27.77459144592285 
v 66.61029815673828 51.779014587402344 28.493608474731445 
v 66.72613525390625 54.96353530883789 29.506366729736328 
v 66.65953063964844 57.07158279418945 30.28969383239746 
v 67.15620422363281 58.25746536254883 28.28179931640625 
v 67.54428100585938 58.3736572265625 28.7251033782959 
v 67.71659851074219 56.90532684326172 31.123455047607422 
v 68.21544647216797 58.29316711425781 29.13734245300293 
v 69.28264617919922 56.95691680908203 31.657217025756836 
v 69.38690185546875 58.334800720214844 29.359636306762695 
v 69.30509185791016 55.04892349243164 30.975921630859375 
v 67.72745513916016 55.078033447265625 30.483964920043945 
v 67.71224975585938 51.69850540161133 29.394227981567383 
v 67.54573059082031 47.86346435546875 28.638816833496094 
v 67.23729705810547 45.947174072265625 28.283878326416016 
v 71.51985931396484 36.886695861816406 16.2137393951416 
v 69.35939025878906 51.75066375732422 29.85841941833496 
v 69.5729751586914 47.83401107788086 29.166004180908203 
v 69.58456420898438 46.92612838745117 29.060876846313477 
v 68.47319793701172 44.95677185058594 28.802366256713867 
v 69.62510681152344 45.56743621826172 28.992212295532227 
v 69.42093658447266 33.45802688598633 14.961359977722168 
v 66.82894897460938 43.59227752685547 27.86835479736328 
v 68.09091186523438 43.71797561645508 28.659242630004883 
v 68.5846939086914 42.581722259521484 28.677337646484375 
v 67.59712982177734 41.60018539428711 28.18128776550293 
v 69.71416473388672 42.07695388793945 28.75223731994629 
v 69.63741302490234 40.87431716918945 28.58200454711914 
v 67.30390167236328 39.22760009765625 27.873876571655273 
v 69.61425018310547 39.15806579589844 28.459333419799805 
v 69.56139373779297 37.356407165527344 28.33224868774414 
v 67.236572265625 37.32787322998047 27.71275520324707 
v 69.50853729248047 35.48164367675781 28.20049476623535 
v 65.49458312988281 37.560630798339844 26.447811126708984 
v 67.18082427978516 35.426578521728516 27.564098358154297 
v 69.46944427490234 31.935745239257812 27.977970123291016 
v 67.11566162109375 32.29902648925781 27.36795425415039 
v 69.49333953857422 29.882539749145508 27.86537742614746 
v 67.41829681396484 30.215700149536133 27.429744720458984 
v 69.49261474609375 28.138078689575195 27.77171516418457 
v 67.1084213256836 28.003196716308594 27.216629028320312 
v 69.64248657226562 24.01543617248535 27.54539680480957 
v 66.25045776367188 30.221981048583984 26.793827056884766 
v 67.18082427978516 22.892173767089844 27.069507598876953 
v 64.40203857421875 22.7248477935791 25.372589111328125 
v 64.65399932861328 27.2316951751709 25.571252822875977 
v 65.70020294189453 28.925762176513672 26.423709869384766 
v 68.57962799072266 21.909278869628906 27.365550994873047 
v 69.676513671875 22.534162521362305 27.474884033203125 
v 69.01910400390625 21.457101821899414 28.6824893951416 
v 69.80611419677734 21.879474639892578 28.74193572998047 
v 71.10717010498047 22.02794647216797 27.203208923339844 
v 70.84870147705078 21.540504455566406 28.540132522583008 
v 71.5589599609375 20.632314682006836 27.005090713500977 
v 71.17595672607422 20.551237106323242 28.398542404174805 
v 71.14337158203125 19.601621627807617 27.095247268676758 
v 70.87476348876953 19.8002986907959 28.4451961517334 
v 69.60049438476562 19.04378890991211 27.29913330078125 
v 70.79222106933594 20.484159469604492 29.51791000366211 
v 70.58153533935547 21.08855628967285 29.59482192993164 
v 69.9371566772461 21.292741775512695 29.729028701782227 
v 69.43396759033203 21.053850173950195 29.708030700683594 
v 70.1094741821289 20.36737060546875 30.86979103088379 
v 70.6104965209961 20.0133113861084 29.550949096679688 
v 69.75977325439453 19.40199089050293 28.6501522064209 
v 69.91036987304688 19.75135612487793 29.680801391601562 
v 69.43396759033203 20.001779556274414 29.64265251159668 
v 69.25006866455078 20.49411964416504 29.666582107543945 
v 68.7526626586914 20.582130432128906 28.608633041381836 
v 69.0328598022461 19.808917999267578 28.571992874145508 
v 68.61075592041016 19.59535026550293 27.275341033935547 
v 68.1727294921875 20.69331932067871 27.23615264892578 
v 66.99620056152344 20.724895477294922 26.919960021972656 
v 64.31443786621094 20.983076095581055 25.290117263793945 
v 67.10263061523438 18.956480026245117 26.886594772338867 
v 69.55270385742188 17.785289764404297 27.21503257751465 
v 69.4658203125 15.023127555847168 27.07569122314453 
v 66.41119384765625 15.056723594665527 26.450443267822266 
v 69.4433822631836 14.377532005310059 27.0985107421875 
v 66.26348876953125 14.472023010253906 26.640098571777344 
v 63.728702545166016 14.691248893737793 24.896827697753906 
v 63.9669075012207 15.283899307250977 24.643959045410156 
v 62.01422882080078 15.016057014465332 22.31397247314453 
v 62.53479766845703 21.35042381286621 22.727083206176758 
v 64.15080261230469 19.317317962646484 25.124052047729492 
v 62.27198028564453 19.472196578979492 22.232223510742188 
v 62.363929748535156 15.587657928466797 22.228487014770508 
v 61.63918685913086 15.966208457946777 19.218271255493164 
v 61.301795959472656 15.49167251586914 18.955102920532227 
v 62.01422882080078 15.805628776550293 16.03534698486328 
v 62.2524299621582 16.234601974487305 16.302734375 
v 63.9669075012207 16.627132415771484 13.962637901306152 
v 63.728702545166016 16.11185073852539 13.600286483764648 
v 66.41119384765625 16.833818435668945 12.319084167480469 
v 66.26348876953125 16.313385009765625 11.997688293457031 
v 69.37097930908203 16.38840103149414 11.401165008544922 
v 69.37097930908203 16.909730911254883 11.715437889099121 
v 72.33076477050781 16.833818435668945 12.319084167480469 
v 72.47773742675781 16.313385009765625 11.997688293457031 
v 75.01252746582031 16.11185073852539 13.600286483764648 
v 74.77432250976562 16.627132415771484 13.962637901306152 
v 76.72700500488281 15.805628776550293 16.03534698486328 
v 76.37730407714844 16.343080520629883 16.221412658691406 
v 77.10204315185547 15.966208457946777 19.218271255493164 
v 77.59003448486328 15.41341781616211 19.15418243408203 
v 76.72700500488281 15.016057014465332 22.31397247314453 
v 76.37730407714844 15.587657928466797 22.228487014770508 
v 74.77432250976562 15.283899307250977 24.643959045410156 
v 75.01252746582031 14.691248893737793 24.896827697753906 
v 72.33076477050781 15.056723594665527 26.450443267822266 
v 72.47773742675781 14.472023010253906 26.640098571777344 
v 69.4433822631836 14.377532005310059 27.0985107421875 
v 69.4658203125 15.023127555847168 27.07569122314453 
v 72.2301254272461 18.526050567626953 26.663341522216797 
v 69.55270385742188 17.785289764404297 27.21503257751465 
v 71.14337158203125 19.601621627807617 27.095247268676758 
v 69.60049438476562 19.04378890991211 27.29913330078125 
v 62.23794937133789 21.512876510620117 21.79335594177246 
v 62.509456634521484 23.429277420043945 22.310199737548828 
v 71.5589599609375 20.632314682006836 27.005090713500977 
v 72.56462097167969 20.787368774414062 26.585948944091797 
v 71.10717010498047 22.02794647216797 27.203208923339844 
v 72.1707534790039 23.198688507080078 26.845773696899414 
v 69.676513671875 22.534162521362305 27.474884033203125 
v 69.64248657226562 24.01543617248535 27.54539680480957 
v 71.63570404052734 28.225072860717773 27.242721557617188 
v 69.49261474609375 28.138078689575195 27.77171516418457 
v 71.45325469970703 30.126590728759766 27.389596939086914 
v 69.49333953857422 29.882539749145508 27.86537742614746 
v 71.69073486328125 32.18629455566406 27.352872848510742 
v 69.46944427490234 31.935745239257812 27.977970123291016 
v 71.79426574707031 35.36220932006836 27.457422256469727 
v 69.50853729248047 35.48164367675781 28.20049476623535 
v 71.75733947753906 37.5735969543457 27.61432647705078 
v 73.38638305664062 37.52794647216797 26.349641799926758 
v 74.33991241455078 37.44199752807617 24.982215881347656 
v 74.6946792602539 38.981624603271484 23.70977783203125 
v 74.7982177734375 39.831329345703125 22.194116592407227 
v 75.77491760253906 39.51519012451172 22.20138931274414 
v 75.68730926513672 38.84841537475586 23.434364318847656 
v 75.73871612548828 37.75715637207031 23.582927703857422 
v 74.70264434814453 37.633113861083984 23.88568115234375 
v 74.89161682128906 35.64897537231445 23.809812545776367 
v 73.52828979492188 35.68061065673828 26.16254997253418 
v 73.72232818603516 33.15902328491211 25.933176040649414 
v 72.71231842041016 31.166250228881836 26.739831924438477 
v 72.54362487792969 30.24571418762207 26.800430297851562 
v 72.94038391113281 29.11920166015625 26.545713424682617 
v 73.9967269897461 27.129934310913086 25.69683074951172 
v 74.50137329101562 22.906652450561523 25.261598587036133 
v 74.64472198486328 21.07308578491211 25.127788543701172 
v 74.76201629638672 19.18958854675293 25.000362396240234 
v 76.57785034179688 19.387569427490234 22.058786392211914 
v 76.27159118652344 21.236351013183594 22.690126419067383 
v 76.30779266357422 23.269977569580078 22.242233276367188 
v 76.56192779541016 21.428022384643555 21.784494400024414 
v 75.50992584228516 28.55986976623535 23.441068649291992 
v 75.9110336303711 29.272573471069336 20.768619537353516 
v 76.48445892333984 24.349515914916992 20.26618766784668 
v 76.62129211425781 22.705005645751953 21.20075035095215 
v 76.72338104248047 23.130088806152344 20.1318302154541 
v 73.99383544921875 28.566314697265625 25.79878044128418 
v 74.51729583740234 28.74810218811035 26.371522903442383 
v 73.52104949951172 29.258342742919922 27.00185203552246 
v 75.12547302246094 29.07352066040039 27.03920555114746 
v 74.36742401123047 29.50058364868164 27.582197189331055 
v 73.30094909667969 30.267868041992188 27.275320053100586 
v 74.93578338623047 29.530757904052734 24.60776138305664 
v 75.33760833740234 29.577646255493164 25.34170913696289 
v 75.39625549316406 30.2973575592041 25.087635040283203 
v 75.77564239501953 30.25916290283203 26.074974060058594 
v 75.74378204345703 29.72002410888672 26.260408401489258 
v 76.35774993896484 30.067235946655273 28.512649536132812 
v 74.19221496582031 30.237747192382812 27.74273109436035 
v 73.46095275878906 31.072877883911133 27.189340591430664 
v 74.32470703125 30.846067428588867 27.658245086669922 
v 75.04800415039062 31.368194580078125 27.08719825744629 
v 75.62577056884766 31.0164737701416 26.368274688720703 
v 75.2275619506836 31.33374786376953 25.473012924194336 
v 75.00166320800781 30.343379974365234 24.396121978759766 
v 75.54322814941406 30.336803436279297 22.91838836669922 
v 75.72930145263672 30.807689666748047 20.931821823120117 
v 75.49689483642578 32.86570739746094 21.20148277282715 
v 75.34629821777344 31.07953453063965 18.9654483795166 
v 75.25724792480469 29.387819290161133 18.0291748046875 
v 76.26290893554688 23.653810501098633 18.180850982666016 
v 76.6155014038086 22.844642639160156 19.14630126953125 
v 77.80941009521484 22.77779197692871 20.133651733398438 
v 77.83474731445312 22.45492172241211 20.94319725036621 
v 77.86588287353516 21.46833038330078 21.39885711669922 
v 78.85343933105469 21.473711013793945 20.997974395751953 
v 78.81796264648438 22.140806198120117 20.673974990844727 
v 78.7926254272461 22.35418701171875 20.116558074951172 
v 77.79492950439453 22.56096649169922 19.383758544921875 
v 78.78248596191406 22.19803237915039 19.632957458496094 
v 77.83619689941406 21.817094802856445 18.820823669433594 
v 76.58654022216797 21.88158416748047 18.4382266998291 
v 80.41949462890625 21.403427124023438 20.09195899963379 
v 78.98159790039062 20.63456916809082 20.606653213500977 
v 78.04544067382812 20.258983612060547 20.826223373413086 
v 79.07354736328125 20.517601013183594 19.843994140625 
v 78.95842742919922 20.93550682067871 19.287878036499023 
v 78.83027648925781 21.70973014831543 19.218830108642578 
v 78.00634002685547 20.701658248901367 18.933786392211914 
v 76.76827239990234 20.44217300415039 18.588228225708008 
v 78.1721420288086 20.085824966430664 19.729101181030273 
v 76.91959381103516 19.680692672729492 19.630218505859375 
v 76.8196792602539 19.885190963745117 21.03154754638672 
v 76.99198913574219 18.68000602722168 19.514326095581055 
v 76.55685424804688 19.962055206298828 17.555606842041016 
v 76.22308349609375 22.01123809814453 17.374662399291992 
v 74.52888488769531 20.6298770904541 14.523886680603027 
v 74.46661376953125 22.29697608947754 14.874622344970703 
v 74.2805404663086 24.115427017211914 15.161184310913086 
v 73.90260314941406 28.759618759155273 16.025585174560547 
v 73.93736267089844 29.80832862854004 16.150230407714844 
v 74.83007049560547 30.159366607666016 17.395435333251953 
v 74.97126007080078 31.151647567749023 18.066486358642578 
v 75.27462005615234 30.444175720214844 16.66069221496582 
v 74.41448974609375 30.147871017456055 15.6312894821167 
v 73.59561920166016 30.845083236694336 15.198025703430176 
v 72.84915924072266 30.68902015686035 15.6251802444458 
v 71.48294067382812 29.788766860961914 14.71065902709961 
v 72.00857543945312 24.443010330200195 13.760746002197266 
v 72.5262451171875 22.621309280395508 13.597679138183594 
v 71.9376220703125 20.41004753112793 12.853828430175781 
v 71.08979797363281 21.32330894470215 12.753425598144531 
v 71.59153747558594 22.540157318115234 13.168730735778809 
v 71.12165069580078 23.7846622467041 13.299006462097168 
v 69.71126556396484 25.185558319091797 13.325043678283691 
v 69.7163314819336 24.34473419189453 13.142430305480957 
v 70.89358520507812 23.65863609313965 11.989848136901855 
v 71.22880554199219 22.728252410888672 11.868324279785156 
v 70.83349609375 21.801902770996094 11.584514617919922 
v 70.6039810180664 22.258325576782227 10.657007217407227 
v 70.87403869628906 22.88163948059082 10.843921661376953 
v 70.63873291015625 23.501373291015625 10.929091453552246 
v 69.83145141601562 24.038026809692383 11.837682723999023 
v 69.92774963378906 23.742843627929688 10.83193588256836 
v 70.12830352783203 23.079927444458008 9.332260131835938 
v 69.78221893310547 22.121307373046875 10.476981163024902 
v 69.61641693115234 21.59088897705078 11.30926513671875 
v 69.31957244873047 22.444719314575195 10.607189178466797 
v 69.17621612548828 22.887798309326172 10.729835510253906 
v 69.34563446044922 23.43756675720215 10.817964553833008 
v 68.71791076660156 22.737659454345703 11.695859909057617 
v 68.96769714355469 23.565053939819336 11.82252025604248 
v 68.93294525146484 22.081209182739258 11.51201343536377 
v 69.41948699951172 20.9609432220459 12.4772310256958 
v 69.35287475585938 20.030784606933594 12.288809776306152 
v 68.46957397460938 21.64034080505371 12.706470489501953 
v 68.18937683105469 22.54676628112793 12.953407287597656 
v 68.53401184082031 23.683578491210938 13.09365463256836 
v 67.24163818359375 24.246660232543945 13.531657218933105 
v 66.88253021240234 22.241147994995117 13.235136032104492 
v 67.18878936767578 20.81171226501465 12.817516326904297 
v 64.29778289794922 20.642526626586914 14.488396644592285 
v 62.288631439208984 20.195241928100586 17.459217071533203 
v 61.79412841796875 18.67664909362793 19.50847816467285 
v 62.027984619140625 20.16192054748535 21.174877166748047 
v 61.81729507446289 19.80864715576172 19.654449462890625 
v 62.02146911621094 20.49053382873535 18.659427642822266 
v 60.784122467041016 20.178403854370117 19.774206161499023 
v 60.93326950073242 20.463956832885742 20.954198837280273 
v 61.059974670410156 21.52094268798828 21.43622398376465 
v 59.939918518066406 21.532482147216797 20.986371994018555 
v 59.863895416259766 20.851520538330078 20.671920776367188 
v 59.76036071777344 20.664810180664062 19.91044044494629 
v 60.923858642578125 20.700984954833984 18.97168731689453 
v 62.23939895629883 21.870500564575195 18.396135330200195 
v 62.5869255065918 22.006872177124023 17.311708450317383 
v 64.34774017333984 22.292274475097656 14.846899032592773 
v 64.45199584960938 23.990270614624023 15.179813385009766 
v 67.25250244140625 29.794029235839844 14.733930587768555 
v 64.96388244628906 28.724803924560547 15.944331169128418 
v 62.609371185302734 23.798002243041992 17.97830581665039 
v 69.4223861694336 29.767620086669922 14.22775650024414 
v 71.17884826660156 31.597814559936523 14.974332809448242 
v 72.54796600341797 31.555932998657227 15.698022842407227 
v 73.34439086914062 31.654565811157227 15.20666790008545 
v 74.24578857421875 31.757902145385742 14.743038177490234 
v 74.43621063232422 31.144662857055664 14.73646354675293 
v 76.36064910888672 31.904903411865234 13.997295379638672 
v 75.05596923828125 30.631603240966797 15.072598457336426 
v 74.32325744628906 32.36610412597656 14.952470779418945 
v 73.44430541992188 32.4688606262207 15.47005558013916 
v 72.70870208740234 32.50926208496094 15.962615013122559 
v 71.42718505859375 33.62190628051758 15.513763427734375 
v 69.42817687988281 31.472888946533203 14.567916870117188 
v 67.73686981201172 31.5321044921875 14.910900115966797 
v 74.89958190917969 32.82551956176758 15.531187057495117 
v 75.61780548095703 32.37302017211914 16.199621200561523 
v 74.21611022949219 33.11757278442383 16.23627471923828 
v 67.46029663085938 33.675418853759766 15.478889465332031 
v 73.44068145751953 34.32568359375 17.014055252075195 
v 73.64920043945312 33.2554817199707 16.767324447631836 
v 75.1891860961914 32.49177551269531 17.143388748168945 
v 75.83428955078125 31.501066207885742 16.2645206451416 
v 75.69817352294922 30.850444793701172 15.839024543762207 
v 75.4585189819336 31.31465721130371 17.225984573364258 
v 74.65847778320312 32.5179557800293 18.009489059448242 
v 75.00238800048828 33.233158111572266 18.963144302368164 
v 74.82355499267578 36.32509994506836 19.800561904907227 
v 74.70915985107422 38.11253356933594 20.496540069580078 
v 75.6902084350586 38.931522369384766 21.08068084716797 
v 76.81315612792969 39.07591247558594 22.211265563964844 
v 76.76319885253906 38.63774108886719 23.058767318725586 
v 76.80809020996094 37.8824348449707 23.17270278930664 
v 78.4914321899414 38.065372467041016 22.206281661987305 
v 76.93407440185547 37.32091522216797 22.81991195678711 
v 75.91827392578125 36.95249557495117 23.080177307128906 
v 74.92926788330078 36.648895263671875 23.280763626098633 
v 75.2521743774414 35.14514923095703 21.663591384887695 
v 75.12474822998047 36.31924057006836 21.832944869995117 
v 76.1043472290039 36.70265579223633 21.909198760986328 
v 75.90379333496094 37.337745666503906 21.02586555480957 
v 76.92321014404297 37.59454345703125 21.392791748046875 
v 76.79723358154297 38.15360641479492 21.24422836303711 
v 76.76392364501953 38.694190979003906 21.437923431396484 
v 75.72713470458984 38.137718200683594 20.817155838012695 
v 74.89740753173828 37.11262512207031 20.732561111450195 
v 77.06366729736328 37.16476821899414 22.010723114013672 
v 75.12764739990234 32.4020881652832 23.74879264831543 
v 73.8917465209961 32.103370666503906 25.896289825439453 
v 74.43476104736328 31.82741355895996 26.46302032470703 
v 74.78663635253906 31.499332427978516 24.70970916748047 
v 72.47773742675781 14.472023010253906 26.640098571777344 
v 74.29574584960938 14.477161407470703 27.21776008605957 
v 75.01252746582031 14.691248893737793 24.896827697753906 
v 75.89945220947266 14.63323974609375 25.97663688659668 
v 77.15489959716797 14.843060493469238 24.30815315246582 
v 76.72700500488281 15.016057014465332 22.31397247314453 
v 77.99620819091797 15.046834945678711 22.687747955322266 
v 78.51677703857422 15.266956329345703 20.937353134155273 
v 77.59003448486328 15.41341781616211 19.15418243408203 
v 78.7187728881836 15.485734939575195 19.197643280029297 
v 78.51677703857422 15.706080436706543 17.44546890258789 
v 78.84403228759766 14.802864074707031 19.126239776611328 
v 78.66374969482422 14.600096702575684 20.738632202148438 
v 78.13811492919922 14.382102966308594 22.472110748291016 
v 77.31272888183594 14.159741401672363 24.240310668945312 
v 76.00804901123047 13.9542875289917 25.87407112121582 
v 76.72700500488281 15.805628776550293 16.03534698486328 
v 77.12376403808594 13.604599952697754 24.194917678833008 
v 77.98968505859375 13.835357666015625 22.359941482543945 
v 78.51170349121094 14.048761367797852 20.662967681884766 
v 78.66374969482422 14.248281478881836 19.07639503479004 
v 78.66374969482422 15.004511833190918 17.522750854492188 
v 77.99620819091797 15.918028831481934 15.760068893432617 
v 77.15489959716797 16.113405227661133 14.206438064575195 
v 75.01252746582031 16.11185073852539 13.600286483764648 
v 78.13811492919922 15.21881103515625 15.818653106689453 
v 78.51170349121094 14.445898056030273 17.50495719909668 
v 77.9238052368164 14.12144660949707 19.108379364013672 
v 77.77393341064453 13.917448043823242 20.73056411743164 
v 77.32648468017578 13.721959114074707 22.285085678100586 
v 76.50617980957031 13.533186912536621 23.78618621826172 
v 75.88858795166016 13.420418739318848 25.659515380859375 
v 74.26244354248047 13.778840065002441 27.269222259521484 
v 71.88838958740234 14.356800079345703 28.174869537353516 
v 69.37097930908203 14.311790466308594 28.53278160095215 
v 69.4433822631836 14.377532005310059 27.0985107421875 
v 71.90866088867188 13.657022476196289 28.237905502319336 
v 74.13211822509766 13.240604400634766 27.08938980102539 
v 75.34992218017578 13.361433982849121 25.15195655822754 
v 69.37097930908203 13.608766555786133 28.62163734436035 
v 71.96223449707031 13.134126663208008 27.93609619140625 
v 69.37097930908203 13.095274925231934 28.245040893554688 
v 71.69435119628906 13.113545417785645 27.123153686523438 
v 69.36518859863281 13.07939624786377 27.394704818725586 
v 71.62773895263672 12.925141334533691 27.058761596679688 
v 69.37025451660156 12.885618209838867 27.340490341186523 
v 73.67164611816406 13.20602798461914 26.387739181518555 
v 74.50281524658203 13.108536720275879 25.66551399230957 
v 73.67598724365234 13.017511367797852 26.324237823486328 
v 73.31253051757812 10.95880126953125 27.1018009185791 
v 71.30989837646484 10.619257926940918 27.62074089050293 
v 69.3717041015625 10.609286308288574 28.025569915771484 
v 69.37459564208984 9.372276306152344 28.161230087280273 
v 71.04200744628906 9.23122787475586 27.948139190673828 
v 69.37604522705078 7.5801286697387695 28.05614471435547 
v 70.82769775390625 7.516210079193115 27.880788803100586 
v 69.32463836669922 5.859857082366943 27.607376098632812 
v 72.56968688964844 9.19417953491211 27.624221801757812 
v 73.8178939819336 8.918578147888184 27.081283569335938 
v 72.08242797851562 7.33564567565918 27.62384033203125 
v 74.18062591552734 10.330116271972656 26.794828414916992 
v 74.80400848388672 12.109410285949707 25.89530372619629 
v 76.58871459960938 11.392420768737793 24.532629013061523 
v 75.35063934326172 13.174596786499023 25.075101852416992 
v 76.46997833251953 13.339072227478027 23.734643936157227 
v 74.98211669921875 11.43313980102539 26.03183937072754 
v 76.04280090332031 10.843308448791504 25.285686492919922 
v 76.44029235839844 9.86355972290039 25.0033016204834 
v 77.11941528320312 10.07616138458252 24.224205017089844 
v 77.58206939697266 8.644043922424316 23.60004234313965 
v 77.71528625488281 10.2173433303833 23.32940673828125 
v 77.3453140258789 11.497447967529297 23.469585418701172 
v 77.96289825439453 11.727967262268066 22.385242462158203 
v 77.28739166259766 13.518439292907715 22.275772094726562 
v 77.7514877319336 13.708220481872559 20.734098434448242 
v 76.96810150146484 8.611898422241211 24.441625595092773 
v 78.3234634399414 12.123730659484863 20.703062057495117 
v 78.73542785644531 10.916497230529785 20.927480697631836 
v 78.3024673461914 10.365468978881836 22.31429100036621 
v 78.02588653564453 8.67663288116455 22.95025062561035 
v 77.6711196899414 7.563769340515137 23.172971725463867 
v 77.30838775634766 7.558606147766113 23.865100860595703 
v 77.6711196899414 6.453492164611816 22.821714401245117 
v 77.26277160644531 6.473181247711182 23.511545181274414 
v 77.04339599609375 4.977365016937256 22.93815803527832 
v 76.57423400878906 5.1034016609191895 23.693817138671875 
v 75.95881652832031 3.1572322845458984 22.76262664794922 
v 75.68224334716797 3.6517937183380127 23.647836685180664 
v 74.45069122314453 2.381542444229126 23.42930793762207 
v 74.65558624267578 2.9305167198181152 23.9794921875 
v 73.98369598388672 3.4429869651794434 24.98271942138672 
v 73.020751953125 2.7030222415924072 24.942119598388672 
v 72.263427734375 4.356215953826904 26.47769546508789 
v 73.5239486694336 4.626462936401367 26.054048538208008 
v 71.9564437866211 5.882365703582764 27.265625 
v 72.94183349609375 5.900843143463135 26.923368453979492 
v 73.146728515625 7.151278972625732 27.20180892944336 
v 78.75569915771484 12.070481300354004 18.88030433654785 
v 70.82914733886719 5.869822978973389 27.46302032470703 
v 69.32681274414062 4.231722831726074 26.91424560546875 
v 70.89358520507812 4.260272026062012 26.752328872680664 
v 69.32391357421875 2.8166275024414062 25.959400177001953 
v 71.12310028076172 2.7752132415771484 25.67020606994629 
v 71.31062316894531 1.7856276035308838 24.65220069885254 
v 73.42041015625 1.7930359840393066 23.649234771728516 
v 75.19932556152344 2.2776756286621094 22.46480369567871 
v 76.59088897705078 3.6735353469848633 22.433231353759766 
v 69.31523132324219 1.844502329826355 25.095531463623047 
v 77.02167510986328 3.875382900238037 22.032634735107422 
v 76.89859008789062 3.428389310836792 21.615562438964844 
v 76.35702514648438 3.010711431503296 21.909427642822266 
v 77.44160461425781 4.45750617980957 21.92857551574707 
v 77.37934112548828 4.954649925231934 22.435161590576172 
v 77.95421600341797 6.512945175170898 22.348947525024414 
v 78.00996398925781 7.55997371673584 22.649742126464844 
v 78.4878158569336 8.621460914611816 22.08683204650879 
v 78.82231140136719 8.595504760742188 21.284067153930664 
v 78.46971130371094 7.573536396026611 21.793161392211914 
v 78.82231140136719 7.633564472198486 20.56709098815918 
v 78.82158660888672 6.566955089569092 19.77092933654785 
v 78.42989349365234 6.73114538192749 21.52533531188965 
v 78.52401733398438 5.440560340881348 19.287410736083984 
v 78.2474365234375 5.5766520500183105 21.03738021850586 
v 77.8079605102539 4.690927028656006 21.309465408325195 
v 77.82389068603516 4.436820030212402 20.725818634033203 
v 78.0881576538086 4.5906524658203125 19.828088760375977 
v 77.58351135253906 3.9273569583892822 20.479963302612305 
v 78.23006439208984 4.701946258544922 18.877981185913086 
v 78.18010711669922 4.626960754394531 17.94424057006836 
v 78.57324981689453 5.497453689575195 18.0537109375 
v 78.82882690429688 6.279284954071045 18.152029037475586 
v 78.93091583251953 6.828369140625 18.798999786376953 
v 78.91643524169922 7.107882976531982 19.603805541992188 
v 78.92801666259766 7.732079982757568 20.40221405029297 
v 78.92367553710938 8.610401153564453 20.937742233276367 
v 78.92729187011719 9.653295516967773 20.848215103149414 
v 78.90339660644531 10.713547706604004 20.42533302307129 
v 78.9186019897461 11.157430648803711 19.695219039916992 
v 78.86864471435547 10.968242645263672 19.571943283081055 
v 78.87733459472656 10.560633659362793 20.241500854492188 
v 78.93235778808594 9.595535278320312 20.623891830444336 
v 78.87588500976562 8.639287948608398 20.708036422729492 
v 78.97290802001953 7.849291801452637 20.218887329101562 
v 79.01200103759766 7.330770015716553 19.5567684173584 
v 78.97579956054688 7.028641700744629 18.76901626586914 
v 78.94539642333984 6.73065185546875 18.208791732788086 
v 78.8346176147461 6.912004470825195 18.231597900390625 
v 78.98159790039062 7.199829578399658 17.668167114257812 
v 78.92874145507812 7.023292541503906 17.57451820373535 
v 79.0134506225586 7.613595485687256 17.079875946044922 
v 78.91716003417969 7.444447040557861 16.960023880004883 
v 78.98303985595703 8.218228340148926 16.56894874572754 
v 78.92874145507812 8.141549110412598 16.364856719970703 
v 78.87588500976562 9.198549270629883 16.26082420349121 
v 78.92367553710938 9.227436065673828 16.031118392944336 
v 78.93235778808594 10.104188919067383 16.579111099243164 
v 78.92729187011719 10.215691566467285 16.376073837280273 
v 78.87733459472656 10.944558143615723 17.188549041748047 
v 78.90339660644531 11.138227462768555 17.048301696777344 
v 78.867919921875 11.200115203857422 18.021093368530273 
v 78.92005157470703 11.417068481445312 17.956125259399414 
v 78.82665252685547 11.300739288330078 18.783504486083984 
v 78.73542785644531 11.459187507629395 16.61203956604004 
v 78.82231140136719 9.298751831054688 15.691887855529785 
v 78.82231140136719 8.189242362976074 16.14836883544922 
v 78.82158660888672 6.9587178230285645 16.655654907226562 
v 78.52401733398438 5.747677803039551 16.84522819519043 
v 78.23006439208984 4.930688858032227 17.059030532836914 
v 77.72831726074219 3.8410990238189697 17.845415115356445 
v 77.73990631103516 3.822499990463257 18.644386291503906 
v 77.75221252441406 3.9343152046203613 19.610794067382812 
v 77.28739166259766 3.5147197246551514 20.63608741760254 
v 77.18313598632812 3.1259498596191406 19.62580680847168 
v 77.164306640625 3.0322704315185547 18.64539909362793 
v 77.20557403564453 3.119718313217163 17.754697799682617 
v 77.73990631103516 4.020788669586182 17.06760597229004 
v 76.44680786132812 2.4839205741882324 20.466665267944336 
v 76.50762176513672 2.3181629180908203 18.724721908569336 
v 76.5966796875 2.4426681995391846 17.669553756713867 
v 77.164306640625 3.2554149627685547 16.8709659576416 
v 77.01154327392578 3.26910138130188 21.026655197143555 
v 75.09941101074219 1.2553231716156006 19.754138946533203 
v 74.51802062988281 0.921297013759613 18.6666316986084 
v 74.60997009277344 1.0845381021499634 17.498762130737305 
v 76.50762176513672 2.5831820964813232 16.6173038482666 
v 77.18313598632812 3.5889217853546143 15.944280624389648 
v 77.75221252441406 4.3684000968933105 16.158973693847656 
v 77.33662414550781 4.1871795654296875 15.125955581665039 
v 76.44680786132812 3.1750752925872803 14.970641136169434 
v 77.06511688232422 4.081063270568848 14.66763973236084 
v 76.94203186035156 4.371463298797607 14.116291046142578 
v 76.35702514648438 4.042685031890869 13.703230857849121 
v 75.19932556152344 3.469982147216797 12.983651161193848 
v 76.59088897705078 4.8145623207092285 13.35984992980957 
v 77.05642700195312 4.877242088317871 13.870585441589355 
v 77.48939514160156 5.44279146194458 14.061088562011719 
v 77.37934112548828 6.056265354156494 13.675177574157715 
v 78.2474365234375 6.312816619873047 15.183442115783691 
v 77.86443328857422 5.50815486907959 14.745809555053711 
v 77.87312316894531 5.098421096801758 15.236930847167969 
v 78.0881576538086 5.058103084564209 16.110950469970703 
v 77.62333679199219 4.5674567222595215 15.357373237609863 
v 74.51802062988281 1.2154269218444824 16.327728271484375 
v 75.09941101074219 1.8083142042160034 15.356785774230957 
v 78.42989349365234 7.552178382873535 14.996525764465332 
v 78.46971130371094 8.434652328491211 14.945611953735352 
v 77.95421600341797 7.544694900512695 14.144532203674316 
v 77.32359313964844 7.902945518493652 13.053641319274902 
v 78.00996398925781 8.633598327636719 14.112342834472656 
v 77.30838775634766 8.93319034576416 12.934487342834473 
v 78.4878158569336 9.522660255432129 14.920544624328613 
v 78.02588653564453 9.78989315032959 14.097671508789062 
v 78.3024673461914 11.268684387207031 15.131977081298828 
v 76.57423400878906 6.512022495269775 12.492541313171387 
v 76.98837280273438 10.110200881958008 12.624870300292969 
v 76.48880004882812 11.467666625976562 12.410298347473145 
v 77.71528625488281 11.376508712768555 14.11179256439209 
v 77.96289825439453 12.60632610321045 15.400582313537598 
v 78.3234634399414 12.573266983032227 17.128376007080078 
v 77.7514877319336 14.116106033325195 17.490617752075195 
v 77.28739166259766 14.313944816589355 15.949957847595215 
v 76.46997833251953 14.501372337341309 14.49209976196289 
v 77.3453140258789 12.65146255493164 14.292926788330078 
v 76.58871459960938 12.812910079956055 13.236978530883789 
v 76.05076599121094 12.447198867797852 12.368877410888672 
v 74.80400848388672 13.844966888427734 12.094256401062012 
v 74.98211669921875 13.22355842590332 11.79452896118164 
v 74.18062591552734 12.343791961669922 10.782194137573242 
v 73.31253051757812 13.02890682220459 10.640439987182617 
v 73.81861877441406 11.047576904296875 10.151607513427734 
v 78.9229507446289 11.522393226623535 18.811378479003906 
v 74.50281524658203 14.756089210510254 12.564269065856934 
v 75.35063934326172 14.673909187316895 13.152655601501465 
v 75.34992218017578 14.881460189819336 13.064800262451172 
v 76.50617980957031 14.70970630645752 14.430570602416992 
v 77.32648468017578 14.52093505859375 15.931671142578125 
v 77.77393341064453 14.325557708740234 17.485301971435547 
v 77.90497589111328 13.912219047546387 19.111913681030273 
v 77.98968505859375 14.654376029968262 15.847158432006836 
v 77.12376403808594 14.85893440246582 14.22052001953125 
v 75.88858795166016 15.046026229858398 12.73277473449707 
v 74.13211822509766 15.22404956817627 11.317145347595215 
v 73.67164611816406 15.036866188049316 11.829018592834473 
v 73.67598724365234 14.830995559692383 11.903518676757812 
v 71.62773895263672 14.923365592956543 11.168993949890137 
v 71.69435119628906 15.129460334777832 11.092713356018066 
v 69.36518859863281 15.163497924804688 10.822052955627441 
v 69.37097930908203 15.371058464050293 10.148138046264648 
v 71.96223449707031 15.331311225891113 10.46420669555664 
v 69.37025451660156 14.954827308654785 10.886252403259277 
v 71.30989837646484 12.828422546386719 10.053586959838867 
v 69.3717041015625 12.918994903564453 9.658895492553711 
v 69.37459564208984 11.75408935546875 9.221181869506836 
v 71.04200744628906 11.56467342376709 9.392714500427246 
v 69.37604522705078 9.991724967956543 8.879267692565918 
v 70.82769775390625 9.88637924194336 9.033336639404297 
v 69.32463836669922 8.21390438079834 8.888131141662598 
v 70.82914733886719 8.187817573547363 9.030461311340332 
v 69.32681274414062 6.464848041534424 9.156560897827148 
v 72.56968688964844 11.448577880859375 9.697373390197754 
v 72.08242797851562 9.647817611694336 9.237579345703125 
v 71.9564437866211 8.151095390319824 9.224814414978027 
v 73.146728515625 9.36469841003418 9.600821495056152 
v 72.94183349609375 8.084256172180176 9.560990333557129 
v 73.5239486694336 6.6343159675598145 10.087712287902832 
v 72.263427734375 6.477376937866211 9.610342979431152 
v 73.98369598388672 5.222433567047119 10.832660675048828 
v 70.89358520507812 6.452418327331543 9.320505142211914 
v 69.32391357421875 4.85739803314209 9.731306076049805 
v 71.12310028076172 4.745670795440674 10.001240730285645 
v 72.96355438232422 4.644794940948486 10.608078002929688 
v 74.45069122314453 3.8094215393066406 12.074894905090332 
v 74.65558624267578 4.47752571105957 11.677764892578125 
v 75.68224334716797 5.0942277908325195 12.177680015563965 
v 76.13619995117188 4.693109035491943 12.958392143249512 
v 73.42041015625 3.293691635131836 11.716105461120605 
v 71.31062316894531 3.534843683242798 10.742532730102539 
v 69.31523132324219 3.7016520500183105 10.327583312988281 
v 69.4223861694336 1.5235828161239624 12.347270011901855 
v 71.23242950439453 1.6225402355194092 12.504420280456543 
v 72.8209228515625 1.6310338973999023 13.21816635131836 
v 70.87982940673828 0.2912236452102661 15.017680168151855 
v 72.10486602783203 0.47749754786491394 15.261781692504883 
v 74.51802062988281 1.2154269218444824 16.327728271484375 
v 69.42961883544922 0.2118566632270813 14.867515563964844 
v 67.58916473388672 1.5843663215637207 12.514994621276855 
v 69.31523132324219 3.7016520500183105 10.327583312988281 
v 67.41178131103516 3.5630548000335693 10.713521957397461 
v 69.32391357421875 4.85739803314209 9.731306076049805 
v 67.46897888183594 4.9206438064575195 9.944561004638672 
v 67.68256378173828 6.664445877075195 9.294713020324707 
v 69.32681274414062 6.464848041534424 9.156560897827148 
v 67.7499008178711 8.353721618652344 9.0458984375 
v 69.32463836669922 8.21390438079834 8.888131141662598 
v 67.74555969238281 10.143184661865234 9.042116165161133 
v 69.37604522705078 9.991724967956543 8.879267692565918 
v 67.68763732910156 11.785879135131836 9.39159107208252 
v 69.37459564208984 11.75408935546875 9.221181869506836 
v 67.5855484008789 12.860554695129395 9.863179206848145 
v 69.3717041015625 12.918994903564453 9.658895492553711 
v 69.37025451660156 14.954827308654785 10.886252403259277 
v 67.14968872070312 14.924036979675293 11.163652420043945 
v 69.36518859863281 15.163497924804688 10.822052955627441 
v 67.03529357910156 15.129460334777832 11.092713356018066 
v 69.37097930908203 15.371058464050293 10.148138046264648 
v 66.77899169921875 15.331311225891113 10.46420669555664 
v 69.37097930908203 15.963484764099121 9.897050857543945 
v 66.83257293701172 15.914332389831543 10.287906646728516 
v 69.37097930908203 16.624298095703125 10.143850326538086 
v 66.85284423828125 16.57850456237793 10.507996559143066 
v 66.26348876953125 16.313385009765625 11.997688293457031 
v 64.44548034667969 16.457584381103516 11.469555854797363 
v 63.728702545166016 16.11185073852539 13.600286483764648 
v 69.37097930908203 16.38840103149414 11.401165008544922 
v 64.47879028320312 15.79184341430664 11.261930465698242 
v 64.60983276367188 15.22404956817627 11.317145347595215 
v 65.05799865722656 15.036866188049316 11.829018592834473 
v 65.13909149169922 14.841292381286621 11.919283866882324 
v 65.26651763916016 13.06651782989502 10.764551162719727 
v 65.7769546508789 11.558281898498535 9.899286270141602 
v 66.04845428466797 10.359903335571289 9.532428741455078 
v 66.51762390136719 8.466110229492188 9.2915620803833 
v 66.2186050415039 6.616189002990723 9.678446769714355 
v 65.69947814941406 8.539205551147461 9.621819496154785 
v 65.0261459350586 10.456391334533691 10.002196311950684 
v 64.77201080322266 11.181238174438477 10.293224334716797 
v 64.49761199951172 12.409390449523926 10.911635398864746 
v 64.02482604980469 13.789105415344238 12.082709312438965 
v 63.82282638549805 13.203968048095703 11.787544250488281 
v 62.87580871582031 12.384958267211914 12.245285034179688 
v 62.464569091796875 12.800601959228516 12.944210052490234 
v 62.12138366699219 10.780987739562988 12.401723861694336 
v 61.57764434814453 10.99781322479248 13.151617050170898 
v 61.49148941040039 8.93957233428955 12.91629695892334 
v 61.13599395751953 9.043783187866211 13.454865455627441 
v 61.286590576171875 7.473847389221191 13.43832015991211 
v 61.76371765136719 7.4134087562561035 12.812101364135742 
v 62.324832916259766 6.279958724975586 12.44979190826416 
v 61.8107795715332 6.214233875274658 13.070093154907227 
v 62.69552993774414 4.840768337249756 12.825923919677734 
v 62.9887580871582 5.166991710662842 12.250139236450195 
v 64.1428451538086 4.385392189025879 11.726775169372559 
v 64.31008911132812 3.8952853679656982 12.010626792907715 
v 65.57929229736328 4.758978843688965 10.676702499389648 
v 65.27738189697266 3.4037349224090576 11.719995498657227 
v 65.85803985595703 1.634166955947876 13.290913581848145 
v 67.98375701904297 0.2498021423816681 15.08663272857666 
v 66.64287567138672 0.4445827007293701 15.393303871154785 
v 64.85237884521484 5.0994038581848145 10.866931915283203 
v 65.30489349365234 6.790370464324951 10.051262855529785 
v 68.04747009277344 -0.3582232594490051 17.31732749938965 
v 66.962890625 -0.08417917788028717 17.351789474487305 
v 64.20655822753906 1.2870721817016602 16.34397315979004 
v 63.366695404052734 2.090754985809326 15.357032775878906 
v 63.50932693481445 3.555732250213623 13.017949104309082 
v 62.15396499633789 4.95975923538208 13.246969223022461 
v 64.11026000976562 1.1490191221237183 17.50687026977539 
v 62.4732551574707 3.860769510269165 13.847670555114746 
v 62.26618576049805 3.17574405670166 15.128092765808105 
v 64.20655822753906 1.2870721817016602 16.34397315979004 
v 61.85784149169922 4.254365921020508 14.2010498046875 
v 61.7362060546875 4.9042229652404785 13.786251068115234 
v 61.304691314697266 5.517236709594727 14.022517204284668 
v 61.370574951171875 6.242320537567139 13.660589218139648 
v 60.889102935791016 7.433535099029541 14.019309997558594 
v 60.69289779663086 9.08810043334961 14.144174575805664 
v 60.986846923828125 11.198848724365234 14.157281875610352 
v 61.42994689941406 12.551270484924316 14.275805473327637 
v 63.4390983581543 14.682416915893555 13.117548942565918 
v 64.24348449707031 14.755193710327148 12.538832664489746 
v 63.37972640991211 14.881460189819336 13.064800262451172 
v 61.64570236206055 4.047475337982178 14.869622230529785 
v 62.306732177734375 14.507752418518066 14.506468772888184 
v 60.79208755493164 12.500648498535156 15.42708683013916 
v 60.49451446533203 11.294543266296387 15.121663093566895 
v 60.29396057128906 9.099950790405273 14.89632797241211 
v 60.37722396850586 7.3804521560668945 15.027386665344238 
v 60.51768493652344 6.475028038024902 15.130583763122559 
v 60.889827728271484 5.506026268005371 14.82784366607666 
v 60.92820358276367 5.045804977416992 15.2972412109375 
v 60.67696762084961 5.0250749588012695 16.275922775268555 
v 61.13671875 4.588614463806152 15.384452819824219 
v 61.08024597167969 4.213350772857666 16.350204467773438 
v 61.36985397338867 4.242815017700195 15.236959457397461 
v 61.557373046875 3.6118686199188232 16.054792404174805 
v 62.23577880859375 2.658968687057495 16.665725708007812 
v 64.11026000976562 1.1490191221237183 17.50687026977539 
v 62.18075180053711 2.4910290241241455 17.675636291503906 
v 62.23577880859375 2.403578519821167 18.69657325744629 
v 61.583438873291016 3.0814149379730225 18.645248413085938 
v 61.557373046875 3.175544261932373 19.524417877197266 
v 62.26618576049805 2.523552894592285 20.314281463623047 
v 64.20655822753906 0.9947337508201599 18.66863250732422 
v 63.366695404052734 1.5290307998657227 19.82383155822754 
v 61.583438873291016 3.302992105484009 16.88327980041504 
v 61.571128845214844 3.168079137802124 17.760778427124023 
v 61.089656829833984 4.044406414031982 17.205333709716797 
v 60.624114990234375 4.9355010986328125 17.118423461914062 
v 61.04621505737305 3.8894598484039307 17.85149574279785 
v 61.089656829833984 3.879483461380005 18.516794204711914 
v 61.08024597167969 3.8314406871795654 19.387128829956055 
v 61.380714416503906 3.5781960487365723 20.489416122436523 
v 61.671043395996094 3.280075788497925 20.841726303100586 
v 61.85349655151367 3.343648910522461 21.475574493408203 
v 62.4732551574707 2.870222330093384 21.724443435668945 
v 62.15396499633789 3.7862625122070312 22.57854652404785 
v 61.71738052368164 3.8907198905944824 22.008337020874023 
v 61.229393005371094 4.543258190155029 21.865198135375977 
v 61.370574951171875 5.13129997253418 22.495361328125 
v 60.51768493652344 5.720725059509277 21.128755569458008 
v 60.91444396972656 4.71600341796875 21.272825241088867 
v 60.93471908569336 4.362266540527344 20.602487564086914 
v 60.67696762084961 4.599499225616455 19.660076141357422 
v 61.12223815917969 3.958143949508667 20.397916793823242 
v 60.5994987487793 4.6833815574646 17.951335906982422 
v 60.624114990234375 4.721313953399658 18.821630477905273 
v 60.25703811645508 5.450187683105469 19.275959014892578 
v 60.37722396850586 6.572406768798828 21.452917098999023 
v 60.889102935791016 6.374242305755615 22.4427490234375 
v 61.8107795715332 4.957883834838867 23.060516357421875 
v 61.286590576171875 6.269449234008789 23.015628814697266 
v 62.761417388916016 3.4653050899505615 22.949691772460938 
v 63.50932693481445 2.369248151779175 22.452804565429688 
v 65.85803985595703 0.575097918510437 21.712570190429688 
v 64.20655822753906 0.9947337508201599 18.66863250732422 
v 66.64287567138672 -0.056904785335063934 19.381103515625 
v 67.98375701904297 -0.32155099511146545 19.630001068115234 
v 69.42961883544922 -0.41256746649742126 19.832901000976562 
v 69.38545989990234 -0.4468845725059509 17.306177139282227 
v 70.73574829101562 -0.3582232594490051 17.31732749938965 
v 71.81019592285156 -0.14463010430335999 17.344188690185547 
v 74.60997009277344 1.0845381021499634 17.498762130737305 
v 74.51802062988281 0.921297013759613 18.6666316986084 
v 72.10486602783203 -0.0575791634619236 19.516681671142578 
v 67.58916473388672 0.3347342908382416 22.451997756958008 
v 69.4223861694336 0.234315425157547 22.599451065063477 
v 71.23242950439453 0.36910146474838257 22.471694946289062 
v 72.8209228515625 0.5540505647659302 21.782276153564453 
v 70.87982940673828 -0.29849162697792053 19.707061767578125 
v 67.41178131103516 1.8057771921157837 24.687294006347656 
v 69.31523132324219 1.844502329826355 25.095531463623047 
v 69.32391357421875 2.8166275024414062 25.959400177001953 
v 67.46897888183594 2.9307045936584473 25.768444061279297 
v 67.68256378173828 4.459311485290527 26.829816818237305 
v 69.32681274414062 4.231722831726074 26.91424560546875 
v 67.7499008178711 6.034383773803711 27.489139556884766 
v 69.32463836669922 5.859857082366943 27.607376098632812 
v 67.74555969238281 7.76719331741333 27.935867309570312 
v 69.37604522705078 7.5801286697387695 28.05614471435547 
v 67.68763732910156 9.445267677307129 28.003995895385742 
v 69.37459564208984 9.372276306152344 28.161230087280273 
v 67.5855484008789 10.603245735168457 27.81317710876465 
v 69.3717041015625 10.609286308288574 28.025569915771484 
v 69.37025451660156 12.885618209838867 27.340490341186523 
v 67.14968872070312 12.924468994140625 27.064104080200195 
v 69.36518859863281 13.07939624786377 27.394704818725586 
v 67.03529357910156 13.113545417785645 27.123153686523438 
v 69.37097930908203 13.095274925231934 28.245040893554688 
v 66.77899169921875 13.134126663208008 27.93609619140625 
v 69.37097930908203 13.608766555786133 28.62163734436035 
v 66.83257293701172 13.657022476196289 28.237905502319336 
v 69.37097930908203 14.311790466308594 28.53278160095215 
v 66.85284423828125 14.356800079345703 28.174869537353516 
v 66.26348876953125 14.472023010253906 26.640098571777344 
v 64.44548034667969 14.477161407470703 27.21776008605957 
v 63.728702545166016 14.691248893737793 24.896827697753906 
v 65.27738189697266 1.9006160497665405 23.672712326049805 
v 69.4433822631836 14.377532005310059 27.0985107421875 
v 64.47879028320312 13.778840065002441 27.269222259521484 
v 64.60983276367188 13.240604400634766 27.08938980102539 
v 65.05799865722656 13.20602798461914 26.387739181518555 
v 65.13909149169922 13.031392097473145 26.311513900756836 
v 65.26651763916016 11.025970458984375 26.99086570739746 
v 65.7769546508789 9.350460052490234 27.45575714111328 
v 66.04845428466797 8.098563194274902 27.51447868347168 
v 66.51762390136719 6.204098701477051 27.278953552246094 
v 66.2186050415039 4.507568359375 26.446081161499023 
v 65.49748229980469 2.7573184967041016 24.83589744567871 
v 64.31008911132812 2.4488205909729004 23.512834548950195 
v 62.9887580871582 3.740232229232788 23.59564971923828 
v 64.1428451538086 2.853386640548706 23.909196853637695 
v 64.85237884521484 3.332273483276367 24.91905403137207 
v 65.30489349365234 4.7686333656311035 26.128000259399414 
v 65.69947814941406 6.356687545776367 26.977075576782227 
v 65.0261459350586 8.308359146118164 27.083229064941406 
v 64.77201080322266 9.082694053649902 26.980730056762695 
v 64.49761199951172 10.425721168518066 26.685659408569336 
v 64.02482604980469 12.05242919921875 25.89266014099121 
v 63.82282638549805 11.412429809570312 26.03375816345215 
v 64.24348449707031 13.101370811462402 25.689937591552734 
v 63.37972640991211 13.361433982849121 25.15195655822754 
v 62.85264205932617 13.420418739318848 25.659515380859375 
v 62.733177185058594 13.9542875289917 25.87407112121582 
v 62.84178161621094 14.63323974609375 25.97663688659668 
v 61.586334228515625 14.843060493469238 24.30815315246582 
v 62.01422882080078 15.016057014465332 22.31397247314453 
v 61.429222106933594 14.159741401672363 24.240310668945312 
v 61.61746597290039 13.604599952697754 24.194917678833008 
v 62.22346878051758 13.533186912536621 23.78618621826172 
v 62.306732177734375 13.348812103271484 23.722301483154297 
v 63.4390983581543 13.174147605895996 25.111221313476562 
v 62.464569091796875 11.308008193969727 24.813234329223633 
v 62.87580871582031 10.732255935668945 25.38748550415039 
v 61.57764434814453 9.612704277038574 24.165924072265625 
v 62.12138366699219 9.216960906982422 24.838781356811523 
v 61.42994689941406 11.396136283874512 23.461366653442383 
v 60.79208755493164 11.632142066955566 22.333398818969727 
v 60.986846923828125 10.056478500366211 23.24134635925293 
v 61.13599395751953 7.7945990562438965 23.388307571411133 
v 61.49148941040039 7.560285568237305 23.884305953979492 
v 61.76371765136719 6.055842876434326 23.607385635375977 
v 62.324832916259766 4.867978572845459 23.677778244018555 
v 60.69289779663086 8.00820541381836 22.731433868408203 
v 60.49451446533203 10.387969970703125 22.330686569213867 
v 60.29396057128906 8.205917358398438 22.005634307861328 
v 59.9703254699707 6.67822790145874 19.862701416015625 
v 60.226627349853516 5.509543418884277 18.05523109436035 
v 60.25703811645508 5.7541704177856445 16.858705520629883 
v 59.9703254699707 7.089248180389404 16.594289779663086 
v 59.97611618041992 6.218833923339844 18.144428253173828 
v 59.8124885559082 6.94269323348999 17.466705322265625 
v 59.81393814086914 6.714531898498535 18.206764221191406 
v 59.93267822265625 6.9240946769714355 18.233118057250977 
v 59.8124885559082 6.752242088317871 18.981163024902344 
v 59.895751953125 7.020017147064209 19.03292465209961 
v 59.82045364379883 7.088513374328613 19.75783348083496 
v 59.87186050415039 7.307034492492676 19.680400848388672 
v 59.83927917480469 7.815589904785156 20.519437789916992 
v 59.85013961791992 7.925078868865967 20.267309188842773 
v 59.866065979003906 8.559913635253906 20.916017532348633 
v 59.845069885253906 8.679590225219727 20.647987365722656 
v 59.881996154785156 9.687548637390137 20.96647834777832 
v 59.84072494506836 9.563520431518555 20.552940368652344 
v 59.91602325439453 10.531187057495117 20.475658416748047 
v 59.853759765625 10.339539527893066 20.20917510986328 
v 59.93629837036133 11.194594383239746 19.790334701538086 
v 59.87765121459961 10.928389549255371 19.59587287902832 
v 59.947879791259766 11.554633140563965 18.815433502197266 
v 59.9073371887207 11.236259460449219 18.7753963470459 
v 59.87765121459961 11.141009330749512 17.90513038635254 
v 59.93629837036133 11.447073936462402 17.782634735107422 
v 59.853759765625 10.722345352172852 17.16512680053711 
v 59.91602325439453 10.974004745483398 16.954391479492188 
v 59.84072494506836 10.05560302734375 16.63992691040039 
v 59.881996154785156 10.278159141540527 16.269973754882812 
v 59.845069885253906 9.22272777557373 16.328983306884766 
v 59.866065979003906 9.173141479492188 16.03966522216797 
v 59.85013961791992 8.397455215454102 16.51099395751953 
v 59.83927917480469 8.353801727294922 16.239606857299805 
v 59.87186050415039 7.653339385986328 16.926603317260742 
v 59.82045364379883 7.460793972015381 16.79747772216797 
v 59.900821685791016 7.13143253326416 17.593544006347656 
v 60.01955795288086 9.051240921020508 15.609210968017578 
v 60.09703063964844 11.257019996643066 16.201335906982422 
v 60.03476333618164 12.090631484985352 18.88283920288086 
v 60.09703063964844 10.618936538696289 21.275341033935547 
v 60.01955795288086 8.335229873657227 21.302888870239258 
v 60.30989074707031 11.833561897277832 20.92704200744629 
v 61.48134994506836 13.528180122375488 22.263429641723633 
v 61.40315628051758 13.721959114074707 22.285085678100586 
v 60.75226593017578 13.835357666015625 22.359941482543945 
v 60.603118896484375 14.382102966308594 22.472110748291016 
v 60.745025634765625 15.046834945678711 22.687747955322266 
v 60.224456787109375 15.266956329345703 20.937353134155273 
v 61.301795959472656 15.49167251586914 18.955102920532227 
v 60.07748031616211 14.600096702575684 20.738632202148438 
v 60.229522705078125 14.048761367797852 20.662967681884766 
v 60.95571517944336 13.917448043823242 20.73056411743164 
v 61.01001739501953 13.717063903808594 20.728879928588867 
v 60.85724639892578 13.916248321533203 19.11241912841797 
v 60.805843353271484 14.12144660949707 19.108379364013672 
v 60.07748031616211 14.248281478881836 19.07639503479004 
v 59.89720153808594 14.802864074707031 19.126239776611328 
v 60.02317810058594 15.485734939575195 19.197643280029297 
v 60.224456787109375 15.706080436706543 17.44546890258789 
v 62.01422882080078 15.805628776550293 16.03534698486328 
v 60.745025634765625 15.918028831481934 15.760068893432617 
v 61.586334228515625 16.113405227661133 14.206438064575195 
v 62.84178161621094 16.30284881591797 12.699995040893555 
v 62.733177185058594 15.617962837219238 12.644618034362793 
v 60.07748031616211 15.004511833190918 17.522750854492188 
v 60.603118896484375 15.21881103515625 15.818653106689453 
v 61.429222106933594 15.421354293823242 14.20804214477539 
v 60.229522705078125 14.445898056030273 17.50495719909668 
v 60.95571517944336 14.325557708740234 17.485301971435547 
v 61.01001739501953 14.123381614685059 17.497861862182617 
v 60.30989074707031 12.347589492797852 16.83952522277832 
v 61.48134994506836 14.320326805114746 15.964326858520508 
v 62.22346878051758 14.70970630645752 14.430570602416992 
v 62.85264205932617 15.046026229858398 12.73277473449707 
v 61.61746597290039 14.85893440246582 14.22052001953125 
v 60.75226593017578 14.654376029968262 15.847158432006836 
v 61.40315628051758 14.52093505859375 15.931671142578125 
v 72.04550170898438 55.170127868652344 26.886940002441406 
v 72.11283111572266 58.259056091308594 27.292572021484375 
v 71.6219482421875 58.14373016357422 28.27473258972168 
v 71.23604583740234 58.316795349121094 28.72157096862793 
v 72.10342407226562 52.94621276855469 26.211137771606445 
v 72.43791961669922 53.42113494873047 24.062284469604492 
v 72.49149322509766 55.65400695800781 24.373830795288086 
v 72.10052490234375 51.038211822509766 25.757753372192383 
v 72.58416748046875 51.185909271240234 23.704317092895508 
v 72.11066436767578 51.424949645996094 21.901134490966797 
v 72.1077651977539 53.445579528808594 21.91466522216797 
v 72.0722885131836 55.8255615234375 21.870283126831055 
v 72.24170684814453 58.77275848388672 22.589109420776367 
v 72.54869079589844 58.613304138183594 24.8011474609375 
v 72.24533081054688 60.179141998291016 22.7994327545166 
v 72.54652404785156 60.012630462646484 24.969884872436523 
v 72.28225708007812 75.80221557617188 25.134023666381836 
v 72.52407836914062 75.56172180175781 26.851106643676758 
v 72.5038070678711 77.71556854248047 27.042375564575195 
v 72.27284240722656 77.18848419189453 28.792152404785156 
v 72.3039779663086 75.34820556640625 28.51641082763672 
v 72.54652404785156 60.012630462646484 24.969884872436523 
v 72.12803649902344 59.6710319519043 27.393260955810547 
v 71.95934295654297 58.1890869140625 21.761428833007812 
v 70.5475082397461 58.42723083496094 20.290956497192383 
v 71.7500991821289 75.20779418945312 29.99103546142578 
v 71.72331237792969 76.76362609863281 30.18488121032715 
v 70.49392700195312 58.30547332763672 29.169639587402344 
v 70.7705078125 75.08833312988281 30.941020965576172 
v 69.52012634277344 75.05227661132812 31.260265350341797 
v 69.4223861694336 76.26051330566406 31.3859806060791 
v 70.80453491210938 76.45698547363281 31.060680389404297 
v 69.35722351074219 76.675048828125 31.637985229492188 
v 71.89924621582031 76.9018783569336 30.322553634643555 
v 72.49076843261719 77.34879302978516 28.786989212036133 
v 72.75069427490234 77.89960479736328 27.108930587768555 
v 72.22216033935547 78.40843200683594 25.341482162475586 
v 70.75819396972656 76.14918518066406 22.798147201538086 
v 69.36156463623047 58.45253372192383 20.089740753173828 
v 69.63813781738281 76.13956451416016 22.484010696411133 
v 67.993896484375 58.41300964355469 20.404027938842773 
v 68.19517517089844 76.0872802734375 22.704442977905273 
v 66.52848052978516 60.09629821777344 22.839662551879883 
v 66.5321044921875 58.73839569091797 22.634531021118164 
v 66.76957702636719 58.22983932495117 21.860612869262695 
v 66.69718170166016 55.566627502441406 21.910980224609375 
v 66.29679870605469 55.9814453125 24.765016555786133 
v 66.23597717285156 58.92148971557617 25.019882202148438 
v 66.66242218017578 58.56332778930664 27.314556121826172 
v 69.38690185546875 58.334800720214844 29.359636306762695 
v 66.23815155029297 60.245365142822266 25.170085906982422 
v 66.65156555175781 59.906009674072266 27.41286277770996 
v 67.15620422363281 58.25746536254883 28.28179931640625 
v 66.77320098876953 55.170684814453125 26.98016357421875 
v 66.36630249023438 53.156707763671875 24.439634323120117 
v 66.71310424804688 52.862701416015625 26.28926658630371 
v 66.7022476196289 50.93947219848633 25.79417610168457 
v 66.41481018066406 51.1845588684082 24.1057071685791 
v 66.65156555175781 51.49950408935547 21.991907119750977 
v 66.65156555175781 52.76359939575195 21.998931884765625 
v 67.54428100585938 58.3736572265625 28.7251033782959 
v 66.521240234375 75.40888214111328 28.554792404174805 
v 70.63945770263672 78.39493560791016 23.07242202758789 
v 69.45713806152344 77.86028289794922 22.733863830566406 
v 67.13738250732422 75.19995880126953 30.15103530883789 
v 68.21544647216797 58.29316711425781 29.13734245300293 
v 68.03733825683594 75.09494018554688 30.953609466552734 
v 69.38690185546875 58.334800720214844 29.359636306762695 
v 69.52012634277344 75.05227661132812 31.260265350341797 
v 68.19010162353516 76.30238342285156 31.150672912597656 
v 69.4223861694336 76.26051330566406 31.3859806060791 
v 68.20820617675781 76.70035552978516 31.339094161987305 
v 69.35722351074219 76.675048828125 31.637985229492188 
v 69.6996841430664 81.41226959228516 32.088104248046875 
v 68.1640396118164 81.75706481933594 31.983142852783203 
v 69.42817687988281 84.57048797607422 32.821712493896484 
v 67.10552215576172 76.59043884277344 30.45522689819336 
v 67.17430877685547 76.32445526123047 30.291542053222656 
v 66.4770736694336 76.44908142089844 28.584308624267578 
v 66.50603485107422 76.82108306884766 28.84905242919922 
v 67.05412292480469 81.8235855102539 30.933345794677734 
v 67.96493530273438 81.85066223144531 31.59697151184082 
v 67.17647552490234 82.33495330810547 30.903593063354492 
v 67.15982818603516 81.87284088134766 30.834627151489258 
v 66.37499237060547 81.9773178100586 29.320213317871094 
v 66.18529510498047 76.9571304321289 27.27891731262207 
v 66.27145385742188 76.60247802734375 27.038965225219727 
v 66.26276397705078 75.5908203125 26.912647247314453 
v 66.4814224243164 75.81979370117188 25.222152709960938 
v 68.13652801513672 77.43801879882812 22.933996200561523 
v 66.4879379272461 76.90902709960938 25.382644653320312 
v 66.3829574584961 77.17422485351562 25.454885482788086 
v 65.99633026123047 84.63308715820312 26.301530838012695 
v 65.9326171875 82.14930725097656 27.627073287963867 
v 66.52558898925781 82.0246810913086 29.236631393432617 
v 66.86732482910156 82.66543579101562 30.359092712402344 
v 66.97592163085938 82.34268188476562 31.037513732910156 
v 66.65084075927734 82.69912719726562 30.449249267578125 
v 66.5444107055664 82.456787109375 29.348854064941406 
v 66.42422485351562 82.53962707519531 29.406301498413086 
v 66.32213592529297 82.18109893798828 27.830041885375977 
v 65.7979507446289 83.7435302734375 27.938798904418945 
v 65.93840789794922 85.05463409423828 28.125383377075195 
v 66.20701599121094 85.28797149658203 26.46528434753418 
v 67.9012222290039 85.93059539794922 23.633888244628906 
v 67.909912109375 77.95991516113281 23.048465728759766 
v 69.21893310546875 78.25243377685547 22.773229598999023 
v 70.64742279052734 78.58446502685547 22.965116500854492 
v 72.49149322509766 79.26964569091797 25.264379501342773 
v 72.9070816040039 79.82440185546875 27.39620590209961 
v 72.61530303955078 80.13860321044922 29.259918212890625 
v 72.00857543945312 80.62139129638672 30.889787673950195 
v 70.7408218383789 76.65736389160156 31.29027557373047 
v 69.6996841430664 81.41226959228516 32.088104248046875 
v 70.96237182617188 81.03736877441406 31.976747512817383 
v 66.16068267822266 83.02311706542969 29.630802154541016 
v 66.14692687988281 84.8672103881836 29.746036529541016 
v 71.0543212890625 84.62725067138672 32.33775329589844 
v 69.42817687988281 84.57048797607422 32.821712493896484 
v 69.4788589477539 94.16304779052734 33.401268005371094 
v 70.75457763671875 94.56035614013672 33.17176818847656 
v 69.41514587402344 94.25865173339844 33.19442367553711 
v 70.70027160644531 94.73309326171875 32.93754196166992 
v 69.38545989990234 96.1875991821289 33.38364028930664 
v 70.61918640136719 96.91178131103516 33.191627502441406 
v 70.60615539550781 96.99641418457031 33.49530029296875 
v 69.30364227294922 96.31196594238281 33.72938919067383 
v 70.61483764648438 103.37174224853516 34.26628494262695 
v 69.3210220336914 102.83182525634766 34.36027526855469 
v 69.6533432006836 108.7970962524414 35.07155227661133 
v 70.9066162109375 109.08939361572266 34.43994903564453 
v 70.61339569091797 115.20076751708984 35.12889862060547 
v 69.51506042480469 114.67371368408203 35.348411560058594 
v 70.52143859863281 115.23435974121094 34.992034912109375 
v 69.48826599121094 114.584716796875 35.14458084106445 
v 70.5301284790039 116.02871704101562 35.023193359375 
v 69.49261474609375 115.5987319946289 35.219642639160156 
v 70.5721206665039 116.07158660888672 35.333370208740234 
v 69.49116516113281 115.6473159790039 35.45185470581055 
v 70.44831848144531 122.16291809082031 36.084014892578125 
v 69.12480926513672 121.69878387451172 36.19386672973633 
v 70.24559020996094 127.11083221435547 36.323673248291016 
v 68.85257720947266 126.74073028564453 36.564735412597656 
v 70.12322998046875 127.03382110595703 36.08969497680664 
v 69.02561950683594 126.99250030517578 36.22287368774414 
v 69.04951477050781 127.65052795410156 36.16634750366211 
v 70.21880340576172 130.66355895996094 36.068626403808594 
v 69.23847961425781 130.04371643066406 36.08202362060547 
v 70.06893157958984 131.03948974609375 35.5533561706543 
v 69.31233215332031 130.61610412597656 35.5995979309082 
v 70.58732604980469 131.39224243164062 35.05958938598633 
v 70.95295715332031 131.0118408203125 35.51279830932617 
v 71.00725555419922 127.42137908935547 35.54694747924805 
v 71.13106536865234 127.4034652709961 35.65684127807617 
v 71.5357894897461 122.57713317871094 35.3619270324707 
v 71.77326965332031 116.74418640136719 34.282012939453125 
v 71.42356872558594 116.68451690673828 34.137943267822266 
v 71.42356872558594 115.9131088256836 34.087059020996094 
v 71.6241226196289 115.89585876464844 34.386962890625 
v 71.74575805664062 109.54940795898438 33.842098236083984 
v 71.63932800292969 109.30692291259766 33.65423583984375 
v 71.7674789428711 104.0456771850586 33.4647102355957 
v 71.9079360961914 97.7940444946289 32.62155532836914 
v 70.7828140258789 131.54193115234375 34.42271423339844 
v 72.60516357421875 104.83269500732422 31.829017639160156 
v 72.0657730102539 109.72328186035156 32.52452850341797 
v 71.87969970703125 109.7545166015625 32.43891906738281 
v 72.05563354492188 110.0609359741211 31.27187156677246 
v 72.37130737304688 110.07269287109375 31.30862045288086 
v 72.76879119873047 105.5208511352539 30.556224822998047 
v 72.45964050292969 98.67140197753906 31.08133316040039 
v 71.60530090332031 97.80211639404297 32.32954025268555 
v 71.60240173339844 95.26272583007812 32.11149215698242 
v 71.80657196044922 95.21917724609375 32.32759475708008 
v 71.92386627197266 84.5757827758789 31.119367599487305 
v 72.40823364257812 84.49286651611328 29.369754791259766 
v 72.58200073242188 84.26284790039062 27.9760684967041 
v 72.46470642089844 84.19727325439453 26.38148307800293 
v 71.98468017578125 84.64183044433594 25.385557174682617 
v 70.580810546875 85.60124206542969 24.006690979003906 
v 69.30870819091797 86.48428344726562 23.658296585083008 
v 69.2116928100586 99.00286865234375 25.90636444091797 
v 67.97000122070312 99.5578842163086 26.375911712646484 
v 66.46983337402344 94.06745147705078 27.650747299194336 
v 66.51327514648438 94.0526351928711 29.884593963623047 
v 66.56685638427734 100.33430480957031 28.76352310180664 
v 66.10782623291016 100.82247161865234 30.122745513916016 
v 66.56468200683594 100.81732177734375 30.000905990600586 
v 66.76813507080078 101.16175079345703 31.461435317993164 
v 66.48648834228516 101.14115142822266 31.52758026123047 
v 66.25552368164062 94.45441436767578 29.42412567138672 
v 66.48503875732422 94.72708892822266 30.511154174804688 
v 66.47490692138672 94.41175842285156 29.502872467041016 
v 66.60233306884766 94.62577819824219 30.5029354095459 
v 66.63636016845703 94.17990112304688 30.53278160095215 
v 66.3127212524414 94.05049133300781 30.552684783935547 
v 66.94624328613281 84.58977508544922 31.301105499267578 
v 68.0670166015625 84.60531616210938 32.382022857666016 
v 67.99534606933594 93.72926330566406 32.97681427001953 
v 69.4788589477539 94.16304779052734 33.401268005371094 
v 69.41514587402344 94.25865173339844 33.19442367553711 
v 68.08367156982422 93.90837860107422 32.85463333129883 
v 69.38545989990234 96.1875991821289 33.38364028930664 
v 68.17707061767578 95.60918426513672 33.06761169433594 
v 69.30364227294922 96.31196594238281 33.72938919067383 
v 68.01561737060547 95.79153442382812 33.27775955200195 
v 69.3210220336914 102.83182525634766 34.36027526855469 
v 68.02864837646484 102.13955688476562 33.87527847290039 
v 68.06991577148438 102.12232208251953 33.49144744873047 
v 68.08078002929688 102.67007446289062 33.69327926635742 
v 67.93307495117188 102.80977630615234 33.88449478149414 
v 69.6533432006836 108.7970962524414 35.07155227661133 
v 68.05254364013672 108.66555786132812 34.750221252441406 
v 69.51506042480469 114.67371368408203 35.348411560058594 
v 67.92945861816406 114.08366394042969 34.83195114135742 
v 69.48826599121094 114.584716796875 35.14458084106445 
v 67.9917221069336 114.1720962524414 34.68208694458008 
v 69.49261474609375 115.5987319946289 35.219642639160156 
v 67.98954772949219 115.10382843017578 34.76036834716797 
v 69.49116516113281 115.6473159790039 35.45185470581055 
v 67.88166809082031 115.14837646484375 34.92695617675781 
v 69.12480926513672 121.69878387451172 36.19386672973633 
v 67.93814849853516 121.3919448852539 35.67142105102539 
v 67.89108276367188 126.45695495605469 36.21702575683594 
v 68.85257720947266 126.74073028564453 36.564735412597656 
v 66.6978988647461 100.45362854003906 28.75863265991211 
v 66.96940612792969 121.13650512695312 34.675193786621094 
v 67.06425476074219 114.90087890625 33.93263244628906 
v 67.27783966064453 114.72189331054688 33.760894775390625 
v 67.24453735351562 113.6427230834961 33.617950439453125 
v 67.00995635986328 113.62391662597656 33.8326416015625 
v 67.15692901611328 108.57915496826172 34.004974365234375 
v 67.04398345947266 103.70570373535156 33.108123779296875 
v 67.0555648803711 102.70983123779297 33.0516242980957 
v 67.2343978881836 102.54706573486328 32.81590270996094 
v 67.25611877441406 101.6310043334961 32.74321365356445 
v 67.12000274658203 101.67757415771484 33.024009704589844 
v 67.06280517578125 95.26551818847656 32.15435028076172 
v 67.13665771484375 95.09984588623047 32.00689697265625 
v 67.14244842529297 94.0075912475586 31.935564041137695 
v 66.91655731201172 93.81939697265625 32.0973014831543 
v 66.76668548583984 102.49962615966797 31.532907485961914 
v 66.47997283935547 102.6708984375 31.66840362548828 
v 66.4560775756836 104.31718444824219 31.794034957885742 
v 66.59219360351562 102.47613525390625 30.287290573120117 
v 66.71382904052734 102.28529357910156 29.135488510131836 
v 67.99027252197266 99.63345336914062 26.3935546875 
v 69.35142517089844 98.97431182861328 26.068281173706055 
v 68.06991577148438 101.94446563720703 26.7022647857666 
v 69.12335968017578 101.59967803955078 26.35140609741211 
v 67.9077377319336 102.15213012695312 26.38560676574707 
v 66.40177917480469 102.53124237060547 29.00271987915039 
v 66.13606262207031 102.62681579589844 30.293577194213867 
v 66.17516326904297 104.86888122558594 30.53211784362793 
v 66.35688781738281 105.05081176757812 29.345796585083008 
v 67.93524932861328 105.5063705444336 26.92770767211914 
v 69.16752624511719 101.80936431884766 25.855928421020508 
v 70.41573333740234 101.1012954711914 26.440671920776367 
v 70.59891510009766 98.46204376220703 26.333066940307617 
v 70.70606994628906 98.56470489501953 25.939895629882812 
v 70.64669799804688 86.54103088378906 24.21622085571289 
v 70.5916748046875 86.42057800292969 24.2625732421875 
v 69.42166137695312 86.2075424194336 24.1661434173584 
v 70.57719421386719 85.55377197265625 24.319074630737305 
v 71.93399810791016 84.69556427001953 25.511695861816406 
v 72.24170684814453 84.25291442871094 26.427370071411133 
v 72.4400863647461 84.37422943115234 27.969274520874023 
v 72.26777648925781 84.5560073852539 29.388547897338867 
v 72.31555938720703 95.79460906982422 30.876928329467773 
v 72.1041488647461 95.9312973022461 30.831714630126953 
v 72.10052490234375 98.46810913085938 31.0051212310791 
v 72.42922973632812 99.36258697509766 29.784502029418945 
v 72.50669860839844 96.34798431396484 29.66677474975586 
v 72.28514862060547 96.42825317382812 29.744699478149414 
v 72.2532958984375 99.13197326660156 29.79529571533203 
v 72.60733795166016 85.25961303710938 28.025447845458984 
v 72.22505950927734 85.57107543945312 26.590423583984375 
v 72.28008270263672 85.68985748291016 26.55742645263672 
v 72.31193542480469 97.0157699584961 28.29555320739746 
v 72.13817596435547 97.1209945678711 28.370285034179688 
v 72.06432342529297 99.66519927978516 28.550048828125 
v 72.22722625732422 99.95469665527344 28.526762008666992 
v 72.51176452636719 106.20252227783203 29.074600219726562 
v 72.05563354492188 110.57244873046875 29.776084899902344 
v 71.84132385253906 110.53874969482422 29.88128089904785 
v 71.79788970947266 111.51077270507812 29.932069778442383 
v 72.26270294189453 110.8078384399414 31.322385787963867 
v 71.84349822998047 110.16468811035156 32.49773406982422 
v 71.40691375732422 109.4354476928711 33.641456604003906 
v 72.27863311767578 110.24964904785156 32.66850280761719 
v 72.39230346679688 110.9030990600586 31.378681182861328 
v 72.08242797851562 111.66560363769531 30.00309181213379 
v 72.10342407226562 116.41888427734375 33.51576232910156 
v 72.51756286621094 117.25335693359375 32.056068420410156 
v 72.24749755859375 117.87289428710938 30.93834686279297 
v 71.75082397460938 116.37837219238281 33.15433120727539 
v 71.884765625 117.23725128173828 31.923809051513672 
v 71.83336639404297 117.82766723632812 30.93989372253418 
v 71.87535858154297 117.65547180175781 32.016197204589844 
v 71.72403717041016 117.01813507080078 33.275482177734375 
v 72.1475830078125 117.09291076660156 33.49470901489258 
v 72.46688079833984 117.69476318359375 32.02927780151367 
v 72.25184631347656 118.08256530761719 31.028926849365234 
v 71.83988189697266 118.0885009765625 31.014297485351562 
v 71.64077758789062 118.26482391357422 30.425992965698242 
v 71.81381225585938 118.44014739990234 30.04105567932129 
v 71.71389770507812 112.1374740600586 29.148069381713867 
v 71.4749755859375 111.96988677978516 29.145986557006836 
v 71.40402221679688 110.94872283935547 28.83487892150879 
v 71.62122344970703 110.91658782958984 28.69969940185547 
v 71.85218811035156 106.80694580078125 27.979394912719727 
v 70.51854705810547 101.31141662597656 26.364896774291992 
v 69.32247161865234 105.86103057861328 26.451366424560547 
v 69.28843688964844 107.80866241455078 26.81748390197754 
v 70.57646942138672 106.05950164794922 26.630979537963867 
v 70.75385284423828 107.4460678100586 26.998891830444336 
v 70.88200378417969 111.39920043945312 28.084793090820312 
v 69.39125061035156 111.96599578857422 27.74456214904785 
v 68.01850891113281 112.34459686279297 28.152130126953125 
v 67.99606323242188 108.28733825683594 27.1453857421875 
v 66.4915542602539 112.7513656616211 30.38653564453125 
v 66.4285659790039 108.52651977539062 29.800973892211914 
v 66.31200408935547 112.92149353027344 31.60537338256836 
v 65.94709777832031 108.59970092773438 31.172224044799805 
v 66.332275390625 108.6162338256836 32.570716857910156 
v 66.61681365966797 113.29167938232422 32.7960090637207 
v 66.95203399658203 113.14289855957031 32.64434814453125 
v 67.01863861083984 114.67376708984375 32.939064025878906 
v 66.81157684326172 112.78424835205078 31.622482299804688 
v 66.92596435546875 112.72168731689453 30.524797439575195 
v 68.11842346191406 112.3644027709961 28.35268783569336 
v 69.43758392333984 111.9906234741211 27.971954345703125 
v 70.73140716552734 111.34626007080078 28.212892532348633 
v 70.92399597167969 112.55134582519531 28.493770599365234 
v 69.4745101928711 113.15619659423828 28.208972930908203 
v 68.32332611083984 113.53031921386719 28.45680046081543 
v 66.99547576904297 114.29252624511719 30.59933853149414 
v 66.85718536376953 114.57035064697266 31.840763092041016 
v 66.67762756347656 114.7551498413086 32.94296646118164 
v 66.58857727050781 120.88990783691406 33.57606887817383 
v 66.4140853881836 114.56205749511719 31.808969497680664 
v 66.60667419433594 114.34313201904297 30.52249526977539 
v 68.35445404052734 113.76384735107422 28.29262351989746 
v 69.47378540039062 113.37080383300781 27.967350006103516 
v 70.96888732910156 112.6955337524414 28.48657989501953 
v 71.02536010742188 118.92825317382812 29.187171936035156 
v 69.58745574951172 119.53456115722656 28.76056480407715 
v 68.5492172241211 119.83379364013672 28.920289993286133 
v 66.74785614013672 120.53430938720703 31.032459259033203 
v 66.4879379272461 120.65473175048828 32.255897521972656 
v 66.59943389892578 126.1558609008789 34.28170394897461 
v 67.0070571899414 126.21819305419922 35.25093460083008 
v 67.23512268066406 126.8223648071289 35.23194885253906 
v 67.96710968017578 126.80554962158203 36.114349365234375 
v 66.40177917480469 125.92269897460938 32.84782791137695 
v 67.02153778076172 126.8759994506836 34.25197982788086 
v 66.6877670288086 125.73688507080078 31.786197662353516 
v 68.56803894042969 125.64234161376953 29.836151123046875 
v 69.7481918334961 125.45560455322266 29.53049087524414 
v 71.0347671508789 124.99069213867188 29.90704917907715 
v 71.81598663330078 124.4825439453125 30.69239044189453 
v 72.25908660888672 124.06317901611328 31.585668563842773 
v 72.51466369628906 123.554931640625 32.795166015625 
v 72.18523406982422 123.00657653808594 34.25828170776367 
v 71.50031280517578 127.95393371582031 34.4698371887207 
v 71.4199447631836 128.03822326660156 34.450592041015625 
v 71.60530090332031 128.31922912597656 33.45309066772461 
v 71.53362274169922 128.70960998535156 32.562496185302734 
v 71.23604583740234 129.0272216796875 31.794797897338867 
v 71.4242935180664 128.75450134277344 32.5961799621582 
v 71.56837463378906 128.44752502441406 33.44208908081055 
v 71.2642822265625 131.0584259033203 34.62147903442383 
v 70.90010070800781 131.6404571533203 33.63922119140625 
v 71.32799530029297 131.0819549560547 33.620540618896484 
v 70.77339935302734 131.69476318359375 32.97949981689453 
v 71.2309799194336 131.1133270263672 32.720069885253906 
v 70.37664031982422 131.5708465576172 32.46739196777344 
v 70.99060821533203 131.12026977539062 32.07881164550781 
v 69.89227294921875 131.361083984375 31.986997604370117 
v 71.1781234741211 129.11239624023438 31.866106033325195 
v 70.63004302978516 129.2631072998047 31.18865966796875 
v 70.35346984863281 131.00543212890625 31.49458885192871 
v 69.54618835449219 130.4611358642578 31.26515769958496 
v 69.3507080078125 130.953369140625 31.713241577148438 
v 68.79972839355469 130.6802215576172 31.736772537231445 
v 69.49261474609375 131.17039489746094 33.6660270690918 
v 69.89227294921875 131.361083984375 31.986997604370117 
v 70.37664031982422 131.5708465576172 32.46739196777344 
v 70.77339935302734 131.69476318359375 32.97949981689453 
v 70.90010070800781 131.6404571533203 33.63922119140625 
v 70.7828140258789 131.54193115234375 34.42271423339844 
v 70.58732604980469 131.39224243164062 35.05958938598633 
v 70.06893157958984 131.03948974609375 35.5533561706543 
v 69.31233215332031 130.61610412597656 35.5995979309082 
v 68.6440658569336 130.36245727539062 35.27286148071289 
v 68.13941955566406 130.0914306640625 34.888771057128906 
v 67.8447494506836 129.90090942382812 34.222679138183594 
v 67.85560607910156 130.02484130859375 33.43243408203125 
v 67.99606323242188 130.23129272460938 32.70230484008789 
v 67.99606323242188 130.23129272460938 32.70230484008789 
v 68.6650619506836 130.10963439941406 31.293306350708008 
v 67.71659851074219 129.7388458251953 32.38623809814453 
v 67.85560607910156 130.02484130859375 33.43243408203125 
v 67.5732421875 129.5150604248047 33.18925094604492 
v 67.8447494506836 129.90090942382812 34.222679138183594 
v 67.59785461425781 129.44137573242188 34.1983528137207 
v 68.13941955566406 130.0914306640625 34.888771057128906 
v 67.78175354003906 129.52162170410156 35.02512741088867 
v 68.6440658569336 130.36245727539062 35.27286148071289 
v 68.34866333007812 129.81871032714844 35.755271911621094 
v 69.31233215332031 130.61610412597656 35.5995979309082 
v 69.23847961425781 130.04371643066406 36.08202362060547 
v 68.14014434814453 128.2495574951172 35.830169677734375 
v 69.04951477050781 127.65052795410156 36.16634750366211 
v 67.65216064453125 128.6299591064453 35.05137252807617 
v 67.46246337890625 128.8278045654297 34.16189193725586 
v 67.45812225341797 129.0281982421875 33.1216926574707 
v 67.35965728759766 128.85523986816406 33.09722900390625 
v 67.62102508544922 129.18942260742188 32.26287841796875 
v 67.52111053466797 128.47938537597656 35.14187240600586 
v 67.32490539550781 128.6531524658203 34.18334197998047 
v 68.05543518066406 128.20724487304688 35.97136306762695 
v 69.0437240600586 127.71902465820312 36.695899963378906 
v 69.02561950683594 126.99250030517578 36.22287368774414 
v 66.86587524414062 127.38460540771484 33.00725555419922 
v 67.02226257324219 127.54470825195312 32.05966567993164 
v 68.68388366699219 129.35232543945312 30.967445373535156 
v 69.60628509521484 129.42767333984375 30.791515350341797 
v 70.66841888427734 129.31292724609375 30.98781394958496 
v 69.58673095703125 129.4318084716797 30.95392608642578 
v 68.70270538330078 129.4612579345703 31.07791519165039 
v 67.50445556640625 129.09246826171875 32.15481948852539 
v 77.31272888183594 15.421354293823242 14.20804214477539 
v 75.89945220947266 16.30284881591797 12.699995040893555 
v 74.29574584960938 16.457584381103516 11.469555854797363 
v 72.47773742675781 16.313385009765625 11.997688293457031 
v 76.00804901123047 15.617962837219238 12.644618034362793 
v 74.26244354248047 15.79184341430664 11.261930465698242 
v 71.88838958740234 16.57850456237793 10.507996559143066 
v 71.90866088867188 15.914332389831543 10.287906646728516 
v 69.37097930908203 16.624298095703125 10.143850326538086 
v 69.37097930908203 15.963484764099121 9.897050857543945 
v 69.37097930908203 16.38840103149414 11.401165008544922 
v 64.01469421386719 36.057220458984375 19.521778106689453 
v 65.46055603027344 34.49752426147461 16.949745178222656 
v 64.00745391845703 38.12574768066406 20.489158630371094 
v 62.65498352050781 38.18462371826172 20.9324893951416 
v 62.63543701171875 38.93611526489258 21.20697021484375 
v 63.9669075012207 39.864234924316406 22.420740127563477 
v 64.04872131347656 39.03144073486328 23.70428466796875 
v 64.5526351928711 37.33363342285156 25.192880630493164 
v 65.36209106445312 35.54112243652344 26.262582778930664 
v 65.12388610839844 33.47460174560547 25.995471954345703 
v 65.99849700927734 31.350963592529297 26.67081069946289 
v 64.9312973022461 31.020034790039062 27.34910774230957 
v 65.11375427246094 30.16050910949707 27.445415496826172 
v 64.6829605102539 29.184232711791992 27.167987823486328 
v 64.65544891357422 28.61154556274414 25.536762237548828 
v 63.86699295043945 28.918819427490234 26.511470794677734 
v 63.95749282836914 29.317832946777344 24.705793380737305 
v 63.33121871948242 28.625465393066406 23.570510864257812 
v 63.71712112426758 29.482107162475586 27.794219970703125 
v 63.99079895019531 30.103071212768555 27.967273712158203 
v 63.871334075927734 30.643999099731445 27.8978271484375 
v 62.49715042114258 30.00152587890625 28.416658401489258 
v 63.20451354980469 29.338939666748047 27.370134353637695 
v 63.345699310302734 29.451250076293945 25.82595443725586 
v 63.81486129760742 30.556747436523438 24.457321166992188 
v 63.389862060546875 30.595056533813477 23.338857650756836 
v 64.03641510009766 31.546682357788086 24.82147979736328 
v 63.21826934814453 30.42597198486328 25.594905853271484 
v 63.45429992675781 31.231647491455078 25.829172134399414 
v 62.79833984375 30.27414894104004 26.802196502685547 
v 62.95038604736328 30.771970748901367 26.945293426513672 
v 63.35221481323242 31.01846694946289 27.459247589111328 
v 64.09940338134766 31.630828857421875 26.65897560119629 
v 64.86758422851562 32.09822463989258 25.807008743286133 
v 62.88377380371094 29.666725158691406 26.944679260253906 
v 63.71712112426758 32.66213607788086 23.861988067626953 
v 63.26533126831055 32.650428771972656 21.546123504638672 
v 63.027854919433594 30.57181167602539 21.244932174682617 
v 62.85336685180664 29.090877532958984 21.074071884155273 
v 62.29876708984375 24.333505630493164 20.360946655273438 
v 62.19306182861328 22.877180099487305 21.19888687133789 
v 61.049835205078125 22.602802276611328 21.004301071166992 
v 59.93195343017578 22.23472785949707 20.708396911621094 
v 58.39413833618164 21.540225982666016 20.078411102294922 
v 59.83782958984375 20.982860565185547 19.367090225219727 
v 61.05562973022461 21.81026840209961 18.744897842407227 
v 59.91312789916992 21.73267936706543 19.19910430908203 
v 59.95077896118164 22.29352378845215 19.52467918395996 
v 59.91385269165039 22.470163345336914 20.138378143310547 
v 61.02739334106445 22.954891204833984 20.125173568725586 
v 62.13513946533203 23.286142349243164 20.095380783081055 
v 61.09834671020508 22.652206420898438 19.211637496948242 
v 62.2191276550293 22.900619506835938 18.994163513183594 
v 63.57883071899414 29.4863338470459 17.96197509765625 
v 63.484710693359375 31.09442710876465 18.84703254699707 
v 63.80110549926758 33.25387191772461 18.928668975830078 
v 63.50353240966797 34.86539840698242 21.641977310180664 
v 63.97269821166992 35.2621955871582 24.11841583251953 
v 64.018310546875 37.667816162109375 23.870147705078125 
v 63.79531478881836 36.62247848510742 23.132734298706055 
v 63.64616394042969 36.38842010498047 21.901336669921875 
v 63.81413650512695 37.03459930419922 20.832183837890625 
v 65.1941146850586 33.34189987182617 16.926515579223633 
v 66.1831283569336 32.441200256347656 15.950437545776367 
v 66.19832611083984 31.28211212158203 15.694337844848633 
v 65.74581909179688 30.432435989379883 15.777413368225098 
v 64.94795227050781 29.907625198364258 16.239591598510742 
v 64.01034545898438 30.230453491210938 17.44869041442871 
v 63.81269073486328 31.179967880249023 18.101701736450195 
v 64.16963195800781 32.705238342285156 17.985107421875 
v 64.1884536743164 33.03608322143555 15.907673835754395 
v 63.45864486694336 32.55100631713867 16.672401428222656 
v 63.208133697509766 31.456392288208008 16.749998092651367 
v 63.35873031616211 30.76681137084961 16.30875015258789 
v 64.03785705566406 30.49569320678711 15.437169075012207 
v 64.62721252441406 30.8950138092041 15.093966484069824 
v 64.91536712646484 31.53176498413086 15.043806076049805 
v 64.89871978759766 32.35893249511719 15.204804420471191 
v 64.0834732055664 32.30699920654297 14.771390914916992 
v 64.10519409179688 31.70249366760254 14.630253791809082 
v 63.88798904418945 31.229965209960938 14.676647186279297 
v 63.45429992675781 30.950428009033203 14.946280479431152 
v 62.98006820678711 31.157854080200195 15.575608253479004 
v 62.87798309326172 31.650859832763672 15.887225151062012 
v 63.066951751708984 32.411537170410156 15.828229904174805 
v 63.57014465332031 32.75286865234375 15.295042991638184 
v 62.45877456665039 31.986732482910156 14.19299030303955 
v 79.75701904296875 9.043792724609375 18.565704345703125 
v 79.688232421875 9.828648567199707 18.607425689697266 
v 79.68895721435547 9.807497024536133 18.287317276000977 
v 79.3501205444336 10.538397789001465 18.107004165649414 
v 79.34070587158203 10.586747169494629 18.73170280456543 
v 79.68534088134766 9.725091934204102 18.910043716430664 
v 79.34649658203125 10.384224891662598 19.267873764038086 
v 79.67882537841797 9.514851570129395 19.14950180053711 
v 79.34649658203125 9.979753494262695 19.74970817565918 
v 79.67086029052734 9.226922988891602 19.290557861328125 
v 79.35446166992188 9.40703010559082 20.00689125061035 
v 79.66361999511719 8.905076026916504 19.310680389404297 
v 79.34722137451172 8.789085388183594 20.03771209716797 
v 79.65782928466797 8.602823257446289 19.207551956176758 
v 79.35953521728516 8.220625877380371 19.805238723754883 
v 79.65275573730469 8.363374710083008 18.99565315246582 
v 79.36605072021484 7.777775287628174 19.355224609375 
v 79.65131378173828 8.2234468460083 18.708541870117188 
v 79.36387634277344 7.537773609161377 18.789630889892578 
v 79.65348052978516 8.202183723449707 18.38932228088379 
v 79.65927124023438 8.305740356445312 18.086706161499023 
v 79.66506958007812 8.516091346740723 17.846357345581055 
v 79.36966705322266 7.699556350708008 17.76357078552246 
v 79.37545776367188 8.06484603881836 17.332881927490234 
v 78.98159790039062 7.199829578399658 17.668167114257812 
v 79.3501205444336 7.50968599319458 18.264251708984375 
v 78.8346176147461 6.912004470825195 18.231597900390625 
v 78.97579956054688 7.028641700744629 18.76901626586914 
v 79.01200103759766 7.330770015716553 19.5567684173584 
v 78.97290802001953 7.849291801452637 20.218887329101562 
v 78.87588500976562 8.639287948608398 20.708036422729492 
v 78.93235778808594 9.595535278320312 20.623891830444336 
v 78.87733459472656 10.560633659362793 20.241500854492188 
v 78.86864471435547 10.968242645263672 19.571943283081055 
v 78.82665252685547 11.300739288330078 18.783504486083984 
v 78.867919921875 11.200115203857422 18.021093368530273 
v 78.87733459472656 10.944558143615723 17.188549041748047 
v 79.35157012939453 10.310037612915039 17.579050064086914 
v 78.93235778808594 10.104188919067383 16.579111099243164 
v 79.68895721435547 9.667569160461426 18.000205993652344 
v 79.36097717285156 9.838191986083984 17.164278030395508 
v 78.87588500976562 9.198549270629883 16.26082420349121 
v 79.35736083984375 9.225850105285645 16.955228805541992 
v 79.68606567382812 9.428008079528809 17.789196014404297 
v 79.67955017089844 9.125755310058594 17.68606948852539 
v 79.67230987548828 8.804020881652832 17.70530128479004 
v 79.0134506225586 7.613595485687256 17.079875946044922 
v 78.98303985595703 8.218228340148926 16.56894874572754 
v 79.373291015625 8.572081565856934 17.04304313659668 
v 59.02113723754883 9.112641334533691 18.47397232055664 
v 59.12684631347656 8.982654571533203 19.3448543548584 
v 59.12684631347656 8.679729461669922 19.247068405151367 
v 59.40776443481445 8.844274520874023 20.05459976196289 
v 59.39472961425781 9.4528169631958 20.000892639160156 
v 59.124671936035156 9.301142692565918 19.318883895874023 
v 59.38459396362305 9.99464225769043 19.728971481323242 
v 59.12032699584961 9.581571578979492 19.17236328125 
v 59.37880325317383 10.38780689239502 19.271942138671875 
v 59.11453628540039 9.788341522216797 18.927946090698242 
v 59.109466552734375 9.88383674621582 18.62431526184082 
v 59.9073371887207 11.236259460449219 18.7753963470459 
v 59.37662887573242 10.579134941101074 18.694568634033203 
v 59.87765121459961 10.928389549255371 19.59587287902832 
v 59.853759765625 10.339539527893066 20.20917510986328 
v 59.84072494506836 9.563520431518555 20.552940368652344 
v 59.845069885253906 8.679590225219727 20.647987365722656 
v 59.41717529296875 8.27592658996582 19.853796005249023 
v 59.85013961791992 7.925078868865967 20.267309188842773 
v 59.424415588378906 7.82199239730835 19.459365844726562 
v 59.87186050415039 7.307034492492676 19.680400848388672 
v 59.42948532104492 7.560272216796875 18.936262130737305 
v 59.895751953125 7.020017147064209 19.03292465209961 
v 59.124671936035156 8.435579299926758 19.04000473022461 
v 59.12177658081055 8.291173934936523 18.75594711303711 
v 59.117431640625 8.265656471252441 18.438003540039062 
v 59.430931091308594 7.5043110847473145 18.33954620361328 
v 59.93267822265625 6.9240946769714355 18.233118057250977 
v 59.900821685791016 7.13143253326416 17.593544006347656 
v 59.41862487792969 7.680301189422607 17.78647232055664 
v 59.11236572265625 8.361152648925781 18.13437271118164 
v 59.1080207824707 8.56781005859375 17.890846252441406 
v 59.404144287109375 8.070219993591309 17.322704315185547 
v 59.87186050415039 7.653339385986328 16.926603317260742 
v 59.391109466552734 8.60488224029541 17.042646408081055 
v 59.85013961791992 8.397455215454102 16.51099395751953 
v 59.103675842285156 8.852269172668457 17.744831085205078 
v 59.10078048706055 9.166727066040039 17.718353271484375 
v 59.3802490234375 9.202675819396973 16.976734161376953 
v 59.845069885253906 9.22272777557373 16.328983306884766 
v 59.37156295776367 9.780540466308594 17.166976928710938 
v 59.84072494506836 10.05560302734375 16.63992691040039 
v 59.10078048706055 9.46976375579834 17.815248489379883 
v 59.10295104980469 9.71391487121582 18.02231216430664 
v 59.105125427246094 9.858431816101074 18.305479049682617 
v 59.367942810058594 10.243654251098633 17.553518295288086 
v 59.369388580322266 10.524405479431152 18.08806037902832 
v 59.853759765625 10.722345352172852 17.16512680053711 
v 59.87765121459961 11.141009330749512 17.90513038635254 
v 77.58786010742188 4.182844161987305 7.998636722564697 
v 76.16226959228516 4.066495418548584 9.802780151367188 
v 76.86673736572266 4.7548956871032715 7.714237213134766 
v 75.89148712158203 4.654681205749512 8.83667278289795 
v 75.63228607177734 5.328935623168945 8.781279563903809 
v 74.9647445678711 4.834000110626221 9.787151336669922 
v 78.13521575927734 5.873046398162842 6.212437152862549 
v 76.6068115234375 5.373734951019287 7.741412162780762 
v 78.005615234375 6.117760181427002 6.252254962921143 
v 76.77985382080078 5.56829309463501 7.952188491821289 
v 78.12580108642578 6.296757221221924 6.521669864654541 
v 77.96941375732422 6.510013103485107 6.616318702697754 
v 79.48478698730469 7.547897815704346 5.134270668029785 
v 79.38052368164062 7.434725284576416 4.86228084564209 
v 79.5014419555664 7.324011325836182 4.798614501953125 
v 79.96625518798828 7.912187099456787 4.320889472961426 
v 80.51506042480469 7.2875237464904785 4.4702467918396 
v 78.90122985839844 5.2975263595581055 6.394201755523682 
v 79.8337631225586 7.979801177978516 4.4017462730407715 
v 79.91413116455078 8.043940544128418 4.705554485321045 
v 80.14219665527344 8.508753776550293 4.101977348327637 
v 80.27468872070312 8.504390716552734 3.973905563354492 
v 81.25501251220703 8.46017837524414 3.609294891357422 
v 80.34130096435547 9.740710258483887 4.787792682647705 
v 79.7852554321289 9.18870735168457 4.554676055908203 
v 79.38776397705078 9.683725357055664 5.045618534088135 
v 78.17286682128906 11.094554901123047 6.522679805755615 
v 78.88674926757812 11.507521629333496 6.722031593322754 
v 76.7545166015625 12.214770317077637 8.162165641784668 
v 77.48359680175781 12.712362289428711 8.60007095336914 
v 76.0058822631836 12.446929931640625 9.017993927001953 
v 76.36209869384766 13.069443702697754 10.025110244750977 
v 75.14140319824219 12.571394920349121 9.981470108032227 
v 75.36729431152344 13.269355773925781 11.267589569091797 
v 74.51367950439453 12.567352294921875 10.599580764770508 
v 74.57884216308594 12.27538776397705 11.033158302307129 
v 74.37466430664062 11.882346153259277 10.935797691345215 
v 74.18062591552734 12.343791961669922 10.782194137573242 
v 73.81861877441406 11.047576904296875 10.151607513427734 
v 74.12053680419922 11.098616600036621 10.592144012451172 
v 74.34932708740234 11.984786033630371 10.446731567382812 
v 74.46444702148438 11.986693382263184 10.26880168914795 
v 74.94084930419922 11.946290016174316 9.77624225616455 
v 75.74595642089844 11.80223274230957 8.936015129089355 
v 76.55323791503906 11.601977348327637 8.086912155151367 
v 78.01068878173828 10.739797592163086 6.51153039932251 
v 79.29292297363281 9.572001457214355 5.087642669677734 
v 79.71430206298828 9.107880592346191 4.611438274383545 
v 75.12329864501953 12.794023513793945 11.596712112426758 
v 74.18062591552734 12.343791961669922 10.782194137573242 
v 74.98211669921875 13.22355842590332 11.79452896118164 
v 79.86272430419922 8.915663719177246 4.8377885818481445 
v 80.16464233398438 8.439340591430664 4.426072597503662 
v 79.92788696289062 8.509078979492188 4.685364246368408 
v 79.73963928222656 8.168645858764648 4.853280544281006 
v 79.45148468017578 8.250259399414062 4.6274919509887695 
v 79.36749267578125 7.721189022064209 5.221179962158203 
v 79.06702423095703 7.8113112449646 4.960285186767578 
v 77.69356536865234 6.565319538116455 6.371847152709961 
v 76.62491607666016 5.894168853759766 7.997690677642822 
v 75.81111907958984 5.546443462371826 8.972332000732422 
v 74.86917114257812 5.429335117340088 9.610589981079102 
v 74.2175521850586 5.016793727874756 10.547234535217285 
v 74.99514770507812 4.296404838562012 11.262473106384277 
v 74.81776428222656 4.9050517082214355 11.533462524414062 
v 75.4520034790039 5.312081813812256 11.877678871154785 
v 75.68224334716797 5.0942277908325195 12.177680015563965 
v 74.65558624267578 4.47752571105957 11.677764892578125 
v 73.98369598388672 5.222433567047119 10.832660675048828 
v 74.31674194335938 5.485504627227783 10.986934661865234 
v 74.19945526123047 5.718130588531494 10.894997596740723 
v 74.10533142089844 5.520779132843018 10.413451194763184 
v 74.22117614746094 5.5114898681640625 10.291996002197266 
v 75.06175994873047 5.630947589874268 9.765275001525879 
v 74.92274475097656 6.123289585113525 9.658968925476074 
v 75.67500305175781 5.965907573699951 8.924691200256348 
v 74.68599700927734 6.154415130615234 9.444015502929688 
v 75.44403839111328 6.008676052093506 8.682260513305664 
v 76.43521881103516 5.951155185699463 7.707304954528809 
v 76.34834289550781 7.1060028076171875 7.280944347381592 
v 74.75839233398438 7.053246021270752 8.774731636047363 
v 74.0597152709961 6.275304794311523 10.04527759552002 
v 74.33194732666016 6.26041316986084 10.196250915527344 
v 74.43982696533203 5.709296703338623 10.411834716796875 
v 73.95835876464844 6.2880635261535645 10.20425033569336 
v 73.91853332519531 6.5233683586120605 10.546767234802246 
v 73.5239486694336 6.6343159675598145 10.087712287902832 
v 73.68467712402344 7.240838527679443 10.245382308959961 
v 73.35814666748047 8.087944984436035 9.857196807861328 
v 72.94183349609375 8.084256172180176 9.560990333557129 
v 73.69481658935547 7.182187557220459 9.800271034240723 
v 73.33642578125 8.035452842712402 9.297999382019043 
v 74.35873413085938 8.02270793914795 8.455292701721191 
v 75.94144439697266 8.078035354614258 7.13638162612915 
v 76.86383819580078 8.13133716583252 6.3869948387146 
v 77.54803466796875 7.499180316925049 6.172740459442139 
v 78.76728820800781 8.395221710205078 5.069891929626465 
v 77.40106201171875 8.399346351623535 5.94859504699707 
v 76.91452026367188 8.668567657470703 6.379488468170166 
v 75.97184753417969 8.821022987365723 7.1529412269592285 
v 77.51473236083984 9.211287498474121 6.230679512023926 
v 76.28824615478516 9.953352928161621 7.556713104248047 
v 77.74424743652344 10.295145988464355 6.531583786010742 
v 74.43331146240234 9.091348648071289 8.454017639160156 
v 74.89668273925781 10.32700252532959 8.980217933654785 
v 76.3736801147461 11.013029098510742 8.017370223999023 
v 75.5975341796875 11.11063003540039 8.803821563720703 
v 76.67124938964844 11.057353973388672 8.250856399536133 
v 75.87049102783203 11.150030136108398 9.043923377990723 
v 76.71976470947266 11.376625061035156 8.283770561218262 
v 78.01720428466797 10.297157287597656 6.74346923828125 
v 74.75187683105469 11.129084587097168 9.63368034362793 
v 73.9800796508789 10.534754753112793 9.965021133422852 
v 73.36538696289062 9.14181900024414 9.289711952209473 
v 73.4435806274414 9.160614967346191 9.856429100036621 
v 73.146728515625 9.36469841003418 9.600821495056152 
v 73.94025421142578 10.562285423278809 10.397175788879395 
v 74.15167236328125 11.113064765930176 10.21682071685791 
v 74.33702087402344 11.146764755249023 10.046506881713867 
v 74.68816375732422 11.74678897857666 10.418610572814941 
v 75.09217071533203 11.736164093017578 9.949692726135254 
v 75.89510345458984 11.604755401611328 9.106534004211426 
v 78.16851806640625 10.507280349731445 6.732812881469727 
v 79.42107391357422 9.371724128723145 5.3455376625061035 
v 79.267578125 9.24018669128418 5.34979772567749 
v 78.95262908935547 9.247578620910645 5.160801410675049 
v 79.3747329711914 8.818721771240234 4.729729652404785 
v 79.2364501953125 8.468999862670898 4.7761921882629395 
v 79.62451934814453 8.528223991394043 4.533117771148682 
v 79.70198822021484 8.822074890136719 4.9309306144714355 
v 76.4931411743164 4.722702980041504 10.932611465454102 
v 77.22005462646484 4.574396133422852 9.8331880569458 
v 78.08235931396484 4.696329593658447 8.635704040527344 
v 77.58786010742188 4.182844161987305 7.998636722564697 
v 79.30377960205078 5.80877161026001 7.081634521484375 
v 78.90122985839844 5.2975263595581055 6.394201755523682 
v 80.44918060302734 7.284256458282471 5.505388259887695 
v 80.51506042480469 7.2875237464904785 4.4702467918396 
v 80.84087371826172 7.875119686126709 4.973736763000488 
v 81.1275863647461 8.4319486618042 4.6150689125061035 
v 81.04576873779297 8.467320442199707 4.789546489715576 
v 80.71127319335938 9.145370483398438 5.257381439208984 
v 80.34130096435547 9.740710258483887 4.787792682647705 
v 81.25501251220703 8.46017837524414 3.609294891357422 
v 80.42094421386719 7.385677337646484 5.642951488494873 
v 80.79598236083984 7.941949367523193 5.125941753387451 
v 79.30885314941406 6.043968200683594 7.229690074920654 
v 78.15983581542969 5.273519515991211 8.92896556854248 
v 77.35762023925781 5.239016056060791 10.11483383178711 
v 76.75740814208984 5.278515338897705 11.005221366882324 
v 75.93492889404297 4.886462211608887 11.844051361083984 
v 75.57363891601562 5.515934467315674 11.94943904876709 
v 76.00659942626953 6.335937976837158 12.13486099243164 
v 76.57423400878906 6.512022495269775 12.492541313171387 
v 76.11955261230469 5.37689733505249 11.948233604431152 
v 76.21077728271484 5.3700714111328125 11.807191848754883 
v 76.53803253173828 5.516068458557129 10.874109268188477 
v 77.1331787109375 5.450933456420898 9.959696769714355 
v 77.90497589111328 5.488234996795654 8.78412914276123 
v 79.03010559082031 6.242114067077637 7.184063911437988 
v 80.14002227783203 7.5167670249938965 5.609694004058838 
v 80.48682403564453 8.02042293548584 5.12043571472168 
v 80.38980865478516 8.13729190826416 5.330485820770264 
v 80.09151458740234 7.686922550201416 5.754092693328857 
v 78.98521423339844 6.44797945022583 7.370033264160156 
v 77.91439056396484 5.809629440307617 8.962921142578125 
v 77.23381042480469 5.854609489440918 10.102710723876953 
v 76.70021057128906 5.998106479644775 11.012508392333984 
v 76.96520233154297 6.003924369812012 11.194122314453125 
v 77.5241470336914 5.87408447265625 10.273381233215332 
v 78.24309539794922 5.839629173278809 9.08245849609375 
v 79.28929901123047 6.474283218383789 7.584068775177002 
v 80.41876983642578 7.747256755828857 5.9904961585998535 
v 80.67941284179688 8.194043159484863 5.562821388244629 
v 80.52882385253906 8.48623275756836 5.127462387084961 
v 80.72357940673828 8.42086124420166 4.833446502685547 
v 80.41876983642578 8.89281940460205 5.247328281402588 
v 80.6895523071289 9.066222190856934 5.333347797393799 
v 80.361572265625 9.64139461517334 5.772870063781738 
v 79.27047729492188 11.020541191101074 7.371660232543945 
v 78.88674926757812 11.507521629333496 6.722031593322754 
v 77.48359680175781 12.712362289428711 8.60007095336914 
v 78.04471588134766 12.146462440490723 9.193649291992188 
v 77.41771697998047 12.342909812927246 10.138141632080078 
v 76.36209869384766 13.069443702697754 10.025110244750977 
v 76.69514465332031 12.457633018493652 11.211636543273926 
v 75.36729431152344 13.269355773925781 11.267589569091797 
v 76.21439361572266 12.477433204650879 11.933135032653809 
v 75.12329864501953 12.794023513793945 11.596712112426758 
v 75.78433227539062 12.206855773925781 12.066424369812012 
v 74.98211669921875 13.22355842590332 11.79452896118164 
v 76.05076599121094 12.447198867797852 12.368877410888672 
v 76.05076599121094 12.447198867797852 12.368877410888672 
v 75.91827392578125 11.69413948059082 12.171977043151855 
v 76.36354064941406 11.900123596191406 12.031468391418457 
v 76.48880004882812 11.467666625976562 12.410298347473145 
v 76.17095184326172 10.910847663879395 12.313142776489258 
v 76.6053695678711 10.956748962402344 12.14345932006836 
v 76.8681869506836 10.347870826721191 12.232397079467773 
v 76.7038345336914 11.004329681396484 11.992980003356934 
v 76.49531555175781 11.908185958862305 11.902247428894043 
v 76.85587310791016 11.843156814575195 11.312532424926758 
v 77.49663543701172 11.700446128845215 10.298827171325684 
v 78.11711883544922 11.537470817565918 9.34859561920166 
v 79.28133392333984 10.687162399291992 7.516045093536377 
v 80.33985137939453 9.534595489501953 5.8733954429626465 
v 80.05241394042969 9.340929985046387 5.818291187286377 
v 80.07630920410156 9.200209617614746 5.9606757164001465 
v 80.36012268066406 8.793294906616211 5.4202165603637695 
v 80.74747467041016 8.478055000305176 5.3878092765808105 
v 79.05326843261719 10.454092025756836 7.4161906242370605 
v 80.62945556640625 8.759258270263672 5.690877914428711 
v 80.3318862915039 9.175353050231934 6.223447322845459 
v 80.59036254882812 8.401250839233398 5.8357834815979 
v 80.41370391845703 8.313586235046387 6.337561130523682 
v 79.51519775390625 7.3535051345825195 7.81944465637207 
v 78.64275360107422 6.95416259765625 9.302205085754395 
v 77.55672454833984 6.886397361755371 11.175766944885254 
v 76.53006744384766 6.109698295593262 11.948137283325195 
v 76.3208236694336 6.118322849273682 11.716788291931152 
v 76.05511474609375 5.58848237991333 11.632973670959473 
v 76.39974212646484 6.121337890625 12.083454132080078 
v 76.46490478515625 7.137692928314209 12.400288581848145 
v 77.32359313964844 7.902945518493652 13.053641319274902 
v 77.02095031738281 8.001913070678711 12.689851760864258 
v 76.90293884277344 6.9791789054870605 12.29353141784668 
v 77.01443481445312 8.81554126739502 12.6329927444458 
v 77.30838775634766 8.93319034576416 12.934487342834473 
v 77.52124786376953 7.78350830078125 12.571040153503418 
v 78.01864624023438 7.799872398376465 11.561964988708496 
v 78.95552825927734 7.895512580871582 9.694622039794922 
v 79.55284118652344 7.983190536499023 8.476551055908203 
v 79.87141418457031 8.268442153930664 7.868481159210205 
v 79.6549301147461 9.072553634643555 7.7896246910095215 
v 79.31970977783203 10.197392463684082 7.764667510986328 
v 79.0663070678711 10.232099533081055 7.553781509399414 
v 77.86298370361328 11.289624214172363 9.203471183776855 
v 77.32720947265625 11.500287055969238 10.230243682861328 
v 76.69804382324219 11.614229202270508 11.212294578552246 
v 76.3353042602539 11.620823860168457 11.713264465332031 
v 76.50255584716797 11.004782676696777 11.728947639465332 
v 76.75740814208984 11.034234046936035 11.234320640563965 
v 77.36775970458984 11.043546676635742 10.216217994689941 
v 77.95059204101562 10.968561172485352 9.249919891357422 
v 78.22933959960938 10.902956008911133 9.478625297546387 
v 79.57963562011719 8.522212982177734 8.454798698425293 
v 77.05353546142578 10.9585542678833 11.445479393005371 
v 77.61537170410156 10.148853302001953 11.08047103881836 
v 77.65953826904297 10.976597785949707 10.423048973083496 
v 78.6680908203125 9.781927108764648 9.375635147094727 
v 78.97724914550781 8.6595458984375 9.70659351348877 
v 78.06643676757812 8.873661994934082 11.55229377746582 
v 77.58641052246094 8.889313697814941 12.599762916564941 
v 76.49893951416016 10.136064529418945 12.41920280456543 
v 76.98837280273438 10.110200881958008 12.624870300292969 
v 61.19826126098633 4.182844161987305 7.998636722564697 
v 62.62385177612305 4.066495418548584 9.802780151367188 
v 61.91938400268555 4.7548956871032715 7.714237213134766 
v 62.89463424682617 4.654681205749512 8.83667278289795 
v 63.153831481933594 5.328935623168945 8.781279563903809 
v 63.82137680053711 4.834000110626221 9.787151336669922 
v 61.223602294921875 5.254081726074219 6.86988639831543 
v 60.52854537963867 4.650796413421631 7.174777984619141 
v 60.650901794433594 5.873046398162842 6.212437152862549 
v 59.884891510009766 5.2975263595581055 6.394201755523682 
v 59.869686126708984 6.702025890350342 5.382427215576172 
v 59.122501373291016 6.186734676361084 5.475898742675781 
v 58.27105712890625 7.2875237464904785 4.4702467918396 
v 59.2846794128418 7.324011325836182 4.798614501953125 
v 58.819862365722656 7.912187099456787 4.320889472961426 
v 58.51142883300781 8.504390716552734 3.973905563354492 
v 58.643924713134766 8.508753776550293 4.101977348327637 
v 59.0008659362793 9.18870735168457 4.554676055908203 
v 58.444820404052734 9.740710258483887 4.787792682647705 
v 57.53110885620117 8.46017837524414 3.609294891357422 
v 59.40559005737305 7.434725284576416 4.86228084564209 
v 58.952354431152344 7.979801177978516 4.4017462730407715 
v 59.98335647583008 6.837927341461182 5.441120624542236 
v 60.78050231933594 6.117760181427002 6.252254962921143 
v 61.422706604003906 5.645109176635742 6.918156147003174 
v 62.17930603027344 5.373734951019287 7.741412162780762 
v 62.006263732910156 5.56829309463501 7.952188491821289 
v 61.27645492553711 5.848958969116211 7.152710437774658 
v 60.660316467285156 6.296757221221924 6.521669864654541 
v 59.89358139038086 6.970913887023926 5.750874042510986 
v 59.301334381103516 7.547897815704346 5.134270668029785 
v 58.87199020385742 8.043940544128418 4.705554485321045 
v 60.81670379638672 6.510013103485107 6.616318702697754 
v 60.07965087890625 7.140286922454834 5.836386680603027 
v 59.41862487792969 7.721189022064209 5.221179962158203 
v 59.046478271484375 8.168645858764648 4.853280544281006 
v 61.40605545043945 6.122442245483398 7.224183082580566 
v 61.092552185058594 6.565319538116455 6.371847152709961 
v 60.36274337768555 7.180704116821289 5.612652778625488 
v 59.719093322753906 7.8113112449646 4.960285186767578 
v 59.33463668823242 8.250259399414062 4.6274919509887695 
v 58.85823440551758 8.509078979492188 4.685364246368408 
v 58.62147903442383 8.439340591430664 4.426072597503662 
v 58.923397064208984 8.915663719177246 4.8377885818481445 
v 59.07181930541992 9.107880592346191 4.611438274383545 
v 59.39834976196289 9.683725357055664 5.045618534088135 
v 59.97829055786133 10.408451080322266 5.760801792144775 
v 59.29047393798828 10.808992385864258 5.928746223449707 
v 60.61325454711914 11.094554901123047 6.522679805755615 
v 59.89937210083008 11.507521629333496 6.722031593322754 
v 61.33292770385742 11.804614067077637 7.38705587387085 
v 60.61035919189453 12.247692108154297 7.6724958419799805 
v 62.0316047668457 12.214770317077637 8.162165641784668 
v 61.302520751953125 12.712362289428711 8.60007095336914 
v 62.78023910522461 12.446929931640625 9.017993927001953 
v 62.42402267456055 13.069443702697754 10.025110244750977 
v 63.644718170166016 12.571394920349121 9.981470108032227 
v 63.4188232421875 13.269355773925781 11.267589569091797 
v 64.2724380493164 12.567352294921875 10.599580764770508 
v 64.19135284423828 12.285574913024902 11.017256736755371 
v 64.31298828125 11.862531661987305 10.930593490600586 
v 64.49761199951172 12.409390449523926 10.911635398864746 
v 64.77201080322266 11.181238174438477 10.293224334716797 
v 64.59173583984375 10.992488861083984 10.68732738494873 
v 65.0261459350586 10.456391334533691 10.002196311950684 
v 63.62299728393555 12.81339168548584 11.540360450744629 
v 64.49761199951172 12.409390449523926 10.911635398864746 
v 63.82282638549805 13.203968048095703 11.787544250488281 
v 64.4367904663086 11.984786033630371 10.446731567382812 
v 64.3216781616211 11.986693382263184 10.26880168914795 
v 63.845272064208984 11.946290016174316 9.77624225616455 
v 63.0401611328125 11.80223274230957 8.936015129089355 
v 62.23288345336914 11.601977348327637 8.086912155151367 
v 61.53565216064453 11.294363021850586 7.342785835266113 
v 61.39302062988281 11.073264122009277 7.570930004119873 
v 60.77543258666992 10.739797592163086 6.51153039932251 
v 62.06635665893555 11.376625061035156 8.283770561218262 
v 62.891014099121094 11.604755401611328 9.106534004211426 
v 63.69395065307617 11.736164093017578 9.949692726135254 
v 64.09795379638672 11.74678897857666 10.418610572814941 
v 64.44910430908203 11.146764755249023 10.046506881713867 
v 64.63445281982422 11.113064765930176 10.21682071685791 
v 64.75825500488281 10.306599617004395 10.379491806030273 
v 65.69947814941406 8.539205551147461 9.621819496154785 
v 65.25493621826172 9.02247428894043 9.815542221069336 
v 65.38453674316406 8.116827011108398 9.855401992797852 
v 65.30489349365234 6.790370464324951 10.051262855529785 
v 65.13981628417969 7.322446346282959 10.312623023986816 
v 64.93057250976562 6.479818344116211 10.69775390625 
v 65.09130859375 7.182187557220459 9.800271034240723 
v 64.82776641845703 6.2880635261535645 10.20425033569336 
v 64.6576156616211 5.645364284515381 10.952773094177246 
v 64.85237884521484 5.0994038581848145 10.866931915283203 
v 65.44969177246094 8.035452842712402 9.297999382019043 
v 65.42073059082031 9.14181900024414 9.289711952209473 
v 64.80604553222656 10.534754753112793 9.965021133422852 
v 64.03424072265625 11.129084587097168 9.63368034362793 
v 63.889434814453125 10.32700252532959 8.980217933654785 
v 64.3528060913086 9.091348648071289 8.454017639160156 
v 64.42738342285156 8.02270793914795 8.455292701721191 
v 64.02772521972656 7.053246021270752 8.774731636047363 
v 64.72640228271484 6.275304794311523 10.04527759552002 
v 64.6807861328125 5.520779132843018 10.413451194763184 
v 64.46937561035156 5.270565986633301 11.068434715270996 
v 64.85237884521484 5.0994038581848145 10.866931915283203 
v 63.99876403808594 4.778102874755859 11.598895072937012 
v 64.1428451538086 4.385392189025879 11.726775169372559 
v 62.9887580871582 5.166991710662842 12.250139236450195 
v 63.266056060791016 5.186699867248535 11.963205337524414 
v 63.129215240478516 5.574031352996826 12.105973243713379 
v 63.79096984863281 4.296404838562012 11.262473106384277 
v 64.56929016113281 5.016793727874756 10.547234535217285 
v 64.56494140625 5.5114898681640625 10.291996002197266 
v 64.3462905883789 5.709296703338623 10.411834716796875 
v 64.45417022705078 6.26041316986084 10.196250915527344 
v 63.724361419677734 5.630947589874268 9.765275001525879 
v 63.863372802734375 6.123289585113525 9.658968925476074 
v 64.10012817382812 6.154415130615234 9.444015502929688 
v 63.342079162597656 6.008676052093506 8.682260513305664 
v 63.11111831665039 5.965907573699951 8.924691200256348 
v 62.16120529174805 5.894168853759766 7.997690677642822 
v 62.97500228881836 5.546443462371826 8.972332000732422 
v 63.91695022583008 5.429335117340088 9.610589981079102 
v 61.62470626831055 6.164091110229492 6.990655899047852 
v 61.23808288574219 7.499180316925049 6.172740459442139 
v 60.01883316040039 8.395221710205078 5.069891929626465 
v 59.5496711730957 8.468999862670898 4.7761921882629395 
v 59.161598205566406 8.528223991394043 4.533117771148682 
v 59.084129333496094 8.822074890136719 4.9309306144714355 
v 59.51853942871094 9.24018669128418 5.34979772567749 
v 59.41138458251953 8.818721771240234 4.729729652404785 
v 59.8334846496582 9.247578620910645 5.160801410675049 
v 60.445281982421875 9.806961059570312 5.856095314025879 
v 60.11151123046875 9.809532165527344 6.063529014587402 
v 60.768917083740234 10.297157287597656 6.74346923828125 
v 59.985530853271484 9.98271369934082 6.02109432220459 
v 59.365047454833984 9.371724128723145 5.3455376625061035 
v 59.49319839477539 9.572001457214355 5.087642669677734 
v 60.12236785888672 10.174593925476074 5.797415733337402 
v 60.61759567260742 10.507280349731445 6.732812881469727 
v 61.51393127441406 10.800115585327148 7.561903953552246 
v 61.041873931884766 10.295145988464355 6.531583786010742 
v 61.271385192871094 9.211287498474121 6.230679512023926 
v 61.38505554199219 8.399346351623535 5.94859504699707 
v 61.922279357910156 8.13133716583252 6.3869948387146 
v 61.87159729003906 8.668567657470703 6.379488468170166 
v 62.81427001953125 8.821022987365723 7.1529412269592285 
v 62.49787139892578 9.953352928161621 7.556713104248047 
v 61.77385330200195 10.790267944335938 7.34722375869751 
v 62.412437438964844 11.013029098510742 8.017370223999023 
v 62.1148681640625 11.057353973388672 8.250856399536133 
v 62.91563034057617 11.150030136108398 9.043923377990723 
v 63.766353607177734 11.160425186157227 9.87276840209961 
v 64.19135284423828 11.14384937286377 10.232449531555176 
v 63.1885871887207 11.11063003540039 8.803821563720703 
v 62.84467697143555 8.078035354614258 7.13638162612915 
v 62.43777847290039 7.1060028076171875 7.280944347381592 
v 62.35089874267578 5.951155185699463 7.707304954528809 
v 62.29297637939453 4.722702980041504 10.932611465454102 
v 61.566062927246094 4.574396133422852 9.8331880569458 
v 62.851192474365234 4.886462211608887 11.844051361083984 
v 62.666568756103516 5.37689733505249 11.948233604431152 
v 62.386375427246094 6.121337890625 12.083454132080078 
v 62.79616928100586 6.37153434753418 12.274998664855957 
v 62.28139114379883 7.245718002319336 12.550439834594727 
v 61.76371765136719 7.4134087562561035 12.812101364135742 
v 61.77240753173828 7.917953014373779 12.706425666809082 
v 61.75647735595703 8.837369918823242 12.654730796813965 
v 61.49148941040039 8.93957233428955 12.91629695892334 
v 62.12138366699219 10.780987739562988 12.401723861694336 
v 62.39289093017578 10.256742477416992 12.4036283493042 
v 62.59634017944336 10.831814765930176 12.290542602539062 
v 62.87580871582031 12.384958267211914 12.245285034179688 
v 62.88956832885742 11.701752662658691 12.111433982849121 
v 63.000343322753906 12.180662155151367 11.981732368469238 
v 62.422576904296875 11.900123596191406 12.031468391418457 
v 62.18075180053711 10.956748962402344 12.14345932006836 
v 62.0822868347168 11.004329681396484 11.992980003356934 
v 61.91793441772461 10.347870826721191 12.232397079467773 
v 61.19970703125 8.889313697814941 12.599762916564941 
v 61.264869689941406 7.78350830078125 12.571040153503418 
v 61.883182525634766 6.9791789054870605 12.29353141784668 
v 62.25605010986328 6.109698295593262 11.948137283325195 
v 62.57534408569336 5.3700714111328125 11.807191848754883 
v 62.028709411621094 5.278515338897705 11.005221366882324 
v 61.428497314453125 5.239016056060791 10.11483383178711 
v 60.703758239746094 4.696329593658447 8.635704040527344 
v 61.19826126098633 4.182844161987305 7.998636722564697 
v 60.02607345581055 5.1834259033203125 7.757274150848389 
v 60.52854537963867 4.650796413421631 7.174777984619141 
v 59.482337951660156 5.80877161026001 7.081634521484375 
v 59.884891510009766 5.2975263595581055 6.394201755523682 
v 62.9887580871582 5.166991710662842 12.250139236450195 
v 62.324832916259766 6.279958724975586 12.44979190826416 
v 60.00507736206055 5.560344696044922 7.982842922210693 
v 60.626285552978516 5.273519515991211 8.92896556854248 
v 60.881141662597656 5.488234996795654 8.78412914276123 
v 61.6529426574707 5.450933456420898 9.959696769714355 
v 62.248085021972656 5.516068458557129 10.874109268188477 
v 62.73100662231445 5.58848237991333 11.632973670959473 
v 62.465293884277344 6.118322849273682 11.716788291931152 
v 62.085906982421875 5.998106479644775 11.012508392333984 
v 61.55230712890625 5.854609489440918 10.102710723876953 
v 60.871726989746094 5.809629440307617 8.962921142578125 
v 61.2619743347168 5.87408447265625 10.273381233215332 
v 61.82091522216797 6.003924369812012 11.194122314453125 
v 61.229393005371094 6.886397361755371 11.175766944885254 
v 60.76747131347656 7.799872398376465 11.561964988708496 
v 60.71968460083008 8.873661994934082 11.55229377746582 
v 61.170745849609375 10.148853302001953 11.08047103881836 
v 61.73258590698242 10.9585542678833 11.445479393005371 
v 62.028709411621094 11.034234046936035 11.234320640563965 
v 62.28356170654297 11.004782676696777 11.728947639465332 
v 62.45081329345703 11.620823860168457 11.713264465332031 
v 62.290802001953125 11.908185958862305 11.902247428894043 
v 62.57172393798828 12.477433204650879 11.933135032653809 
v 63.62299728393555 12.81339168548584 11.540360450744629 
v 63.82282638549805 13.203968048095703 11.787544250488281 
v 62.87580871582031 12.384958267211914 12.245285034179688 
v 63.4188232421875 13.269355773925781 11.267589569091797 
v 62.090972900390625 12.457633018493652 11.211636543273926 
v 62.42402267456055 13.069443702697754 10.025110244750977 
v 61.93024444580078 11.843156814575195 11.312532424926758 
v 62.088077545166016 11.614229202270508 11.212294578552246 
v 61.41836166381836 11.043546676635742 10.216217994689941 
v 61.126583099365234 10.976597785949707 10.423048973083496 
v 60.55678176879883 10.902956008911133 9.478625297546387 
v 60.11802673339844 9.781927108764648 9.375635147094727 
v 59.808868408203125 8.6595458984375 9.70659351348877 
v 59.830589294433594 7.895512580871582 9.694622039794922 
v 60.143367767333984 6.95416259765625 9.302205085754395 
v 60.543025970458984 5.839629173278809 9.08245849609375 
v 60.0000114440918 6.070479393005371 8.223355293273926 
v 60.27947998046875 6.053914546966553 8.062095642089844 
v 60.25486373901367 5.783007621765137 7.905027866363525 
v 59.75601577758789 6.242114067077637 7.184063911437988 
v 59.47726821899414 6.043968200683594 7.229690074920654 
v 58.806827545166016 6.6473798751831055 6.175056457519531 
v 59.122501373291016 6.186734676361084 5.475898742675781 
v 58.27105712890625 7.2875237464904785 4.4702467918396 
v 58.33694076538086 7.284256458282471 5.505388259887695 
v 57.945247650146484 7.875119686126709 4.973736763000488 
v 57.65853500366211 8.4319486618042 4.6150689125061035 
v 57.53110885620117 8.46017837524414 3.609294891357422 
v 58.444820404052734 9.740710258483887 4.787792682647705 
v 58.07484436035156 9.145370483398438 5.257381439208984 
v 57.74034881591797 8.467320442199707 4.789546489715576 
v 57.990135192871094 7.941949367523193 5.125941753387451 
v 58.365177154541016 7.385677337646484 5.642951488494873 
v 58.82999801635742 6.778243064880371 6.306373119354248 
v 59.143497467041016 6.930825710296631 6.297524929046631 
v 59.800907135009766 6.44797945022583 7.370033264160156 
v 59.49681854248047 6.474283218383789 7.584068775177002 
v 59.27092361450195 7.3535051345825195 7.81944465637207 
v 59.2332763671875 7.983190536499023 8.476551055908203 
v 59.206485748291016 8.522212982177734 8.454798698425293 
v 58.91470718383789 8.268442153930664 7.868481159210205 
v 59.131187438964844 9.072553634643555 7.7896246910095215 
v 59.466407775878906 10.197392463684082 7.764667510986328 
v 60.05575942993164 10.671914100646973 8.679011344909668 
v 60.31713104248047 10.723973274230957 8.49291706085205 
v 60.83552551269531 10.968561172485352 9.249919891357422 
v 60.923133850097656 11.289624214172363 9.203471183776855 
v 61.45890808105469 11.500287055969238 10.230243682861328 
v 61.289485931396484 11.700446128845215 10.298827171325684 
v 60.669002532958984 11.537470817565918 9.34859561920166 
v 60.3786735534668 10.99555778503418 8.351614952087402 
v 61.368404388427734 12.342909812927246 10.138141632080078 
v 60.74140548706055 12.146462440490723 9.193649291992188 
v 61.302520751953125 12.712362289428711 8.60007095336914 
v 60.61035919189453 12.247692108154297 7.6724958419799805 
v 60.15350341796875 11.725225448608398 8.31132984161377 
v 60.126712799072266 11.239598274230957 8.494451522827148 
v 59.89937210083008 11.507521629333496 6.722031593322754 
v 59.51564407348633 11.020541191101074 7.371660232543945 
v 59.29047393798828 10.808992385864258 5.928746223449707 
v 59.504783630371094 10.687162399291992 7.516045093536377 
v 59.73284912109375 10.454092025756836 7.4161906242370605 
v 59.71981430053711 10.232099533081055 7.553781509399414 
v 58.9588737487793 9.727567672729492 7.008281707763672 
v 58.37241744995117 8.313586235046387 6.337561130523682 
v 58.89009094238281 7.101311683654785 6.732280731201172 
v 59.17462921142578 7.092808246612549 6.5069169998168945 
v 58.69460678100586 7.686922550201416 5.754092693328857 
v 58.367347717285156 7.747256755828857 5.9904961585998535 
v 58.10670471191406 8.194043159484863 5.562821388244629 
v 58.19575881958008 8.401250839233398 5.8357834815979 
v 58.45423126220703 9.175353050231934 6.223447322845459 
v 59.23689651489258 9.758247375488281 6.731771945953369 
v 59.21445083618164 9.937363624572754 6.609591484069824 
v 58.962493896484375 10.14558219909668 6.679187774658203 
v 58.95742416381836 10.341827392578125 6.55102014541626 
v 58.42454528808594 9.64139461517334 5.772870063781738 
v 58.09656524658203 9.066222190856934 5.333347797393799 
v 58.446266174316406 9.534595489501953 5.8733954429626465 
v 58.73370361328125 9.340929985046387 5.818291187286377 
v 58.70981216430664 9.200209617614746 5.9606757164001465 
v 58.15666198730469 8.759258270263672 5.690877914428711 
v 58.03864669799805 8.478055000305176 5.3878092765808105 
v 58.367347717285156 8.89281940460205 5.247328281402588 
v 58.062538146972656 8.42086124420166 4.833446502685547 
v 58.29928970336914 8.02042293548584 5.12043571472168 
v 58.25729751586914 8.48623275756836 5.127462387084961 
v 58.425994873046875 8.793294906616211 5.4202165603637695 
v 58.646095275878906 7.5167670249938965 5.609694004058838 
v 58.39630889892578 8.13729190826416 5.330485820770264 
v 77.58786010742188 1.7340757846832275 27.47110366821289 
v 76.86673736572266 2.217899799346924 27.888286590576172 
v 76.16226959228516 2.068047285079956 25.69432830810547 
v 75.89148712158203 2.3987154960632324 26.775985717773438 
v 74.9647445678711 2.8077850341796875 25.89950180053711 
v 75.63228607177734 3.0382606983184814 26.996597290039062 
v 76.6068115234375 2.8241989612579346 28.015178680419922 
v 77.56251525878906 2.492485523223877 28.82994270324707 
v 78.25757598876953 1.9834740161895752 28.385173797607422 
v 78.13521575927734 2.929396629333496 29.620174407958984 
v 78.90122985839844 2.4168004989624023 29.301572799682617 
v 78.91643524169922 3.5270581245422363 30.62959098815918 
v 79.66361999511719 3.050954580307007 30.411447525024414 
v 80.51506042480469 3.868474006652832 31.658336639404297 
v 79.5014419555664 3.985128164291382 31.349225997924805 
v 79.96625518798828 4.436707496643066 31.95770835876465 
v 80.27468872070312 4.924560546875 32.440513610839844 
v 80.14219665527344 4.960497856140137 32.31751251220703 
v 79.7852554321289 5.731366157531738 32.04726028442383 
v 80.34130096435547 6.323899745941162 31.95807647705078 
v 81.25501251220703 4.791449069976807 32.7828254699707 
v 79.38052368164062 4.108158111572266 31.31495475769043 
v 79.8337631225586 4.522235870361328 31.89611053466797 
v 78.80276489257812 3.673260450363159 30.606374740600586 
v 78.005615234375 3.176349639892578 29.64218521118164 
v 77.36341094970703 2.883289337158203 28.87999153137207 
v 76.77985382080078 3.0648865699768066 27.8591365814209 
v 78.89253997802734 3.8787994384765625 30.33919334411621 
v 78.12580108642578 3.4164791107177734 29.425477981567383 
v 77.5096664428711 3.138866424560547 28.70321273803711 
v 79.48478698730469 4.285150051116943 31.079456329345703 
v 79.91413116455078 4.659600257873535 31.61764144897461 
v 77.96941375732422 3.64652943611145 29.386577606201172 
v 78.70646667480469 4.0640716552734375 30.29827880859375 
v 79.36749267578125 4.474564075469971 31.038158416748047 
v 79.73963928222656 4.816998481750488 31.505390167236328 
v 77.38006591796875 3.4215309619903564 28.701679229736328 
v 77.69356536865234 3.6395838260650635 29.637130737304688 
v 78.42337799072266 4.047834396362305 30.525053024291992 
v 79.06702423095703 4.497283935546875 31.313243865966797 
v 79.45148468017578 4.8401665687561035 31.744356155395508 
v 79.92788696289062 5.105256080627441 31.752368927001953 
v 80.16464233398438 4.973489761352539 31.98632049560547 
v 79.86272430419922 5.536921501159668 31.705358505249023 
v 79.71430206298828 5.667109966278076 31.972251892089844 
v 79.38776397705078 6.332525253295898 31.694168090820312 
v 78.80783081054688 7.211762428283691 31.18069076538086 
v 79.49564361572266 7.641414165496826 31.117149353027344 
v 78.17286682128906 8.065140724182129 30.612411499023438 
v 78.88674926757812 8.514607429504395 30.521514892578125 
v 77.45319366455078 8.967105865478516 29.950756072998047 
v 78.1757583618164 9.467061996459961 29.78390884399414 
v 76.7545166015625 9.556405067443848 29.301334381103516 
v 77.48359680175781 10.146927833557129 29.00026512145996 
v 76.0058822631836 9.99323558807373 28.529634475708008 
v 76.36209869384766 10.845723152160645 27.7080078125 
v 75.14140319824219 10.352376937866211 27.62697410583496 
v 75.36729431152344 11.34704303741455 26.5537109375 
v 74.51367950439453 10.50150203704834 27.027109146118164 
v 75.10013580322266 10.972702980041504 26.079753875732422 
v 74.52381134033203 10.347474098205566 26.49403190612793 
v 74.18062591552734 10.330116271972656 26.794828414916992 
v 74.39131927490234 9.915360450744629 26.54460334777832 
v 73.8178939819336 8.918578147888184 27.081283569335938 
v 74.98211669921875 11.43313980102539 26.03183937072754 
v 74.34932708740234 9.899230003356934 27.03095817565918 
v 74.46444702148438 9.857023239135742 27.203819274902344 
v 74.94084930419922 9.6959228515625 27.671039581298828 
v 75.74595642089844 9.348313331604004 28.449438095092773 
v 76.55323791503906 8.944059371948242 29.222518920898438 
v 77.2504653930664 8.461782455444336 29.867313385009766 
v 77.39309692382812 8.304055213928223 29.591527938842773 
v 78.01068878173828 7.718668460845947 30.535377502441406 
v 76.71976470947266 8.774465560913086 28.975994110107422 
v 75.89510345458984 9.19920539855957 28.235332489013672 
v 75.09217071533203 9.535284042358398 27.45096206665039 
v 74.68816375732422 9.661681175231934 26.999277114868164 
v 74.33702087402344 8.98820686340332 27.211231231689453 
v 74.15167236328125 8.997725486755371 27.03787612915039 
v 74.08650970458984 8.925750732421875 26.698715209960938 
v 73.95763397216797 8.52016830444336 26.76618766784668 
v 73.146728515625 7.151278972625732 27.20180892944336 
v 73.43634033203125 6.957057952880859 26.89068603515625 
v 72.94183349609375 5.900843143463135 26.923368453979492 
v 73.39217376708984 5.874767780303955 26.544757843017578 
v 73.5239486694336 4.626462936401367 26.054048538208008 
v 73.62168884277344 5.253475666046143 26.0162296295166 
v 73.85554504394531 4.632965564727783 25.546586990356445 
v 73.95835876464844 4.319845676422119 25.85540771484375 
v 73.69481658935547 5.086106300354004 26.468189239501953 
v 73.33642578125 5.7884440422058105 27.166086196899414 
v 73.36538696289062 6.858310222625732 27.448047637939453 
v 73.9800796508789 8.375078201293945 27.138648986816406 
v 74.75187683105469 8.868864059448242 27.606826782226562 
v 74.89668273925781 7.929961204528809 28.041351318359375 
v 74.43331146240234 6.602497100830078 28.245223999023438 
v 74.35873413085938 5.567445755004883 27.979398727416992 
v 74.75839233398438 4.707260608673096 27.429872512817383 
v 74.0597152709961 4.268123626708984 26.006271362304688 
v 74.10533142089844 3.628248691558838 25.462745666503906 
v 74.25447845458984 3.9274890422821045 25.068971633911133 
v 73.98369598388672 3.4429869651794434 24.98271942138672 
v 74.34281158447266 3.6443803310394287 24.911272048950195 
v 74.83007049560547 3.230191469192505 24.265892028808594 
v 74.65558624267578 2.9305167198181152 23.9794921875 
v 75.68224334716797 3.6517937183380127 23.647836685180664 
v 75.55264282226562 3.8305654525756836 23.984148025512695 
v 75.66414642333984 4.098788738250732 23.99979019165039 
v 76.13982391357422 4.99536657333374 24.032047271728516 
v 76.57423400878906 5.1034016609191895 23.693817138671875 
v 76.4721450805664 5.606706142425537 24.021198272705078 
v 77.26277160644531 6.473181247711182 23.511545181274414 
v 76.96737670898438 6.431640148162842 23.93953514099121 
v 76.96955108642578 7.474640846252441 24.174705505371094 
v 77.30838775634766 7.558606147766113 23.865100860595703 
v 76.49893951416016 8.596445083618164 24.662168502807617 
v 76.96810150146484 8.611898422241211 24.441625595092773 
v 76.44029235839844 9.86355972290039 25.0033016204834 
v 76.17095184326172 9.320843696594238 24.956758499145508 
v 75.91827392578125 10.044795036315918 25.28746795654297 
v 76.04280090332031 10.843308448791504 25.285686492919922 
v 75.78433227539062 10.515413284301758 25.516679763793945 
v 74.98211669921875 11.43313980102539 26.03183937072754 
v 75.10013580322266 10.972702980041504 26.079753875732422 
v 75.36729431152344 11.34704303741455 26.5537109375 
v 76.21439361572266 10.744564056396484 25.712814331054688 
v 76.36354064941406 10.209576606750488 25.47460174560547 
v 76.6053695678711 9.323304176330566 25.132522583007812 
v 76.8681869506836 8.755404472351074 24.895599365234375 
v 77.58641052246094 7.433219909667969 24.178539276123047 
v 77.52124786376953 6.354733943939209 23.93257713317871 
v 76.90293884277344 5.506738662719727 24.002296447753906 
v 76.39974212646484 4.623593330383301 23.99343490600586 
v 76.11955261230469 3.868851900100708 23.94012451171875 
v 75.93492889404297 3.367892265319824 23.919633865356445 
v 74.998046875 2.6520988941192627 24.337900161743164 
v 74.2175521850586 3.1730797290802 25.208343505859375 
v 74.22117614746094 3.589177131652832 25.57811737060547 
v 74.43982696533203 3.8104965686798096 25.510986328125 
v 74.33194732666016 4.291075706481934 25.856311798095703 
v 75.06175994873047 3.5745015144348145 26.118017196655273 
v 74.92274475097656 4.025193214416504 26.342914581298828 
v 74.68599700927734 4.002127647399902 26.558881759643555 
v 75.44403839111328 3.6723198890686035 27.260833740234375 
v 75.67500305175781 3.6909077167510986 27.015361785888672 
v 76.62491607666016 3.3918814659118652 27.895736694335938 
v 75.81111907958984 3.296299695968628 26.865346908569336 
v 74.86917114257812 3.340867519378662 26.217966079711914 
v 77.16141510009766 3.4040627479553223 28.938247680664062 
v 77.54803466796875 4.49506950378418 30.06125831604004 
v 78.76728820800781 5.090151309967041 31.35162353515625 
v 79.2364501953125 5.088913440704346 31.65444564819336 
v 79.62451934814453 5.0861101150512695 31.90461540222168 
v 79.70198822021484 5.469308376312256 31.591943740844727 
v 79.267578125 5.9781107902526855 31.289642333984375 
v 79.3747329711914 5.4162421226501465 31.78605079650879 
v 78.95262908935547 5.938478469848633 31.474584579467773 
v 78.34083557128906 6.652594566345215 30.93943977355957 
v 78.67460632324219 6.706445217132568 30.73910140991211 
v 78.01720428466797 7.3472371101379395 30.201065063476562 
v 78.80059051513672 6.863728046417236 30.82309341430664 
v 79.42107391357422 6.104497909545898 31.326337814331055 
v 79.29292297363281 6.23468542098999 31.625789642333984 
v 78.66374969482422 6.9942522048950195 31.087316513061523 
v 78.16851806640625 7.5481791496276855 30.263416290283203 
v 77.27218627929688 8.037176132202148 29.532644271850586 
v 77.74424743652344 7.292827129364014 30.405855178833008 
v 77.51473236083984 6.168212890625 30.429031372070312 
v 77.40106201171875 5.311710357666016 30.501300811767578 
v 76.86383819580078 5.160592079162598 30.01019287109375 
v 76.91452026367188 5.679236888885498 30.150480270385742 
v 75.97184753417969 6.018448352813721 29.438858032226562 
v 76.28824615478516 7.215493202209473 29.328018188476562 
v 77.01226043701172 7.974481582641602 29.738201141357422 
v 76.3736801147461 8.356230735778809 29.144075393676758 
v 76.67124938964844 8.456986427307129 28.9288330078125 
v 75.87049102783203 8.743136405944824 28.183406829833984 
v 75.01976776123047 8.958425521850586 27.38294219970703 
v 74.59476470947266 9.031421661376953 27.030357360839844 
v 75.5975341796875 8.645515441894531 28.40627670288086 
v 75.94144439697266 5.29449462890625 29.27094268798828 
v 76.34834289550781 4.388520240783691 28.89021110534668 
v 76.43521881103516 3.3751955032348633 28.19118881225586 
v 76.4931411743164 2.9835634231567383 24.762149810791016 
v 77.22005462646484 2.567662477493286 25.790620803833008 
v 76.75740814208984 3.5400478839874268 24.829416275024414 
v 76.21077728271484 3.827317237854004 24.07508659362793 
v 76.53006744384766 4.578812122344971 24.12165641784668 
v 77.55672454833984 5.140092372894287 25.062286376953125 
v 78.01864624023438 6.12074613571167 24.914283752441406 
v 78.06643676757812 7.158707141876221 25.18951988220215 
v 77.61537170410156 8.277372360229492 25.962383270263672 
v 77.05353546142578 9.152235984802246 25.80921745300293 
v 76.7038345336914 9.332144737243652 25.290098190307617 
v 76.49531555175781 10.185393333435059 25.601797103881836 
v 76.69514465332031 10.546740531921387 26.406944274902344 
v 76.36209869384766 10.845723152160645 27.7080078125 
v 77.41771697998047 10.16979694366455 27.418609619140625 
v 77.48359680175781 10.146927833557129 29.00026512145996 
v 76.85587310791016 9.976378440856934 26.15704917907715 
v 76.3353042602539 9.860187530517578 25.7137451171875 
v 76.50255584716797 9.267210960388184 25.5460205078125 
v 76.75740814208984 9.173277854919434 26.03253936767578 
v 76.69804382324219 9.72976016998291 26.197484970092773 
v 77.49663543701172 9.587121963500977 27.103857040405273 
v 78.04471588134766 9.745615005493164 28.285053253173828 
v 78.1757583618164 9.467061996459961 29.78390884399414 
v 78.63261413574219 9.119035720825195 29.03560447692871 
v 78.88674926757812 8.514607429504395 30.521514892578125 
v 79.27047729492188 8.203635215759277 29.77153968811035 
v 79.49564361572266 7.641414165496826 31.117149353027344 
v 78.65940856933594 8.693868637084961 28.737945556640625 
v 78.11711883544922 9.193948745727539 27.984149932861328 
v 77.32720947265625 9.376214981079102 27.120744705200195 
v 77.36775970458984 8.930222511291504 27.02124786376953 
v 77.65953826904297 8.916568756103516 26.80428123474121 
v 78.22933959960938 8.611385345458984 27.701065063476562 
v 78.6680908203125 7.499761581420898 27.523286819458008 
v 78.97724914550781 6.4942708015441895 26.92473793029785 
v 78.95552825927734 5.751062870025635 26.74716567993164 
v 78.64275360107422 4.741862773895264 26.894289016723633 
v 77.5241470336914 3.935873031616211 25.685930252075195 
v 76.96520233154297 4.2896409034729 24.826005935668945 
v 77.23381042480469 3.8747470378875732 25.846464157104492 
v 76.70021057128906 4.23903751373291 25.000524520874023 
v 77.1331787109375 3.448230743408203 25.88507843017578 
v 77.91439056396484 3.5489611625671387 26.93962860107422 
v 78.24309539794922 3.60762357711792 26.831241607666016 
v 78.7861099243164 3.6185762882232666 27.72075080871582 
v 77.95059204101562 8.618321418762207 27.938894271850586 
v 79.55284118652344 5.534422397613525 27.949018478393555 
v 79.51519775390625 4.761646747589111 28.429758071899414 
v 79.87141418457031 5.660236358642578 28.608781814575195 
v 79.57963562011719 6.051275253295898 28.103551864624023 
v 79.6549301147461 6.4197869300842285 28.88427734375 
v 80.41370391845703 5.32492733001709 30.103212356567383 
v 79.89602661132812 4.248128890991211 29.420629501342773 
v 79.28929901123047 3.851522445678711 28.440113067626953 
v 78.50663757324219 3.5626001358032227 27.872888565063477 
v 77.90497589111328 3.193305730819702 27.03327751159668 
v 78.53125762939453 3.2612388134002686 27.957990646362305 
v 78.98521423339844 3.7730438709259033 28.640972137451172 
v 79.61148834228516 4.184091091156006 29.636869430541992 
v 80.41876983642578 4.690299034118652 30.29924964904785 
v 80.67941284179688 5.017284393310547 30.824230194091797 
v 80.59036254882812 5.2856245040893555 30.61107063293457 
v 80.74747467041016 5.249120712280273 31.06411361694336 
v 80.52882385253906 5.192583084106445 31.318378448486328 
v 80.36012268066406 5.5625691413879395 31.110767364501953 
v 80.62945556640625 5.596606254577637 30.840106964111328 
v 80.3318862915039 6.1316070556640625 30.427141189575195 
v 80.09151458740234 4.5733113288879395 30.513355255126953 
v 80.38980865478516 4.904774188995361 31.035280227661133 
v 80.07630920410156 6.0906291007995605 30.687885284423828 
v 79.8272476196289 6.860949516296387 29.803470611572266 
v 79.54922485351562 6.822210788726807 30.07896614074707 
v 79.31970977783203 7.503422737121582 29.186962127685547 
v 78.73036193847656 8.189557075500488 28.418577194213867 
v 78.46898651123047 8.19391918182373 28.611766815185547 
v 79.0663070678711 7.484835147857666 29.39987564086914 
v 79.57167053222656 6.965498924255371 30.24169158935547 
v 79.05326843261719 7.665848255157471 29.588146209716797 
v 78.4074478149414 8.422061920166016 28.8159122467041 
v 77.86298370361328 8.917887687683105 28.06338882446289 
v 79.28133392333984 7.916385173797607 29.549108505249023 
v 79.82362365722656 7.184466361999512 30.22581672668457 
v 79.82869720458984 7.342866897583008 30.398582458496094 
v 80.34130096435547 6.323899745941162 31.95807647705078 
v 80.361572265625 6.471577167510986 30.979080200195312 
v 80.33985137939453 6.392992973327637 30.855241775512695 
v 80.05241394042969 6.191713333129883 30.860679626464844 
v 80.41876983642578 5.616188049316406 31.302913665771484 
v 80.72357940673828 5.056449890136719 31.587055206298828 
v 80.48682403564453 4.739537715911865 31.209854125976562 
v 80.14002227783203 4.372701168060303 30.611127853393555 
v 79.64262390136719 3.9753077030181885 29.799636840820312 
v 79.03010559082031 3.52754282951355 28.770179748535156 
v 78.78104400634766 3.0647754669189453 27.827468872070312 
v 79.30885314941406 3.346863269805908 28.67691421508789 
v 79.95612335205078 3.8296666145324707 29.753284454345703 
v 80.42094421386719 4.253927707672119 30.54644775390625 
v 80.79598236083984 4.664870262145996 31.185091018676758 
v 81.04576873779297 5.090592861175537 31.641090393066406 
v 80.6895523071289 5.805490016937256 31.26250648498535 
v 80.71127319335938 5.8633646965026855 31.355703353881836 
v 81.1275863647461 5.01312255859375 31.80137825012207 
v 81.25501251220703 4.791449069976807 32.7828254699707 
v 80.51506042480469 3.868474006652832 31.658336639404297 
v 80.84087371826172 4.562436103820801 31.316009521484375 
v 80.44918060302734 4.121604919433594 30.654617309570312 
v 79.97929382324219 3.67036509513855 29.848112106323242 
v 79.66361999511719 3.050954580307007 30.411447525024414 
v 78.90122985839844 2.4168004989624023 29.301572799682617 
v 79.30377960205078 3.082332134246826 28.762126922607422 
v 78.25757598876953 1.9834740161895752 28.385173797607422 
v 78.76004791259766 2.643742561340332 27.95269012451172 
v 77.58786010742188 1.7340757846832275 27.47110366821289 
v 78.08235931396484 2.389307737350464 26.981008529663086 
v 77.35762023925781 3.2813222408294678 25.682300567626953 
v 76.53803253173828 3.737741470336914 25.0152645111084 
v 76.05511474609375 3.9957921504974365 24.297956466674805 
v 76.3208236694336 4.5298871994018555 24.347938537597656 
v 78.15983581542969 3.0211362838745117 26.83978843688965 
v 61.19826126098633 1.7340757846832275 27.47110366821289 
v 62.62385177612305 2.068047285079956 25.69432830810547 
v 61.91938400268555 2.217899799346924 27.888286590576172 
v 62.89463424682617 2.3987154960632324 26.775985717773438 
v 63.153831481933594 3.0382606983184814 26.996597290039062 
v 63.82137680053711 2.8077850341796875 25.89950180053711 
v 61.223602294921875 2.492485523223877 28.82994270324707 
v 60.52854537963867 1.9834740161895752 28.385173797607422 
v 60.650901794433594 2.929396629333496 29.620174407958984 
v 59.884891510009766 2.4168004989624023 29.301572799682617 
v 59.869686126708984 3.5270581245422363 30.62959098815918 
v 59.122501373291016 3.050954580307007 30.411447525024414 
v 58.27105712890625 3.868474006652832 31.658336639404297 
v 59.2846794128418 3.985128164291382 31.349225997924805 
v 58.819862365722656 4.436707496643066 31.95770835876465 
v 58.51142883300781 4.924560546875 32.440513610839844 
v 58.643924713134766 4.960497856140137 32.31751251220703 
v 59.0008659362793 5.731366157531738 32.04726028442383 
v 58.444820404052734 6.323899745941162 31.95807647705078 
v 57.53110885620117 4.791449069976807 32.7828254699707 
v 59.40559005737305 4.108158111572266 31.31495475769043 
v 58.952354431152344 4.522235870361328 31.89611053466797 
v 59.98335647583008 3.673260450363159 30.606374740600586 
v 60.78050231933594 3.176349639892578 29.64218521118164 
v 61.422706604003906 2.883289337158203 28.87999153137207 
v 62.17930603027344 2.8241989612579346 28.015178680419922 
v 62.006263732910156 3.0648865699768066 27.8591365814209 
v 61.27645492553711 3.138866424560547 28.70321273803711 
v 60.660316467285156 3.4164791107177734 29.425477981567383 
v 59.89358139038086 3.8787994384765625 30.33919334411621 
v 59.301334381103516 4.285150051116943 31.079456329345703 
v 58.87199020385742 4.659600257873535 31.61764144897461 
v 60.81670379638672 3.64652943611145 29.386577606201172 
v 60.07965087890625 4.0640716552734375 30.29827880859375 
v 59.41862487792969 4.474564075469971 31.038158416748047 
v 59.046478271484375 4.816998481750488 31.505390167236328 
v 61.40605545043945 3.4215309619903564 28.701679229736328 
v 61.092552185058594 3.6395838260650635 29.637130737304688 
v 60.36274337768555 4.047834396362305 30.525053024291992 
v 59.719093322753906 4.497283935546875 31.313243865966797 
v 59.33463668823242 4.8401665687561035 31.744356155395508 
v 58.85823440551758 5.105256080627441 31.752368927001953 
v 58.62147903442383 4.973489761352539 31.98632049560547 
v 59.084129333496094 5.469308376312256 31.591943740844727 
v 59.161598205566406 5.0861101150512695 31.90461540222168 
v 59.5496711730957 5.088913440704346 31.65444564819336 
v 60.01883316040039 5.090151309967041 31.35162353515625 
v 61.23808288574219 4.49506950378418 30.06125831604004 
v 61.62470626831055 3.4040627479553223 28.938247680664062 
v 62.16120529174805 3.3918814659118652 27.895736694335938 
v 62.97500228881836 3.296299695968628 26.865346908569336 
v 63.91695022583008 3.340867519378662 26.217966079711914 
v 64.56929016113281 3.1730797290802 25.208343505859375 
v 63.79096984863281 2.6522109508514404 24.33700942993164 
v 63.99876403808594 3.202207326889038 24.130327224731445 
v 63.266056060791016 3.688283681869507 23.878528594970703 
v 62.9887580871582 3.740232229232788 23.59564971923828 
v 64.1428451538086 2.853386640548706 23.909196853637695 
v 64.85237884521484 3.332273483276367 24.91905403137207 
v 64.46937561035156 3.547997236251831 24.766202926635742 
v 64.6807861328125 3.628248691558838 25.462745666503906 
v 64.6576156616211 3.88248872756958 24.97106170654297 
v 64.85237884521484 3.332273483276367 24.91905403137207 
v 64.93057250976562 4.627819061279297 25.424747467041016 
v 65.30489349365234 4.7686333656311035 26.128000259399414 
v 59.41138458251953 5.4162421226501465 31.78605079650879 
v 64.82776641845703 4.319845676422119 25.85540771484375 
v 65.09130859375 5.086106300354004 26.468189239501953 
v 65.13981628417969 5.348854064941406 26.00651741027832 
v 65.44969177246094 5.7884440422058105 27.166086196899414 
v 65.38453674316406 6.005294322967529 26.64618682861328 
v 65.42073059082031 6.858310222625732 27.448047637939453 
v 65.25493621826172 6.872873783111572 26.909040451049805 
v 65.69947814941406 6.356687545776367 26.977075576782227 
v 64.75825500488281 8.256648063659668 26.680593490600586 
v 65.0261459350586 8.308359146118164 27.083229064941406 
v 64.59173583984375 8.99739933013916 26.552165985107422 
v 64.77201080322266 9.082694053649902 26.980730056762695 
v 64.31298828125 9.90058422088623 26.531892776489258 
v 64.49761199951172 10.425721168518066 26.685659408569336 
v 64.19135284423828 10.33191204071045 26.552671432495117 
v 64.2724380493164 10.50150203704834 27.027109146118164 
v 64.4367904663086 9.899230003356934 27.03095817565918 
v 64.63445281982422 8.997725486755371 27.03787612915039 
v 64.80604553222656 8.375078201293945 27.138648986816406 
v 64.3528060913086 6.602497100830078 28.245223999023438 
v 64.42738342285156 5.567445755004883 27.979398727416992 
v 64.02772521972656 4.707260608673096 27.429872512817383 
v 64.72640228271484 4.268123626708984 26.006271362304688 
v 64.56494140625 3.589177131652832 25.57811737060547 
v 63.724361419677734 3.5745015144348145 26.118017196655273 
v 64.3462905883789 3.8104965686798096 25.510986328125 
v 64.45417022705078 4.291075706481934 25.856311798095703 
v 63.863372802734375 4.025193214416504 26.342914581298828 
v 63.11111831665039 3.6909077167510986 27.015361785888672 
v 63.342079162597656 3.6723198890686035 27.260833740234375 
v 64.10012817382812 4.002127647399902 26.558881759643555 
v 62.43777847290039 4.388520240783691 28.89021110534668 
v 62.84467697143555 5.29449462890625 29.27094268798828 
v 62.81427001953125 6.018448352813721 29.438858032226562 
v 61.922279357910156 5.160592079162598 30.01019287109375 
v 61.38505554199219 5.311710357666016 30.501300811767578 
v 61.271385192871094 6.168212890625 30.429031372070312 
v 61.87159729003906 5.679236888885498 30.150480270385742 
v 62.49787139892578 7.215493202209473 29.328018188476562 
v 63.889434814453125 7.929961204528809 28.041351318359375 
v 64.03424072265625 8.868864059448242 27.606826782226562 
v 64.44910430908203 8.98820686340332 27.211231231689453 
v 64.3216781616211 9.857023239135742 27.203819274902344 
v 63.644718170166016 10.352376937866211 27.62697410583496 
v 63.4188232421875 11.34704303741455 26.5537109375 
v 62.42402267456055 10.845723152160645 27.7080078125 
v 62.78023910522461 9.99323558807373 28.529634475708008 
v 61.302520751953125 10.146927833557129 29.00026512145996 
v 63.62806701660156 10.980313301086426 26.182004928588867 
v 64.49761199951172 10.425721168518066 26.685659408569336 
v 63.82282638549805 11.412429809570312 26.03375816345215 
v 63.845272064208984 9.6959228515625 27.671039581298828 
v 64.09795379638672 9.661681175231934 26.999277114868164 
v 64.19135284423828 9.031421661376953 27.030357360839844 
v 63.766353607177734 8.958425521850586 27.38294219970703 
v 63.69395065307617 9.535284042358398 27.45096206665039 
v 63.0401611328125 9.348313331604004 28.449438095092773 
v 62.0316047668457 9.556405067443848 29.301334381103516 
v 60.61035919189453 9.467061996459961 29.78390884399414 
v 61.33292770385742 8.967105865478516 29.950756072998047 
v 59.89937210083008 8.514607429504395 30.521514892578125 
v 60.61325454711914 8.065140724182129 30.612411499023438 
v 59.29047393798828 7.641414165496826 31.117149353027344 
v 61.53565216064453 8.461782455444336 29.867313385009766 
v 62.23288345336914 8.944059371948242 29.222518920898438 
v 62.891014099121094 9.19920539855957 28.235332489013672 
v 62.91563034057617 8.743136405944824 28.183406829833984 
v 63.1885871887207 8.645515441894531 28.40627670288086 
v 62.412437438964844 8.356230735778809 29.144075393676758 
v 62.1148681640625 8.456986427307129 28.9288330078125 
v 62.06635665893555 8.774465560913086 28.975994110107422 
v 61.39302062988281 8.304055213928223 29.591527938842773 
v 60.77543258666992 7.718668460845947 30.535377502441406 
v 59.97829055786133 7.211762428283691 31.18069076538086 
v 59.39834976196289 6.332525253295898 31.694168090820312 
v 59.07181930541992 5.667109966278076 31.972251892089844 
v 58.923397064208984 5.536921501159668 31.705358505249023 
v 59.51853942871094 5.9781107902526855 31.289642333984375 
v 59.8334846496582 5.938478469848633 31.474584579467773 
v 60.445281982421875 6.652594566345215 30.93943977355957 
v 60.11151123046875 6.706445217132568 30.73910140991211 
v 59.365047454833984 6.104497909545898 31.326337814331055 
v 59.49319839477539 6.23468542098999 31.625789642333984 
v 60.12236785888672 6.9942522048950195 31.087316513061523 
v 59.985530853271484 6.863728046417236 30.82309341430664 
v 60.768917083740234 7.3472371101379395 30.201065063476562 
v 61.041873931884766 7.292827129364014 30.405855178833008 
v 61.77385330200195 7.974481582641602 29.738201141357422 
v 61.51393127441406 8.037176132202148 29.532644271850586 
v 60.61759567260742 7.5481791496276855 30.263416290283203 
v 62.35089874267578 3.3751955032348633 28.19118881225586 
v 62.29297637939453 2.9835634231567383 24.762149810791016 
v 61.566062927246094 2.567662477493286 25.790620803833008 
v 60.703758239746094 2.389307737350464 26.981008529663086 
v 61.19826126098633 1.7340757846832275 27.47110366821289 
v 60.02607345581055 2.643742561340332 27.95269012451172 
v 60.52854537963867 1.9834740161895752 28.385173797607422 
v 59.482337951660156 3.082332134246826 28.762126922607422 
v 59.884891510009766 2.4168004989624023 29.301572799682617 
v 58.806827545166016 3.67036509513855 29.848112106323242 
v 59.122501373291016 3.050954580307007 30.411447525024414 
v 58.27105712890625 3.868474006652832 31.658336639404297 
v 58.33694076538086 4.121604919433594 30.654617309570312 
v 57.945247650146484 4.562436103820801 31.316009521484375 
v 57.65853500366211 5.01312255859375 31.80137825012207 
v 57.74034881591797 5.090592861175537 31.641090393066406 
v 58.07484436035156 5.8633646965026855 31.355703353881836 
v 58.444820404052734 6.323899745941162 31.95807647705078 
v 57.53110885620117 4.791449069976807 32.7828254699707 
v 58.365177154541016 4.253927707672119 30.54644775390625 
v 57.990135192871094 4.664870262145996 31.185091018676758 
v 58.82999801635742 3.8296666145324707 29.753284454345703 
v 59.47726821899414 3.346863269805908 28.67691421508789 
v 60.00507736206055 3.0647754669189453 27.827468872070312 
v 60.626285552978516 3.0211362838745117 26.83978843688965 
v 61.428497314453125 3.2813222408294678 25.682300567626953 
v 62.028709411621094 3.5400478839874268 24.829416275024414 
v 62.851192474365234 3.367892265319824 23.919633865356445 
v 63.129215240478516 4.098903656005859 23.83610725402832 
v 62.9887580871582 3.740232229232788 23.59564971923828 
v 62.79616928100586 4.913425445556641 23.869802474975586 
v 62.324832916259766 4.867978572845459 23.677778244018555 
v 61.76371765136719 6.055842876434326 23.607385635375977 
v 62.28139114379883 5.828588008880615 23.819381713867188 
v 62.386375427246094 4.623593330383301 23.99343490600586 
v 62.666568756103516 3.868851900100708 23.94012451171875 
v 62.25605010986328 4.578812122344971 24.12165641784668 
v 62.57534408569336 3.827317237854004 24.07508659362793 
v 61.883182525634766 5.506738662719727 24.002296447753906 
v 61.77240753173828 6.518513202667236 23.834693908691406 
v 61.75647735595703 7.39650297164917 24.112422943115234 
v 61.49148941040039 7.560285568237305 23.884305953979492 
v 62.12138366699219 9.216960906982422 24.838781356811523 
v 62.39289093017578 8.70950984954834 24.707136154174805 
v 62.63471221923828 9.273940086364746 24.939102172851562 
v 62.87580871582031 10.732255935668945 25.38748550415039 
v 62.926490783691406 10.137484550476074 25.396800994873047 
v 63.01699447631836 10.534106254577637 25.62846565246582 
v 62.422576904296875 10.209576606750488 25.47460174560547 
v 62.18075180053711 9.323304176330566 25.132522583007812 
v 62.0822868347168 9.332144737243652 25.290098190307617 
v 61.91793441772461 8.755404472351074 24.895599365234375 
v 61.19970703125 7.433219909667969 24.178539276123047 
v 61.264869689941406 6.354733943939209 23.93257713317871 
v 61.229393005371094 5.140092372894287 25.062286376953125 
v 60.76747131347656 6.12074613571167 24.914283752441406 
v 60.71968460083008 7.158707141876221 25.18951988220215 
v 61.170745849609375 8.277372360229492 25.962383270263672 
v 61.73258590698242 9.152235984802246 25.80921745300293 
v 61.126583099365234 8.916568756103516 26.80428123474121 
v 61.41836166381836 8.930222511291504 27.02124786376953 
v 60.83552551269531 8.618321418762207 27.938894271850586 
v 60.55678176879883 8.611385345458984 27.701065063476562 
v 60.11802673339844 7.499761581420898 27.523286819458008 
v 59.808868408203125 6.4942708015441895 26.92473793029785 
v 59.830589294433594 5.751062870025635 26.74716567993164 
v 60.143367767333984 4.741862773895264 26.894289016723633 
v 61.2619743347168 3.935873031616211 25.685930252075195 
v 61.82091522216797 4.2896409034729 24.826005935668945 
v 61.55230712890625 3.8747470378875732 25.846464157104492 
v 62.085906982421875 4.23903751373291 25.000524520874023 
v 62.465293884277344 4.5298871994018555 24.347938537597656 
v 62.73100662231445 3.9957921504974365 24.297956466674805 
v 62.028709411621094 9.173277854919434 26.03253936767578 
v 59.2332763671875 5.534422397613525 27.949018478393555 
v 62.248085021972656 3.737741470336914 25.0152645111084 
v 61.6529426574707 3.448230743408203 25.88507843017578 
v 60.871726989746094 3.5489611625671387 26.93962860107422 
v 60.543025970458984 3.60762357711792 26.831241607666016 
v 60.0000114440918 3.6185762882232666 27.72075080871582 
v 59.27092361450195 4.761646747589111 28.429758071899414 
v 58.91470718383789 5.660236358642578 28.608781814575195 
v 59.206485748291016 6.051275253295898 28.103551864624023 
v 59.131187438964844 6.4197869300842285 28.88427734375 
v 58.37241744995117 5.32492733001709 30.103212356567383 
v 58.89009094238281 4.248128890991211 29.420629501342773 
v 59.49681854248047 3.851522445678711 28.440113067626953 
v 60.27947998046875 3.5626001358032227 27.872888565063477 
v 60.881141662597656 3.193305730819702 27.03327751159668 
v 60.25486373901367 3.2612388134002686 27.957990646362305 
v 59.75601577758789 3.52754282951355 28.770179748535156 
v 59.800907135009766 3.7730438709259033 28.640972137451172 
v 59.17462921142578 4.184091091156006 29.636869430541992 
v 58.367347717285156 4.690299034118652 30.29924964904785 
v 58.10670471191406 5.017284393310547 30.824230194091797 
v 58.19575881958008 5.2856245040893555 30.61107063293457 
v 58.03864669799805 5.249120712280273 31.06411361694336 
v 58.25729751586914 5.192583084106445 31.318378448486328 
v 58.39630889892578 4.904774188995361 31.035280227661133 
v 58.29928970336914 4.739537715911865 31.209854125976562 
v 58.646095275878906 4.372701168060303 30.611127853393555 
v 58.69460678100586 4.5733113288879395 30.513355255126953 
v 59.143497467041016 3.9753077030181885 29.799636840820312 
v 58.062538146972656 5.056449890136719 31.587055206298828 
v 58.425994873046875 5.5625691413879395 31.110767364501953 
v 58.15666198730469 5.596606254577637 30.840106964111328 
v 58.45423126220703 6.1316070556640625 30.427141189575195 
v 58.70981216430664 6.0906291007995605 30.687885284423828 
v 58.367347717285156 5.616188049316406 31.302913665771484 
v 58.09656524658203 5.805490016937256 31.26250648498535 
v 58.42454528808594 6.471577167510986 30.979080200195312 
v 58.95742416381836 7.342866897583008 30.398582458496094 
v 59.29047393798828 7.641414165496826 31.117149353027344 
v 59.51564407348633 8.203635215759277 29.77153968811035 
v 59.89937210083008 8.514607429504395 30.521514892578125 
v 60.15350341796875 9.119035720825195 29.03560447692871 
v 60.61035919189453 9.467061996459961 29.78390884399414 
v 60.74140548706055 9.745615005493164 28.285053253173828 
v 61.302520751953125 10.146927833557129 29.00026512145996 
v 61.368404388427734 10.16979694366455 27.418609619140625 
v 62.42402267456055 10.845723152160645 27.7080078125 
v 62.090972900390625 10.546740531921387 26.406944274902344 
v 63.4188232421875 11.34704303741455 26.5537109375 
v 62.600685119628906 10.791580200195312 25.76213836669922 
v 63.62806701660156 10.980313301086426 26.182004928588867 
v 63.82282638549805 11.412429809570312 26.03375816345215 
v 62.87580871582031 10.732255935668945 25.38748550415039 
v 62.290802001953125 10.185393333435059 25.601797103881836 
v 61.93024444580078 9.976378440856934 26.15704917907715 
v 61.289485931396484 9.587121963500977 27.103857040405273 
v 60.669002532958984 9.193948745727539 27.984149932861328 
v 60.126712799072266 8.693868637084961 28.737945556640625 
v 60.3786735534668 8.422061920166016 28.8159122467041 
v 59.504783630371094 7.916385173797607 29.549108505249023 
v 62.45081329345703 9.860187530517578 25.7137451171875 
v 62.088077545166016 9.72976016998291 26.197484970092773 
v 61.45890808105469 9.376214981079102 27.120744705200195 
v 60.923133850097656 8.917887687683105 28.06338882446289 
v 62.28356170654297 9.267210960388184 25.5460205078125 
v 60.31713104248047 8.19391918182373 28.611766815185547 
v 60.05575942993164 8.189557075500488 28.418577194213867 
v 59.466407775878906 7.503422737121582 29.186962127685547 
v 58.9588737487793 6.860949516296387 29.803470611572266 
v 59.23689651489258 6.822210788726807 30.07896614074707 
v 58.73370361328125 6.191713333129883 30.860679626464844 
v 58.446266174316406 6.392992973327637 30.855241775512695 
v 58.962493896484375 7.184466361999512 30.22581672668457 
v 59.71981430053711 7.484835147857666 29.39987564086914 
v 59.21445083618164 6.965498924255371 30.24169158935547 
v 59.73284912109375 7.665848255157471 29.588146209716797 
v 61.50017547607422 37.9753532409668 22.987226486206055 
v 60.21938705444336 38.13545227050781 22.20243263244629 
v 61.522621154785156 38.56553649902344 22.916738510131836 
v 61.443702697753906 38.91997146606445 22.344501495361328 
v 61.427772521972656 38.6588134765625 21.654151916503906 
v 61.428497314453125 38.216514587402344 21.460155487060547 
v 61.31772232055664 37.71275329589844 21.62471580505371 
v 61.25618362426758 37.429405212402344 22.11997413635254 
v 62.47615432739258 37.360801696777344 21.200603485107422 
v 62.361759185791016 36.870574951171875 22.00628662109375 
v 61.35102844238281 37.53742218017578 22.660829544067383 
v 62.505836486816406 37.04966735839844 22.92598533630371 
v 62.770103454589844 37.7770881652832 23.489564895629883 
v 62.765037536621094 38.797367095947266 23.384532928466797 
v 62.622406005859375 39.449920654296875 22.394865036010742 
v 70.51348114013672 44.1922492980957 30.94283676147461 
v 70.77484893798828 43.53982925415039 30.792055130004883 
v 70.00738525390625 43.4184455871582 32.37579345703125 
v 70.52723693847656 42.93263244628906 30.802520751953125 
v 69.95091247558594 42.70145797729492 30.980560302734375 
v 69.36808013916016 42.885162353515625 30.952110290527344 
v 69.03648376464844 43.47198486328125 30.90833282470703 
v 69.27178955078125 44.122840881347656 31.039020538330078 
v 68.8228988647461 44.58139419555664 29.93180274963379 
v 69.75108337402344 45.00925064086914 30.077857971191406 
v 69.88140869140625 44.38613510131836 31.12639617919922 
v 68.47102355957031 43.595035552978516 29.73450469970703 
v 68.94163513183594 42.66252517700195 29.82525062561035 
v 69.83869171142578 42.31940460205078 29.884300231933594 
v 70.81105041503906 42.71055221557617 29.60609245300293 
v 71.18174743652344 43.69590759277344 29.5834903717041 
v 70.75457763671875 44.719425201416016 29.8107852935791 
v 70.9066162109375 45.08920669555664 28.660749435424805 
v 71.36419677734375 43.842689514160156 28.4162654876709 
v 70.9681625366211 42.6566162109375 28.50497055053711 
v 60.84638595581055 4.341588020324707 13.409805297851562 
v 60.45903778076172 4.282915115356445 14.071691513061523 
v 60.93399429321289 3.7912521362304688 13.781949996948242 
v 60.77470779418945 3.6031718254089355 14.300946235656738 
v 60.486549377441406 3.748358726501465 14.676446914672852 
v 60.23893737792969 4.044677734375 14.826762199401855 
v 60.0210075378418 4.4720916748046875 14.715909004211426 
v 60.01014709472656 4.902309894561768 14.28976821899414 
v 60.41487121582031 4.891800880432129 13.592048645019531 
v 61.304691314697266 5.517236709594727 14.022517204284668 
v 61.7362060546875 4.9042229652404785 13.786251068115234 
v 60.93399429321289 3.7912521362304688 13.781949996948242 
v 61.85784149169922 4.254365921020508 14.2010498046875 
v 60.77470779418945 3.6031718254089355 14.300946235656738 
v 61.64570236206055 4.047475337982178 14.869622230529785 
v 60.486549377441406 3.748358726501465 14.676446914672852 
v 61.36985397338867 4.242815017700195 15.236959457397461 
v 60.23893737792969 4.044677734375 14.826762199401855 
v 61.13671875 4.588614463806152 15.384452819824219 
v 60.889827728271484 5.506026268005371 14.82784366607666 
v 60.01014709472656 4.902309894561768 14.28976821899414 
v 60.92820358276367 5.045804977416992 15.2972412109375 
v 60.0210075378418 4.4720916748046875 14.715909004211426 
v 61.13671875 4.588614463806152 15.384452819824219 
v 60.23893737792969 4.044677734375 14.826762199401855 
v 60.223731994628906 3.3403046131134033 20.753433227539062 
v 60.43080139160156 3.3316712379455566 21.44060516357422 
v 60.009422302246094 3.7156569957733154 20.958908081054688 
v 59.984806060791016 4.012302875518799 21.562376022338867 
v 60.31495666503906 3.8290340900421143 22.173322677612305 
v 60.742130279541016 3.244560480117798 22.263519287109375 
v 61.71738052368164 3.8907198905944824 22.008337020874023 
v 61.85349655151367 3.343648910522461 21.475574493408203 
v 60.8948974609375 2.7666711807250977 21.766590118408203 
v 61.671043395996094 3.280075788497925 20.841726303100586 
v 60.73488998413086 2.725710391998291 21.18080711364746 
v 61.380714416503906 3.5781960487365723 20.489416122436523 
v 60.466278076171875 2.9730067253112793 20.84200096130371 
v 61.12223815917969 3.958143949508667 20.397916793823242 
v 60.223731994628906 3.3403046131134033 20.753433227539062 
v 60.466278076171875 2.9730067253112793 20.84200096130371 
v 60.73488998413086 2.725710391998291 21.18080711364746 
v 60.8948974609375 2.7666711807250977 21.766590118408203 
v 61.229393005371094 4.543258190155029 21.865198135375977 
v 59.984806060791016 4.012302875518799 21.562376022338867 
v 60.91444396972656 4.71600341796875 21.272825241088867 
v 60.009422302246094 3.7156569957733154 20.958908081054688 
v 60.93471908569336 4.362266540527344 20.602487564086914 
v 60.223731994628906 3.3403046131134033 20.753433227539062 
v 61.12223815917969 3.958143949508667 20.397916793823242 
v 78.21268463134766 3.689028024673462 14.6273832321167 
v 78.36183166503906 4.283361434936523 14.133248329162598 
v 78.5001220703125 4.032587051391602 14.857800483703613 
v 78.76004791259766 4.565006732940674 14.725784301757812 
v 78.74845886230469 4.952462673187256 14.249045372009277 
v 78.35821533203125 4.904226779937744 13.590898513793945 
v 77.95638275146484 4.366663932800293 13.405722618103027 
v 77.05642700195312 4.877242088317871 13.870585441589355 
v 76.94203186035156 4.371463298797607 14.116291046142578 
v 77.84271240234375 3.8640189170837402 13.69161605834961 
v 77.06511688232422 4.081063270568848 14.66763973236084 
v 77.96652221679688 3.617279291152954 14.188764572143555 
v 77.33662414550781 4.1871795654296875 15.125955581665039 
v 78.21268463134766 3.689028024673462 14.6273832321167 
v 77.62333679199219 4.5674567222595215 15.357373237609863 
v 78.5001220703125 4.032587051391602 14.857800483703613 
v 77.96652221679688 3.617279291152954 14.188764572143555 
v 77.84271240234375 3.8640189170837402 13.69161605834961 
v 77.48939514160156 5.44279146194458 14.061088562011719 
v 78.74845886230469 4.952462673187256 14.249045372009277 
v 77.86443328857422 5.50815486907959 14.745809555053711 
v 78.76004791259766 4.565006732940674 14.725784301757812 
v 77.87312316894531 5.098421096801758 15.236930847167969 
v 78.5001220703125 4.032587051391602 14.857800483703613 
v 77.62333679199219 4.5674567222595215 15.357373237609863 
v 78.55514526367188 3.2731361389160156 20.799251556396484 
v 78.42410278320312 3.3668205738067627 21.519187927246094 
v 78.2561264038086 2.8990089893341064 20.909570693969727 
v 77.99620819091797 2.702086925506592 21.336109161376953 
v 77.93177032470703 2.8304786682128906 21.877717971801758 
v 78.08308410644531 3.2648227214813232 22.26516342163086 
v 78.49360656738281 3.8312735557556152 22.155515670776367 
v 77.44160461425781 4.45750617980957 21.92857551574707 
v 77.8079605102539 4.690927028656006 21.309465408325195 
v 78.79986572265625 3.9979734420776367 21.57866096496582 
v 77.82389068603516 4.436820030212402 20.725818634033203 
v 78.80204010009766 3.807898998260498 21.039243698120117 
v 77.58351135253906 3.9273569583892822 20.479963302612305 
v 78.55514526367188 3.2731361389160156 20.799251556396484 
v 78.80204010009766 3.807898998260498 21.039243698120117 
v 78.79986572265625 3.9979734420776367 21.57866096496582 
v 77.02167510986328 3.875382900238037 22.032634735107422 
v 77.93177032470703 2.8304786682128906 21.877717971801758 
v 76.89859008789062 3.428389310836792 21.615562438964844 
v 77.99620819091797 2.702086925506592 21.336109161376953 
v 77.01154327392578 3.26910138130188 21.026655197143555 
v 78.2561264038086 2.8990089893341064 20.909570693969727 
v 77.28739166259766 3.5147197246551514 20.63608741760254 
v 78.55514526367188 3.2731361389160156 20.799251556396484 
v 77.58351135253906 3.9273569583892822 20.479963302612305 
v 75.01976776123047 11.160425186157227 9.87276840209961 
v 74.59476470947266 11.14384937286377 10.232449531555176 
vn 0.008858014829456806 0.0008972306968644261 -0.00216503394767642 
vn 0.007476826664060354 0.0026014421600848436 -0.0046137236058712006 
vn 0.00796990655362606 0.0016750860959291458 -0.004198993556201458 
vn 0.00800188910216093 -0.0010106307454407215 0.0043480186723172665 
vn 0.007840881124138832 -0.0006907260394655168 0.004690453875809908 
vn 0.006659081671386957 -0.001200503553263843 0.006178376264870167 
vn 0.006835297681391239 -0.0017615309916436672 0.005842313170433044 
vn 0.008659319952130318 0.0029849475249648094 -0.0002512136416044086 
vn 0.006825015414506197 0.002076889621093869 0.00575000885874033 
vn 0.008295231498777866 0.0037834388203918934 -0.0009119074093177915 
vn 0.0073790717869997025 0.00014323342475108802 0.005430071614682674 
vn 0.003979055676609278 0.0028032828122377396 0.007763099391013384 
vn 0.0038658445701003075 0.0003430463548284024 0.008300273679196835 
vn -0.0003973246202804148 0.0033962081652134657 0.00850087869912386 
vn -0.00010379396553616971 0.0002750516578089446 0.009158088825643063 
vn 0.009065966121852398 0.0008717610617168248 -0.0010025502415373921 
vn 0.008295231498777866 0.0037834388203918934 -0.0009119074093177915 
vn -0.0001730114599922672 -0.002991851419210434 0.008658863604068756 
vn 0.004100870341062546 -0.002640855498611927 0.007756656967103481 
vn 0.004084394313395023 -0.0018705548718571663 0.007985970936715603 
vn 0.004195960704237223 -0.0011948426254093647 0.008057496510446072 
vn 0.006718259304761887 -0.0006382022402249277 0.0061979517340660095 
vn 0.006975308060646057 -0.00016220186080317944 0.00593933230265975 
vn 0.008503078483045101 0.00007493027078453451 0.0034130478743463755 
vn 0.008674726821482182 0.0029504974372684956 0.00002273102836625185 
vn 0.008395093493163586 0.003583294339478016 -0.0007995310006663203 
vn -0.00003459824074525386 -0.002224772935733199 0.008888543583452702 
vn 2.8360761598200798e-15 -0.0015195435844361782 0.0090359291061759 
vn 0.008359999395906925 0.0037293180357664824 0.00039932088111527264 
vn 0.008424261584877968 0.003583779325708747 0.00038103299448266625 
vn 0.008743274956941605 0.002709881169721484 0.00041051715379580855 
vn 0.008429788053035736 0.0031545537058264017 0.0017159011913463473 
vn 0.00847515370696783 0.00043169542914256454 0.0034557583276182413 
vn 0.008771906606853008 0.00021253302111290395 0.002639191458001733 
vn 0.00815446488559246 0.0006683377432636917 0.004124910570681095 
vn 0.009028840810060501 0.00018835114315152168 0.0015496381092816591 
vn 0.007853996008634567 0.004422934725880623 -0.0016459844773635268 
vn 0.007697336841374636 0.00496872141957283 -0.00014034388004802167 
vn 0.0069490219466388226 0.0006457658018916845 -0.005937253590673208 
vn 0.006902806460857391 0.0005727554089389741 -0.0059983436949551105 
vn 0.0078011369332671165 0.0008963753934949636 -0.0047218273393809795 
vn 0.009134974330663681 0.0007117338245734572 -0.000049901154852705076 
vn 0.008600389584898949 0.00043235323391854763 0.0031310073100030422 
vn 0.007150928024202585 -0.00013554628822021186 0.005727368872612715 
vn 0.008603682741522789 0.00039263596409000456 0.0031271905172616243 
vn 0.009107982739806175 0.0009972318075597286 -0.00008360688661923632 
vn 0.008016486652195454 0.0012800247641280293 -0.004249040503054857 
vn 0.005090272985398769 0.0008512302883900702 -0.007571096066385508 
vn 0.005029426421970129 0.0006171351997181773 -0.007634197827428579 
vn 0.005146970506757498 0.0007668439648114145 -0.007541724480688572 
vn 0.004576514940708876 0.0055302102118730545 -0.005694669205695391 
vn 0.006145261228084564 0.0015770565951243043 -0.006611020304262638 
vn 0.007697336841374636 0.00496872141957283 -0.00014034388004802167 
vn -0.00015554421406704932 0.006021967623382807 -0.006904255133122206 
vn -0.00006916395795997232 0.002069065347313881 -0.00892587285488844 
vn -0.005990256555378437 0.0015942511381581426 -0.006747750099748373 
vn -0.004789744038134813 0.00516660837456584 -0.005858453921973705 
vn -0.00013833206321578473 0.0008845116244629025 -0.009118964895606041 
vn -0.0001556396746309474 0.0006451070075854659 -0.00913874339312315 
vn -0.00013833206321578473 0.0008845116244629025 -0.009118964895606041 
vn 0.00012108314695069566 0.0015983476769179106 -0.009021510370075703 
vn 0.005742938723415136 0.0013849440729245543 -0.007004107814282179 
vn 0.00661961967125535 0.0011269148671999574 -0.006234390195459127 
vn 0.007995926775038242 0.001129194046370685 -0.0043297745287418365 
vn 0.005811692215502262 0.0010623293928802013 -0.007003758102655411 
vn 0.007829997688531876 0.0010084182722494006 -0.0046509248204529285 
vn 0.00911828875541687 0.0009009626228362322 0.000043561416532611474 
vn 0.007501148618757725 0.0005969389458186924 -0.0052281273528933525 
vn 0.005887732841074467 0.004494582302868366 -0.005393540021032095 
vn 0.00024167337687686086 0.006432577967643738 -0.006520778872072697 
vn 0.006623105611652136 0.006063518114387989 -0.0018234964227303863 
vn 0.008867843076586723 -0.00017466963618062437 -0.0022994966711848974 
vn 0.005625266581773758 -0.006230045109987259 -0.0036742151714861393 
vn 0.005225052125751972 -0.0028285738080739975 -0.006975310388952494 
vn -0.0008755528833717108 -0.0078084152191877365 -0.00471371179446578 
vn -0.00027669049450196326 -0.0037275550421327353 -0.00836575124412775 
vn -9.474637379861114e-16 0.0012425053864717484 -0.009078172035515308 
vn -0.00008646937203593552 0.0016378031577914953 -0.009014829061925411 
vn -0.0055939806625247 0.0011630605440586805 -0.007163212634623051 
vn -0.00535050593316555 -0.0012965139467269182 -0.007324485573917627 
vn -0.006896398030221462 -0.0041610137559473515 -0.004368359688669443 
vn -0.006600767374038696 -0.0038272361271083355 -0.005073367152363062 
vn -0.000894913449883461 -0.00730854319408536 -0.0054535637609660625 
vn 0.005388737190514803 -0.005728841293603182 -0.004700940102338791 
vn 0.008539135567843914 0.0001551378663862124 -0.0033190264366567135 
vn 0.000725422112736851 0.0018308040453121066 -0.008948683738708496 
vn -0.008018617518246174 0.0010068522533401847 -0.004317972809076309 
vn -0.008414440788328648 0.0008664294146001339 -0.0035218375269323587 
vn -0.006150214001536369 0.005742901004850864 -0.0036264159716665745 
vn 0.00005174253601580858 0.008683248423039913 -0.0029249852523207664 
vn 0.006401641294360161 0.005931515712291002 -0.002791600301861763 
vn -0.00005167561539565213 0.00891475286334753 -0.002116963267326355 
vn -0.006518683396279812 0.00577625771984458 -0.002845792332664132 
vn -0.006387852597981691 0.0013528106501325965 -0.006428231950849295 
vn -0.0062911310233175755 0.0012858383124694228 -0.0065364534966647625 
vn -0.005149605683982372 0.0038860486820340157 -0.006506701000034809 
vn -0.005658874288201332 0.0014718585880473256 -0.007054624147713184 
vn -0.0053742327727377415 0.0008265763171948493 -0.007375048939138651 
vn -0.005257327109575272 0.0005578931304626167 -0.007483730558305979 
vn -0.005317330360412598 0.0007520529325120151 -0.007424107287079096 
vn -0.008076821453869343 0.003961517475545406 -0.0017401736695319414 
vn -0.00793706625699997 0.004568616859614849 0.00029595091473311186 
vn -0.007038417272269726 0.0006325856084004045 -0.005832445342093706 
vn -0.007080891635268927 0.0005066165467724204 -0.00579320453107357 
vn -0.007873745635151863 0.0008419796940870583 -0.004609996452927589 
vn -0.008016486652195454 0.0012800247641280293 -0.004249040503054857 
vn -0.007957082241773605 0.0011768133845180273 -0.004388260189443827 
vn -0.007772315759211779 0.0010985410772264004 -0.004726647399365902 
vn -0.009125996381044388 0.0008089183829724789 0.0001365825009997934 
vn -0.009121804498136044 0.0008398493519052863 0.00021014147205278277 
vn -0.009134974330663681 0.0006772176711820066 0.0002245693322038278 
vn -0.007961469702422619 0.004491034895181656 0.0006344111170619726 
vn -0.00839848630130291 0.0035598953254520893 0.000865698151756078 
vn -0.008279820904135704 0.0005379646900109947 0.003887417260557413 
vn -0.007768033538013697 0.0006209768471308053 0.004819639027118683 
vn -0.00904157105833292 0.00015714076289441437 0.0014771989081054926 
vn -0.00793706625699997 0.004568616859614849 0.00029595091473311186 
vn -0.008823546580970287 0.0001538062933832407 0.002465400844812393 
vn -0.008206942118704319 0.003617101116105914 0.0018760422244668007 
vn -0.008222305215895176 0.003986737225204706 0.000675640651024878 
vn -0.008468727581202984 0.0034667460713535547 -0.0004681547870859504 
vn -0.008226944133639336 0.0037738406099379063 -0.0014256155118346214 
vn -0.008012297563254833 0.001703405985608697 -0.004105893429368734 
vn -0.008725875057280064 0.000955374853219837 -0.002627393463626504 
vn -0.007645916193723679 0.002494516083970666 -0.00439024344086647 
vn -0.009058259427547455 0.0009157464955933392 -0.0010325550101697445 
vn -0.008625274524092674 0.00307296821847558 -0.00034401356242597103 
vn -0.008352096192538738 0.003712716745212674 -0.0006442689336836338 
vn -0.00798504613339901 -0.001014401321299374 0.0043780021369457245 
vn -0.007803818676620722 -0.0007774538826197386 0.004738444462418556 
vn -0.008359004743397236 -0.000048362937377532944 0.003752539400011301 
vn -0.00853655580431223 0.00032906077103689313 0.0033129719085991383 
vn -0.00856088288128376 0.00033713545417413116 0.003248762572184205 
vn -0.00853949598968029 0.0002893210621550679 0.0033091010991483927 
vn -0.009129490703344345 0.000769345264416188 0.0001316193229286 
vn -0.007675166241824627 0.00139050732832402 -0.00480782613158226 
vn -0.00540136406198144 0.0015354948118329048 -0.007240474224090576 
vn -0.00008646937203593552 0.0016378031577914953 -0.009014829061925411 
vn 0.005466823931783438 0.0014902277616783977 -0.007200694642961025 
vn 0.007629880681633949 0.0012825343292206526 -0.00490886066108942 
vn 0.009125799871981144 0.0008218638249672949 0.00003364106305525638 
vn 0.008584721013903618 0.0003452328674029559 0.003184372326359153 
vn 0.007065816782414913 -0.00018879954586736858 0.005830565467476845 
vn 0.004679557401686907 -0.0007640866097062826 0.007840592414140701 
vn 0.005742938723415136 -0.0003923620970454067 0.007128930184990168 
vn 0.004710017703473568 -0.0003623655065894127 0.00785120390355587 
vn 0.00003459147410467267 -0.0004854276776313782 0.00914987362921238 
vn -0.00003457333878031932 0.003616914851590991 0.008418655954301357 
vn 0.005645682103931904 0.0024804670829325914 0.006777205038815737 
vn 0.007241691462695599 -0.0002414691844023764 0.0056086089462041855 
vn 0.0057844119146466255 -0.003428506199270487 0.006224376615136862 
vn 0.0007088266429491341 -0.005295052193105221 0.0074442601762712 
vn 0.0005532344803214073 -0.0011213179677724838 0.009077092632651329 
vn 0.00032859318889677525 -0.000684466096572578 0.00913129560649395 
vn 0.004363308660686016 -0.0005070887273177505 0.008041230030357838 
vn 0.0002593772078398615 -0.0006448133499361575 0.009136408567428589 
vn 0.006923303008079529 -0.00012965014320798218 0.006000664085149765 
vn 0.008528764359652996 0.0004080540675204247 0.0033242327626794577 
vn 0.00911828875541687 0.0009009626228362322 0.000043561416532611474 
vn 0.007453483529388905 0.0034282291308045387 -0.004080406855791807 
vn 0.007111299317330122 0.0012145322980359197 -0.005649002734571695 
vn 0.005359346978366375 0.0013821512693539262 -0.007302329409867525 
vn -0.00003460206062300131 0.0017558751860633492 -0.008992926217615604 
vn -0.005331266671419144 0.0013846727088093758 -0.007322379387915134 
vn -0.004823389928787947 0.0017017240170389414 -0.007602368947118521 
vn -0.007131238467991352 0.0012506541097536683 -0.00561588816344738 
vn -0.0073342835530638695 0.0037607173435389996 -0.0040027727372944355 
vn -0.009105914272367954 0.001006526523269713 0.0001614401990082115 
vn -0.008436237461864948 0.0004197007219772786 0.0035511397290974855 
vn -0.0065008183009922504 -0.00018673068552743644 0.006454565562307835 
vn -0.0065829018130898476 -0.00025643559638410807 0.006368403788655996 
vn -0.006819920614361763 -0.00026467302814126015 0.00611355435103178 
vn -0.0068182265385985374 -0.00022482506756205112 0.006117038428783417 
vn -0.006671026814728975 -0.0006445104372687638 0.006248113699257374 
vn -0.006633899174630642 -0.0012431509094312787 0.0061970055103302 
vn -0.006906726397573948 -0.0017126318998634815 0.005772428121417761 
vn -0.006696449592709541 0.0023383423686027527 0.005800571758300066 
vn -0.008352096192538738 0.003712716745212674 -0.0006442689336836338 
vn -0.0073614870198071 0.00009991985280066729 0.00545485271140933 
vn -0.00383834564127028 0.0030626123771071434 0.00773592246696353 
vn -0.003503079293295741 0.00024271260190289468 0.008463245816528797 
vn -0.0003973246202804148 0.0033962081652134657 0.00850087869912386 
vn -0.00010379396553616971 0.0002750516578089446 0.009158088825643063 
vn -0.0001730114599922672 -0.002991851419210434 0.008658863604068756 
vn -0.00414564274251461 -0.0025998963974416256 0.00774668762460351 
vn -0.003947482444345951 -0.0019179387018084526 0.008043374866247177 
vn -0.0038851734716445208 -0.0012534970883280039 0.008203119039535522 
vn -0.00414685532450676 -0.0004413104325067252 0.008158788084983826 
vn 0.004927307367324829 0.0017716859001666307 -0.007519290782511234 
vn -0.00003459824074525386 -0.002224772935733199 0.008888543583452702 
vn 2.8360761598200798e-15 -0.0015195435844361782 0.0090359291061759 
vn 0.00003459147410467267 -0.0004854276776313782 0.00914987362921238 
vn -0.0048857880756258965 0.0017740519251674414 0.00754577899351716 
vn -0.00003457333878031932 0.003616914851590991 0.008418655954301357 
vn 0.00003458022911217995 0.0018343949923291802 -0.008977239951491356 
vn -0.0050473944284021854 -0.0005357834743335843 0.007628479972481728 
vn -0.006073606666177511 -0.0005972383078187704 0.006834584288299084 
vn -0.004752158187329769 -0.003342838492244482 0.007085153367370367 
vn -0.00407163193449378 -0.0007655118242837489 0.008172685280442238 
vn 0.0007088266429491341 -0.005295052193105221 0.0074442601762712 
vn 0.0005532344803214073 -0.0011213179677724838 0.009077092632651329 
vn -0.0039005177095532417 -0.0005363320815376937 0.008273771964013577 
vn 0.00032859318889677525 -0.000684466096572578 0.00913129560649395 
vn 0.0002593772078398615 -0.0006448133499361575 0.009136408567428589 
vn -0.003899548901244998 -0.0004964166437275708 0.008276719599962234 
vn 0.00019012359553016722 -0.0005651289829984307 0.009143386036157608 
vn -0.006532948464155197 -0.0002227608347311616 0.006420894060283899 
vn -0.0037729789037257433 -0.0004637291422113776 0.008337059989571571 
vn 0.0001037387119140476 -0.0004453781875781715 0.009151387959718704 
vn -0.0037251990288496017 -0.0003063553886022419 0.00836576521396637 
vn -0.000034568325645523146 -0.0004054507880937308 0.009153766557574272 
vn -0.002953391754999757 -0.00034423076431266963 0.008666948415338993 
vn 0.0001037387119140476 -0.0004453781875781715 0.009151387959718704 
vn -0.003599768038839102 -0.0003532340342644602 0.00841866247355938 
vn 0.00022477511083707213 -0.00032510573510080576 0.009154277853667736 
vn -0.001445797854103148 -0.0007506882539018989 0.009016825817525387 
vn -0.003552213544026017 -0.0002356511540710926 0.008442940190434456 
vn -0.006456614937633276 0.000048704296204959974 0.006501282565295696 
vn -0.006496716756373644 -0.00010698530240915716 0.006460506934672594 
vn -0.0027747026178985834 -0.0029749011155217886 0.008210237137973309 
vn -0.004009736701846123 0.0018676697509363294 0.008024387992918491 
vn 0.0002766440447885543 0.0033210706897079945 0.008535278029739857 
vn -0.006544481497257948 0.0048593878746032715 0.00418485701084137 
vn -0.00006899547588545829 0.008094383403658867 0.00429339287802577 
vn 0.004655567929148674 0.0023867585696280003 0.007522369734942913 
vn 0.006351565010845661 0.005574546288698912 0.003541042795404792 
vn 0.006200379692018032 -0.00018285044643562287 0.00674379663541913 
vn 0.00878202449530363 0.000014189521607477218 0.0026139391120523214 
vn 0.004379362799227238 -0.003553882474079728 0.007221362553536892 
vn 0.005812510848045349 -0.006697613280266523 0.0023051314055919647 
vn 0.00038048913120292127 -0.004694173578172922 0.007859833538532257 
vn 0.008530324324965477 0.00004320088555687107 0.0033449288457632065 
vn 0.00614538649097085 0.005299017298966646 0.004255769774317741 
vn 0.00012071751552866772 0.007688857149332762 0.004982362035661936 
vn -0.0061102621257305145 0.004659167490899563 0.004991371650248766 
vn 0.0008464220445603132 -0.0003605523379519582 0.009116501547396183 
vn 0.005821577738970518 -0.006399476435035467 0.0030187545344233513 
vn 0.0002075996744679287 -0.008790848776698112 0.0025758298579603434 
vn 0.00029423515661619604 -0.008531481958925724 0.003329305211082101 
vn -0.006291033700108528 -0.005406443495303392 0.003892324399203062 
vn -0.008045691065490246 -0.0003279183292761445 0.004372206516563892 
vn -0.008409768342971802 -0.0002745827368926257 0.0036272911820560694 
vn -0.0065672388300299644 -0.005551561713218689 0.003163614310324192 
vn -0.004114497918635607 -0.002904993947595358 0.007654338609427214 
vn -0.005214296746999025 -0.0003617051988840103 0.007525771390646696 
vn -0.004099971614778042 -0.00028417789144441485 0.008189410902559757 
vn -0.006358189973980188 0.000036585279303835705 0.0065976521000266075 
vn -0.0036465900484472513 -0.00047072896268218756 0.008392722345888615 
vn 0.00012108314695069566 -0.0006851024809293449 0.00913635641336441 
vn 0.00006913216202519834 -0.0001653343642828986 0.009161054156720638 
vn -0.003662149189040065 0.00009086354839382693 0.008398654870688915 
vn -0.00003445249967626296 0.008274159394204617 0.003936257213354111 
vn -0.0010729688219726086 0.008369178511202335 0.0035724786575883627 
vn -0.0019507847027853131 0.008463112637400627 0.002920133527368307 
vn -0.006455837748944759 0.000370706053217873 0.006491661071777344 
vn -0.002569163218140602 0.008519211784005165 0.0021861945278942585 
vn -0.007965180091559887 0.00033847417216748 0.004516437649726868 
vn -0.006437169387936592 -0.0002748612314462662 0.006514923181384802 
vn -0.008348354138433933 -0.00009154727740678936 0.003775374498218298 
vn -0.008312149904668331 0.0006286262068897486 0.0038039241917431355 
vn -0.009091579355299473 0.0011205533519387245 0.00021061926963739097 
vn -0.0027969565708190203 0.008652928285300732 0.0011228843359276652 
vn -0.002416901057586074 0.008838088251650333 -0.00006164942897157744 
vn -0.0081978440284729 0.0017710410756990314 -0.0036899361293762922 
vn -0.006315301638096571 0.002099049976095557 -0.0062982444651424885 
vn -0.001874550711363554 0.008927205577492714 -0.0008649161900393665 
vn -0.0035351281985640526 0.0021743327379226685 -0.00816897489130497 
vn -0.0010729688219726086 0.008993120864033699 -0.001389075187034905 
vn -0.000017230411685886793 0.009006232023239136 -0.0016865673242136836 
vn 0.00005188716386328451 0.0021470030769705772 -0.008907564915716648 
vn 0.0035351281985640526 0.0021743327379226685 -0.00816897489130497 
vn 0.0010729688219726086 0.008993120864033699 -0.001389075187034905 
vn 0.0019223170820623636 0.008910761214792728 -0.0009273874456994236 
vn 0.006427736487239599 0.00200845068320632 -0.006213473621755838 
vn 0.002609737915918231 0.008782641030848026 -0.00010716239921748638 
vn 0.008227206766605377 0.0017632273957133293 -0.003627802710980177 
vn 0.009076143614947796 0.0012473283568397164 0.00015685831021983176 
vn 0.002911299467086792 0.008620106615126133 0.001084025134332478 
vn 0.00255534122698009 0.008515273220837116 0.0022175151389092207 
vn 0.008340022526681423 0.0006365286535583436 0.0037410843651741743 
vn 0.006636911071836948 0.00031353411031886935 0.006309518590569496 
vn 0.0019270136253908277 0.008460010401904583 0.002944801701232791 
vn 0.003853151574730873 0.00006158206815598533 0.008313027210533619 
vn 0.0010858547175303102 0.00838679913431406 0.003526973305270076 
vn -0.00003445249967626296 0.008274159394204617 0.003936257213354111 
vn 0.00006913216202519834 -0.0001653343642828986 0.009161054156720638 
vn 0.003931777086108923 -0.0005344848032109439 0.008259082213044167 
vn 0.00012108314695069566 -0.0006851024809293449 0.00913635641336441 
vn 0.004379362799227238 -0.003553882474079728 0.007221362553536892 
vn 0.00038048913120292127 -0.004694173578172922 0.007859833538532257 
vn -0.006944870576262474 0.00031632062746211886 0.005968720652163029 
vn -0.008356110192835331 0.0005184845067560673 0.00372336502186954 
vn 0.006200379692018032 -0.00018285044643562287 0.00674379663541913 
vn 0.004705424886196852 -0.0002425726706860587 0.00785856880247593 
vn 0.004655567929148674 0.0023867585696280003 0.007522369734942913 
vn 0.0038994518108665943 -0.00021626934176310897 0.00828881748020649 
vn 0.0002766440447885543 0.0033210706897079945 0.008535278029739857 
vn 0.00022477511083707213 -0.00032510573510080576 0.009154277853667736 
vn 0.003789520589634776 -0.0003427643678151071 0.008335408754646778 
vn 0.0001037387119140476 -0.0004453781875781715 0.009151387959718704 
vn 0.003018728457391262 -0.0003414102829992771 0.008644520305097103 
vn -0.000034568325645523146 -0.0004054507880937308 0.009153766557574272 
vn 0.0038510155864059925 -0.00029919916414655745 0.008308859542012215 
vn 0.0001037387119140476 -0.0004453781875781715 0.009151387959718704 
vn 0.004054156132042408 -0.00044711315422318876 0.008204931393265724 
vn 0.00019012359553016722 -0.0005651289829984307 0.009143386036157608 
vn 0.004241209011524916 -0.0005152063677087426 0.008105780929327011 
vn 0.006793308537453413 -0.00018818267562892288 0.006145930383354425 
vn 0.00811921525746584 0.0001314176624873653 0.004244754556566477 
vn 0.007426464464515448 0.0028347736224532127 0.00455725472420454 
vn 0.0077622756361961365 0.004867073148488998 0.00012473882816266268 
vn 0.003085863310843706 0.008621281012892723 0.00032857211772352457 
vn 0.00297356303781271 0.0052767060697078705 0.006875413004308939 
vn 0.003053664695471525 -0.0012564175995066762 0.008547136560082436 
vn 0.007241691462695599 -0.0002414691844023764 0.0056086089462041855 
vn 0.008532029576599598 0.00036832751356996596 0.0033204900100827217 
vn 0.006783874239772558 -0.0001092146267183125 0.006158248987048864 
vn 0.006739730481058359 0.0002871294564101845 0.006200846750289202 
vn 0.002784635638818145 0.0020384022500365973 0.008488093502819538 
vn 0.0019727086182683706 -0.0005784709937870502 0.008929210714995861 
vn 0.0030046734027564526 -0.002238593762740493 0.008361676707863808 
vn 0.006640905514359474 -0.00008837092900648713 0.006312486249953508 
vn 0.006664165295660496 0.00011575585813261569 0.006287481170147657 
vn 0.006627940107136965 0.000030484819944831543 0.006326642353087664 
vn 0.006659081671386957 -0.0003666125994641334 0.006283242721110582 
vn 0.008379210717976093 -0.00016320825670845807 0.003703921800479293 
vn 0.008037582039833069 0.0003144505899399519 0.004388082772493362 
vn 0.008400341495871544 0.0006132396520115435 0.0036076370161026716 
vn 0.006664165295660496 0.00011575585813261569 0.006287481170147657 
vn 0.008500488474965096 0.0004397222655825317 0.0033919294364750385 
vn 0.009094874374568462 0.0010934385936707258 -0.0002108778280671686 
vn 0.00907193310558796 0.0012818221002817154 -0.00011743389768525958 
vn 0.007107282988727093 0.003612060099840164 0.004516243003308773 
vn 0.0076398421078920364 0.005050487816333771 0.0002868264855351299 
vn 0.00634210417047143 -0.0032173171639442444 0.005777846556156874 
vn 0.0026612840592861176 -0.008691043592989445 0.0011577276745811105 
vn -0.0029308563098311424 -0.0060676634311676025 0.006208908744156361 
vn 0.003211802104488015 -0.008332162164151669 0.0020533890929073095 
vn -0.00215192511677742 -0.005800968501716852 0.006758327595889568 
vn -0.004561309702694416 -0.0009319295641034842 0.00789195392280817 
vn 0.008518485352396965 -0.0019338506972417235 0.0027663109358400106 
vn 0.006542962044477463 -0.005836840718984604 -0.002660424681380391 
vn 0.008319742046296597 0.0008539209957234561 -0.00374293583445251 
vn 0.00872937124222517 0.000915437878575176 -0.00262999814003706 
vn 0.00720237335190177 -0.005395969375967979 -0.0017222748138010502 
vn 0.006480990443378687 0.0000517630141985137 0.006476959679275751 
vn -0.003694772021844983 -0.0007077701156958938 0.008354921825230122 
vn -0.002732528606429696 0.0054935794323682785 0.006805209442973137 
vn -0.0017252647085115314 0.005318320356309414 0.007259197533130646 
vn 0.0026987064629793167 0.00788971409201622 0.0037982112262398005 
vn 0.007349594496190548 0.00541700841858983 -0.000772251223679632 
vn 0.0067797270603477955 0.005900536198168993 -0.0017821005312725902 
vn 0.009027969092130661 0.000689444481395185 0.001406152849085629 
vn 0.00891979318112135 0.0007400831091217697 0.0019612249452620745 
vn 0.009103787131607533 0.0010144754778593779 -0.0002207276993431151 
vn 0.009103613905608654 0.0010367368813604116 -0.00007879133045207709 
vn 0.008776542730629444 0.0012386770686134696 -0.0023226728662848473 
vn 0.008372323587536812 0.00126637052744627 -0.003501050639897585 
vn 0.008265363983809948 0.0014876415953040123 -0.003664359450340271 
vn 0.007253881078213453 0.004174766130745411 -0.003729535499587655 
vn 0.0030896991956979036 0.008609886281192303 0.0005297312163747847 
vn 0.0029523728881031275 0.005985429976135492 0.0062781465239822865 
vn 0.002938251942396164 -0.00026481886743567884 0.008674880489706993 
vn 0.003930889535695314 -0.000014020012713444885 0.008276768960058689 
vn 0.003965192940086126 0.005910546984523535 0.005770586896687746 
vn 0.004035750404000282 0.008219053037464619 0.0003418578999117017 
vn 0.0030747917480766773 0.0069111925549805164 -0.005170886870473623 
vn 0.003950502257794142 0.006768429186195135 -0.004747513681650162 
vn 0.003068129764869809 0.0022744752932339907 -0.008328886702656746 
vn 0.0068773808889091015 0.001794125884771347 -0.005782703403383493 
vn 0.00907509122043848 0.0012645772658288479 0.000019696295566973276 
vn 0.004243710543960333 -0.005830984562635422 0.0056522139348089695 
vn 0.0032725355122238398 -0.006336076185107231 0.005753403063863516 
vn 0.004499034024775028 -0.007758239284157753 -0.0018776037031784654 
vn 0.00420159287750721 -0.0031261879485100508 -0.0075186798349022865 
vn 0.004005310125648975 0.002570617012679577 -0.007829840295016766 
vn 0.003209874499589205 -0.003590555628761649 -0.007794973906129599 
vn 0.007240076549351215 -0.0014977679820731282 -0.005412474740296602 
vn 0.003416449064388871 -0.00826253555715084 -0.002003843430429697 
vn 0.00775238499045372 -0.004729100503027439 -0.0012218881165608764 
vn 0.007199356332421303 -0.0035474731121212244 0.004420587792992592 
vn 0.009161987341940403 0.00010793883848236874 -0.00005616293856292032 
vn 0.008255666121840477 0.0009492621175013483 -0.0038600186817348003 
vn 0.00790628232061863 0.001381953014060855 -0.004420156124979258 
vn 0.006459961179643869 0.0013831513933837414 -0.0063492292538285255 
vn 0.006534588057547808 0.0015691607259213924 -0.006228467915207148 
vn 0.006472207605838776 0.0016937797190621495 -0.00626087561249733 
vn 0.006351242307573557 0.0014747908571735024 -0.006437673699110746 
vn 0.005320193246006966 -0.002446476137265563 -0.007047499995678663 
vn 0.00841556303203106 -0.0023359188344329596 -0.0027710353024303913 
vn 0.009122239425778389 0.0007238774560391903 -0.0004664523876272142 
vn 0.006464035250246525 -0.006447263993322849 0.000778433692175895 
vn 0.001695118728093803 -0.008013627491891384 -0.004106747917830944 
vn -0.0030594677664339542 -0.004276861436665058 -0.007503673899918795 
vn 0.002674473449587822 -0.00012508944200817496 -0.008762908168137074 
vn 0.0036632302217185497 0.0017387553816661239 -0.008216719143092632 
vn 0.003772418713197112 0.0018891323124989867 -0.00813369732350111 
vn 0.004526463802903891 0.0017238050932064652 -0.00777795584872365 
vn 0.0036801653914153576 0.001541430247016251 -0.00824847724288702 
vn 0.004489270504564047 -0.002216664608567953 -0.007673970423638821 
vn 0.00646329578012228 0.001304260571487248 -0.006362517364323139 
vn 0.004964875057339668 0.004727232735604048 -0.006079494021832943 
vn 0.00015568130766041577 0.0019126171246170998 -0.008959613740444183 
vn 0.00006915470294188708 0.006288968492299318 -0.006663416512310505 
vn 0.0061495681293308735 0.006485254969447851 -0.002020200714468956 
vn 0.008768226951360703 0.00035173387732356787 -0.0026365327648818493 
vn 0.005588074680417776 -0.006080688908696175 -0.003969330806285143 
vn 0.0055274865590035915 -0.005648054648190737 -0.004637167323380709 
vn 0.008517129346728325 0.0004810822138097137 -0.0033442361745983362 
vn 0.005935422144830227 0.006376928184181452 -0.002839452587068081 
vn -0.00022393872495740652 0.008885343559086323 -0.002226556884124875 
vn -0.0001722194574540481 0.0086569394916296 -0.0029974596109241247 
vn 0.0007085360120981932 0.0019093470182269812 -0.008933610282838345 
vn -0.0008601272129453719 -0.007355998270213604 -0.005395043175667524 
vn -0.000992002198472619 -0.007833223789930344 -0.0046490393579006195 
vn -0.006732051260769367 -0.0036553610116243362 -0.005027398932725191 
vn -0.008045731112360954 0.001117843552492559 -0.004239515867084265 
vn -0.006150214001536369 0.005742901004850864 -0.0036264159716665745 
vn -0.008383277803659439 0.0009534992859698832 -0.003573283087462187 
vn -0.0064734588377177715 0.005812551826238632 -0.0028749776538461447 
vn -0.006975698284804821 -0.004100075922906399 -0.0042995261028409 
vn -0.00038073843461461365 -0.0031718325335532427 -0.008587871678173542 
vn 0.00006913630204508081 0.0015195109881460667 -0.009035670198500156 
vn -0.004402426071465015 -0.0006983533385209739 -0.008005494251847267 
vn -0.005115167703479528 0.001638981862924993 -0.007423325441777706 
vn -0.004187466576695442 0.004034322686493397 -0.0070814089849591255 
vn -0.0034897341392934322 0.00182627874892205 -0.008273055776953697 
vn -0.004099971614778042 0.0017523298738524318 -0.008004782721400261 
vn -0.0035830808337777853 0.0016253364738076925 -0.008275071159005165 
vn -0.006351242307573557 0.0014747908571735024 -0.006437673699110746 
vn -0.0082345400005579 0.0010717589175328612 -0.0038730534724891186 
vn -0.009158839471638203 0.0002495346707291901 0.00010109320282936096 
vn -0.0075851744040846825 -0.003049886552616954 0.00413765711709857 
vn -0.00822404958307743 -0.004003997892141342 -0.0005383843090385199 
vn -0.0075223916210234165 -0.0014276523143053055 -0.0050331223756074905 
vn -0.0034738867543637753 -0.008416739292442799 -0.0010235303780063987 
vn -0.003239801386371255 -0.006366210989654064 0.005738645326346159 
vn -0.0029554252978414297 0.000016304276869050227 0.008673073723912239 
vn -0.003899658564478159 -0.000015875848475843668 0.008291525766253471 
vn -0.004117821343243122 -0.006017673294991255 0.005548706278204918 
vn -0.004337496589869261 -0.008031315170228481 -0.0008006746065802872 
vn -0.003283101599663496 -0.004109314177185297 -0.007502784952521324 
vn -0.007054926827549934 0.001379718421958387 -0.005681662354618311 
vn -0.007891972549259663 0.0013463350478559732 -0.0044565703719854355 
vn -0.006313381250947714 0.0015965010970830917 -0.0064458767883479595 
vn -0.006210315972566605 0.0016475990414619446 -0.0065325587056577206 
vn -0.0034722290001809597 0.001748865470290184 -0.008297113701701164 
vn -0.006196229252964258 0.0015712280292063951 -0.006564671639353037 
vn -0.008275694213807583 0.0015229517593979836 -0.003626342164352536 
vn 0.00010377244325354695 0.0017950868932530284 -0.008984649553894997 
vn 0.002888880204409361 0.0017759135225787759 -0.008512197993695736 
vn 0.0020920271053910255 0.0017256146529689431 -0.008752296678721905 
vn -0.004501254763454199 0.0009759408421814442 -0.007921061478555202 
vn -0.003697242122143507 0.001105621224269271 -0.008310534991323948 
vn -0.00225147046148777 -0.0039143371395766735 -0.007972819730639458 
vn 0.006318623200058937 0.0017902442486956716 -0.006389596965163946 
vn 0.002364500192925334 -0.0075025614351034164 -0.004698694217950106 
vn -0.0023281341418623924 0.0060957917012274265 -0.006432583089917898 
vn -0.0032563460990786552 0.006078640930354595 -0.006033517420291901 
vn 0.0025053906720131636 0.003470652038231492 -0.008101518265902996 
vn 0.0034069858957082033 0.0017913510091602802 -0.008315077051520348 
vn 0.0001037387119140476 0.0018343296833336353 -0.00897672027349472 
vn -0.002954408759251237 0.0017731537809595466 -0.008490253239870071 
vn 0.0021040078718215227 0.008631952106952667 -0.0022404405754059553 
vn 0.006871438585221767 0.005797320976853371 0.0017695529386401176 
vn 0.0014167180052027106 0.008944547735154629 -0.0013946312246844172 
vn -0.003408159362152219 0.0017521148547530174 -0.00832295324653387 
vn 0.006444815546274185 0.002387748332694173 -0.006059697363525629 
vn 0.005249166861176491 0.0053088064305484295 -0.005312229506671429 
vn 0.006381933577358723 0.0058550708927214146 0.002990985754877329 
vn 0.008767222985625267 -0.000192809195141308 0.002656211145222187 
vn 0.006920673884451389 -0.006003727205097675 -0.00012822287681046873 
vn 0.008297782391309738 -0.0004650414630305022 0.003858418669551611 
vn 0.008154550567269325 0.003895773319527507 -0.0015110006788745522 
vn 0.00851083267480135 0.0015658149495720863 -0.0030117779970169067 
vn 0.007812959142029285 0.0015944346087053418 -0.0045135715045034885 
vn 0.007449547294527292 0.0010805267374962568 -0.005224327556788921 
vn 0.003006167011335492 0.006063621491193771 -0.0061767674051225185 
vn 0.0039872461929917336 0.008245116099715233 0.00027733881142921746 
vn 0.00391970993950963 0.005141948815435171 0.006492551416158676 
vn 0.0038862861692905426 -0.0010154764167964458 0.008235446177423 
vn 0.009086783044040203 0.0011685870122164488 0.00014695615391246974 
vn 0.004176771268248558 -0.006486999336630106 0.004942712374031544 
vn 0.003434706712141633 -0.006835581734776497 0.005043273326009512 
vn 0.007943985983729362 -0.002682310529053211 0.0036952896043658257 
vn 0.009121345356106758 0.0008700425387360156 -0.00002995292015839368 
vn 0.008538326248526573 -0.0032376989256590605 -0.0007557409699074924 
vn 0.003653602208942175 -0.008250249549746513 -0.0015942255267873406 
vn 0.003380928188562393 -0.004615939687937498 -0.007156774401664734 
vn 0.004097386263310909 -0.004274345468729734 -0.006992738228291273 
vn 0.0038855443708598614 0.0008563981391489506 -0.00825385469943285 
vn 0.0038402038626372814 0.0059219407849013805 -0.005842981860041618 
vn 0.0030516241677105427 0.0006996949668973684 -0.008611330762505531 
vn 0.007929724641144276 -0.001187030808068812 -0.004434782080352306 
vn 0.004378010518848896 -0.007898438721895218 -0.0015506995841860771 
vn 0.0086364122107625 0.0007332715904340148 0.002971789799630642 
vn 0.005625179968774319 0.0039860401302576065 0.006035377737134695 
vn 0.0017778744222596288 0.008442219346761703 0.0030862793792039156 
vn 0.008398965001106262 0.0028553472366183996 0.0022937380708754063 
vn 0.0010858547175303102 0.00838679913431406 0.003526973305270076 
vn 0.0019968801643699408 0.0076875267550349236 0.0045685237273573875 
vn 0.0019270136253908277 0.008460010401904583 0.002944801701232791 
vn 0.0042093959636986256 0.006412312388420105 0.005012007430195808 
vn 0.0032614844385534525 0.008000665344297886 0.0030510772485285997 
vn 0.00255534122698009 0.008515273220837116 0.0022175151389092207 
vn 0.005552362650632858 0.0066377236507833 0.003011452965438366 
vn 0.0036176808644086123 0.00822527427226305 0.0017928284360095859 
vn 0.002911299467086792 0.008620106615126133 0.001084025134332478 
vn 0.006138045806437731 0.006749874446541071 0.0008488332969136536 
vn 0.003654883708804846 0.008397070690989494 0.00029667382477782667 
vn 0.009160149842500687 -0.00021845560695510358 -0.00002747197686403524 
vn 0.008969360962510109 -0.0004895736346952617 0.0018076830310747027 
vn 0.008535223081707954 -0.0007903737714514136 0.0032376120798289776 
vn 0.007762168999761343 -0.0009829034097492695 0.00476859649643302 
vn 0.006451976019889116 -0.001423320616595447 0.0063484711572527885 
vn 0.002609737915918231 0.008782641030848026 -0.00010716239921748638 
vn 0.0049164495430886745 -0.00741958012804389 0.0021760796662420034 
vn 0.0055508799850940704 -0.007177144754678011 0.0012779950629919767 
vn 0.005621676798909903 -0.007230587303638458 0.0002688895328901708 
vn 0.005488872993737459 -0.007279505487531424 -0.000915437238290906 
vn 0.008963081985712051 -0.00018541261670179665 -0.0018935693660750985 
vn 0.005662906914949417 0.007062102202326059 -0.0014195562107488513 
vn 0.0033560283482074738 0.008445157669484615 -0.001171912532299757 
vn 0.0019223170820623636 0.008910761214792728 -0.0009273874456994236 
vn 0.008437271229922771 -0.0002572480298113078 -0.003564144019037485 
vn 0.005525378044694662 -0.0070128487423062325 -0.0020608496852219105 
vn 0.0036584490444511175 -0.008335109800100327 -0.0010481851641088724 
vn 0.00366742885671556 -0.008389128372073174 -0.00035983260022476315 
vn 0.003412185935303569 -0.008496105670928955 0.0003608014958444983 
vn 0.002912103896960616 -0.008642010390758514 0.0008901211549527943 
vn 0.003877153852954507 -0.0077276150695979595 0.003034573281183839 
vn 0.004543450195342302 -0.0015264772810041904 0.007809219416230917 
vn 0.0010557909263297915 0.007662218064069748 0.004912508651614189 
vn -0.000017195365217048675 0.00829126127064228 0.0039002199191600084 
vn -0.00003445249967626296 0.008274159394204617 0.003936257213354111 
vn 0.0023757305461913347 -0.001638061716221273 0.008696531876921654 
vn 0.0026935958303511143 -0.00797021109610796 0.0036300532519817352 
vn 0.002101847203448415 -0.008852936327457428 0.0010792488465085626 
vn 0.00001729875111777801 -0.0019127808045595884 0.008960914798080921 
vn 0.0012688693823292851 -0.008170840330421925 0.0039477040991187096 
vn 1.5163459943177949e-15 -0.008295703679323196 0.003890799591317773 
vn 0.0007213224307633936 -0.008948043920099735 0.0018355443608015776 
vn -0.000017314077922492288 -0.00896723847836256 0.0018829110777005553 
vn 0.0019366537453606725 0.0018514448311179876 0.00876233633607626 
vn 0.00017277219740208238 0.0020591183565557003 0.008926769718527794 
vn 0.001335294102318585 -0.00895009096711874 0.0014387094415724277 
vn 0.0052959369495511055 0.00189021450933069 0.0072344387881457806 
vn 0.00323738856241107 0.0019416235154494643 0.008349036797881126 
vn 0.0031561439391225576 0.0019769032951444387 0.008371833711862564 
vn 0.0018351994222030044 0.0020445415284484625 0.008741218596696854 
vn 0.0002766679972410202 0.002098450204357505 0.008914986625313759 
vn 0.00024199456674978137 0.0003153964935336262 0.009154179133474827 
vn 0.0016330614453181624 0.0005335772293619812 0.009000301361083984 
vn 0.00006916800339240581 -0.0014009393053129315 0.009054811671376228 
vn 0.001309849671088159 -0.001349648111499846 0.008967706933617592 
vn -0.00008648229413665831 -0.0029541379772126675 0.008673097006976604 
vn 0.0026900963857769966 0.0003660524671431631 0.00875136535614729 
vn 0.004410153720527887 -0.0003839040291495621 0.00802247691899538 
vn 0.0023930869065225124 -0.0013217006344348192 0.008745470084249973 
vn 0.004516536369919777 0.0011470519239082932 0.007889369502663612 
vn 0.00519436364993453 0.002473522210493684 0.00713142566382885 
vn 0.006515739019960165 0.0022715996019542217 0.006028424017131329 
vn 0.0064075603149831295 0.002176486887037754 0.006177620962262154 
vn 0.007217292673885822 0.002305343747138977 0.005152957513928413 
vn 0.005238736048340797 0.0022809088695794344 0.007163104135543108 
vn 0.006251187063753605 0.0016750164795666933 0.006486440543085337 
vn 0.006335901096463203 -0.000006300515451584943 0.0066191572695970535 
vn 0.007235535886138678 0.0008067629532888532 0.005563546437770128 
vn 0.007494848221540451 -0.00027871126076206565 0.005263691768050194 
vn 0.0076783327385783195 0.0010098892962560058 0.004896959289908409 
vn 0.007246600929647684 0.002432426204904914 0.005052423570305109 
vn 0.007943728007376194 0.0027204551734030247 0.0036678567994385958 
vn 0.00800174567848444 0.002570738550275564 0.003649689955636859 
vn 0.008456451818346977 0.002843195339664817 0.0020884235855191946 
vn 0.006624171976000071 -0.0007700280984863639 0.006283655297011137 
vn 0.00832723081111908 0.0030867259483784437 0.0022552632726728916 
vn 0.008497973904013634 0.0019835568964481354 0.0027940634172409773 
vn 0.008244658820331097 0.0013507289113476872 0.0037627106066793203 
vn 0.007837139070034027 -0.0002932688221335411 0.004738156218081713 
vn 0.007702661212533712 -0.0013074636226519942 0.004787110723555088 
vn 0.007225227542221546 -0.0013921220088377595 0.00546030979603529 
vn 0.007551820948719978 -0.0022906260564923286 0.004656169097870588 
vn 0.007347882259637117 -0.002365530002862215 0.004936576820909977 
vn 0.0069452086463570595 -0.003627081634476781 0.004750291351228952 
vn 0.006748099345713854 -0.0036239379551261663 0.005028632469475269 
vn 0.005998979788273573 -0.005183496046811342 0.004593533929437399 
vn 0.00609741872176528 -0.004920659586787224 0.0047503188252449036 
vn 0.004711408168077469 -0.006077554076910019 0.004982261918485165 
vn 0.004657812882214785 -0.006083027459681034 0.005025786347687244 
vn 0.003988882526755333 -0.005167484283447266 0.006429845467209816 
vn 0.0030319567304104567 -0.005731155630201101 0.0064744180999696255 
vn 0.0026213331148028374 -0.004539631772786379 0.007515142671763897 
vn 0.004179969895631075 -0.003856784664094448 0.007184012793004513 
vn 0.002258272608742118 -0.003069150960072875 0.008332918398082256 
vn 0.003864845959469676 -0.002845032373443246 0.007805494591593742 
vn 0.004054156132042408 -0.001598310424014926 0.008060161955654621 
vn 0.008471053093671799 0.003465285524725914 0.00043577843462117016 
vn 0.0011906760046258569 -0.0030199545435607433 0.008568499237298965 
vn -0.00006918956205481663 -0.004452395718544722 0.008008020929992199 
vn 0.0014807755360379815 -0.004575375467538834 0.007799375802278519 
vn -0.00006918609142303467 -0.005683383904397488 0.0071868896484375 
vn 0.001750042662024498 -0.005814044736325741 0.006862306967377663 
vn 0.001761433552019298 -0.007248931098729372 0.005320466589182615 
vn 0.003193011973053217 -0.0071258642710745335 0.004794134758412838 
vn 0.004910373128950596 -0.007083219476044178 0.0031101773492991924 
vn 0.0063194772228598595 -0.004887544084340334 0.004486985970288515 
vn -0.00001732277451083064 -0.0072796219028532505 0.005564515478909016 
vn 0.001532674883492291 -0.0032014879398047924 0.008447390049695969 
vn 0.0007427298696711659 -0.007836784236133099 0.0046893698163330555 
vn 0.005941526498645544 -0.0061785439029335976 0.003237405326217413 
vn 0.005418428685516119 0.0014231133973225951 0.007250677794218063 
vn 0.007439059671014547 -0.0031861502211540937 0.004297176841646433 
vn 0.00781326275318861 -0.0023483994882553816 0.004170709289610386 
vn 0.007826795801520348 -0.001476090750657022 0.0045298244804143906 
vn 0.008377931080758572 -0.00012343910930212587 0.0037083541974425316 
vn 0.008585730567574501 -0.000059482070355443284 0.003199771512299776 
vn 0.008426712825894356 -0.001479403581470251 0.0032800498884171247 
vn 0.00867775920778513 -0.0015791605692356825 0.0024818521924316883 
vn 0.008773870766162872 -0.002204231219366193 0.0014551255153492093 
vn 0.008406869135797024 -0.0022622602991759777 0.0028571970760822296 
vn 0.00859854742884636 -0.0029746312648057938 0.0010832309490069747 
vn 0.008301873691380024 -0.0029606549069285393 0.002504050964489579 
vn 0.008459254167973995 0.002268414944410324 0.00269298255443573 
vn 0.008825726807117462 0.0002076800010399893 -0.0024536203127354383 
vn 0.008184323087334633 -0.003907060716301203 0.0013071344001218677 
vn 0.006927315145730972 -0.003574374597519636 -0.004815917462110519 
vn 0.008245745673775673 -0.003958206623792648 0.0005450939643196762 
vn 0.008241696283221245 -0.003972621634602547 -0.000499578716699034 
vn 0.0086556700989604 -0.002982539590448141 -0.0003750705218408257 
vn 0.00882324855774641 -0.002451945561915636 -0.00030834542121738195 
vn 0.008991042152047157 -0.0017171632498502731 0.00041150784818455577 
vn 0.008837061002850533 -0.0019626738503575325 0.0014181291917338967 
vn 0.00883426796644926 -0.0015433094231411815 0.0018790267640724778 
vn 0.009048698469996452 -0.0005889909225516021 0.0013156626373529434 
vn 0.008952867239713669 0.0005506369052454829 0.0018707761773839593 
vn 0.009084689430892467 0.00074940943159163 0.0009293148759752512 
vn 0.008986060507595539 0.0015533000696450472 0.0008915233775041997 
vn 0.008410421200096607 0.0032370646949857473 0.0016562234377488494 
vn 0.008416438475251198 0.002336293226107955 0.0027680578641593456 
vn 0.008419262245297432 0.000865545473061502 0.0035105133429169655 
vn 0.008324510417878628 -0.0006953894044272602 0.0037650789599865675 
vn 0.00810262467712164 -0.0023887730203568935 0.0035493799950927496 
vn 0.007870693691074848 -0.004011627286672592 0.002432263921946287 
vn 0.007932543754577637 -0.00452423095703125 0.0007503023371100426 
vn 0.009135760366916656 -0.0006858464330434799 -0.0001559536758577451 
vn 0.008038620464503765 -0.004343643318861723 -0.0006857190164737403 
vn 0.007932543754577637 -0.004197590984404087 -0.001847118721343577 
vn 0.008991042152047157 -0.0015618095640093088 -0.0008238564478233457 
vn 0.0078117987141013145 -0.0033490853384137154 -0.0034229091834276915 
vn 0.00879973266273737 -0.0016587794525548816 -0.001941649243235588 
vn 0.008112232200801373 -0.0013968371786177158 -0.004024599213153124 
vn 0.00882809329777956 -0.001069185440428555 -0.002208720427006483 
vn 0.008295406587421894 0.0002663085178937763 -0.003882288932800293 
vn 0.009038014337420464 -0.00023636843252461404 -0.001488371635787189 
vn 0.008380851708352566 0.0017943178536370397 -0.0032401548232883215 
vn 0.008952867239713669 0.000996687333099544 -0.001676191808655858 
vn 0.008410326205193996 0.0030168246012181044 -0.0020302797202020884 
vn 0.009088343009352684 0.0009166551171801984 -0.0007201340049505234 
vn 0.008414194919168949 0.003566201776266098 -0.0006636127945967019 
vn 0.008986060507595539 0.0017256727442145348 -0.00047917477786540985 
vn 0.008439925499260426 0.003529974026605487 0.0005135985556989908 
vn 0.008497973904013634 0.0026135926600545645 -0.0022159467916935682 
vn 0.008585730567574501 0.0007346182246692479 -0.003114869352430105 
vn 0.00867775920778513 -0.0009154962608590722 -0.0027955686673521996 
vn 0.008773870766162872 -0.0017753171268850565 -0.0019555753096938133 
vn 0.00859854742884636 -0.002613808959722519 -0.0017860076623037457 
vn 0.008245745673775673 -0.003699999302625656 -0.001508154789917171 
vn 0.0077346875332295895 -0.004873992875218391 -0.0006129310349933803 
vn 0.0077187297865748405 -0.0049352701753377914 0.00014558021211996675 
vn 0.007692862767726183 -0.00489391153678298 0.0009090491803362966 
vn 0.004856409039348364 -0.007189897354692221 -0.0029457826167345047 
vn 0.0070624272339046 -0.0057622287422418594 0.0009358139359392226 
vn 0.007036786992102861 -0.005863863974809647 0.00023586016322951764 
vn 0.007102738134562969 -0.005743375048041344 -0.000722260563634336 
vn 0.0077187297865748405 -0.0047455583699047565 -0.0013629968743771315 
vn 0.0058864993043243885 -0.006855361629277468 0.0015198930632323027 
vn 0.005827954038977623 -0.007070479914546013 0.000014677602848678362 
vn 0.005647837650030851 -0.007158799096941948 -0.0009002578444778919 
vn 0.007036786992102861 -0.005622886121273041 -0.001680381246842444 
vn 0.002825011033564806 -0.008704905398190022 0.00044826589873991907 
vn 0.004579632077366114 -0.007780312094837427 0.001565468148328364 
vn 0.0042564054019749165 -0.008112735114991665 0.00015337305376306176 
vn 0.00416517211124301 -0.008097614161670208 -0.0010183189297094941 
vn 0.005827954038977623 -0.006846696138381958 -0.0017648378852754831 
vn 0.007027686573565006 -0.005422359798103571 -0.0022730010095983744 
vn 0.00770908547565341 -0.004575853701680899 -0.0018943195464089513 
vn 0.0048826695419847965 -0.0076873875223100185 0.001010234234854579 
vn 0.005854918621480465 -0.0062929135747253895 -0.0031742886640131474 
vn 0.002825011033564806 -0.008322876878082752 -0.0025896017905324697 
vn 0.0009475570404902101 -0.006632719188928604 -0.006250295788049698 
vn 0.005630136001855135 -0.005595880094915628 -0.004576531238853931 
vn 0.004935258999466896 -0.006029998417943716 -0.004820716567337513 
vn 0.006388077512383461 -0.0033620353788137436 -0.005643235519528389 
vn 0.001395347760990262 -0.0012062398018315434 -0.008975244127213955 
vn 0.005378123372793198 0.0029928009025752544 -0.006787922233343124 
vn 0.007286769337952137 -0.0021155548747628927 -0.005136566702276468 
vn 0.00832561869174242 -0.0021722090896219015 -0.0031499892938882113 
vn 0.008466019295156002 0.0028943063225597143 -0.001976449741050601 
vn 0.008806390687823296 -0.0004543001123238355 0.0024895654059946537 
vn 0.008245031349360943 -0.003405636642128229 -0.002092353766784072 
vn 0.006999689154326916 -0.004640764556825161 0.003663954557850957 
vn 0.0042564054019749165 -0.007822158746421337 -0.002157272305339575 
vn 0.004626997746527195 -0.006973540876060724 -0.0037306298036128283 
vn 0.008406869135797024 -0.0014843931421637535 -0.003328359220176935 
vn 0.008426712825894356 -0.0006212154403328896 -0.003544214181602001 
vn 0.007744100410491228 -0.0012276838533580303 -0.004741158336400986 
vn 0.007307726889848709 -0.0010625711875036359 -0.005424478091299534 
vn 0.007839283905923367 -0.00018983146583195776 -0.004739880561828613 
vn 0.007343640550971031 -0.00005661147224600427 -0.005479473154991865 
vn 0.008377931080758572 0.0007985752890817821 -0.0036234520375728607 
vn 0.007718843873590231 0.0010699729900807142 -0.004819905385375023 
vn 0.008244658820331097 0.0022403013426810503 -0.0033111190423369408 
vn 0.006707820110023022 -0.0020187310874462128 -0.005906504113227129 
vn 0.007036804687231779 0.000950179120991379 -0.005791152361780405 
vn 0.006855990272015333 0.001912687555886805 -0.005770089104771614 
vn 0.0075388518162071705 0.0021807176526635885 -0.004729383625090122 
vn 0.007943728007376194 0.0035438938066363335 -0.00288008083589375 
vn 0.00832723081111908 0.0035490088630467653 -0.0014207836939021945 
vn 0.008470004424452782 0.0032343766652047634 -0.0013246414018794894 
vn 0.008029002696275711 0.0033194194547832012 -0.0029109157621860504 
vn 0.007234650198370218 0.0033663632348179817 -0.0045038131065666676 
vn 0.007206926122307777 0.0034415959380567074 -0.004491384141147137 
vn 0.006530764978379011 0.0036562560126185417 -0.005285623949021101 
vn 0.0066553461365401745 0.003102164017036557 -0.005480863153934479 
vn 0.00519436364993453 0.004162212833762169 -0.0062969462014734745 
vn 0.0051642959006130695 0.004130341112613678 -0.006342499051243067 
vn 0.004412510432302952 0.003183854976668954 -0.007372231688350439 
vn 0.0031561439391225576 0.003988176118582487 -0.007621692959219217 
vn 0.0044820974580943584 0.0015701177762821317 -0.007835975848138332 
vn 0.009157875552773476 0.0002978693519253284 0.00003745868889382109 
vn 0.005324757657945156 0.003439116757363081 -0.006616372615098953 
vn 0.006466342136263847 0.0034884752240031958 -0.005474840756505728 
vn 0.0022894381545484066 -0.00817045383155346 -0.003458203747868538 
vn 0.003049328224733472 -0.008058770559728146 -0.0031168595887720585 
vn 0.003412185935303569 -0.008142233826220036 -0.0024531628005206585 
vn 0.0035931277088820934 -0.008249235339462757 -0.0017310527618974447 
vn 0.008601812645792961 0.003132174490019679 0.0003938879235647619 
vn 0.00539252208545804 -0.006731332745403051 -0.003093027276918292 
vn 0.00490880012512207 -0.00655096210539341 -0.004116496071219444 
vn 0.004073649644851685 -0.0064574675634503365 -0.005065913312137127 
vn 0.002892059739679098 -0.006406787317246199 -0.005877590738236904 
vn 0.0015274399193003774 -0.008180352859199047 -0.0038348110392689705 
vn 0.0032573288772255182 0.0037671984173357487 -0.007691230159252882 
vn 0.0019193807383999228 0.0037464499473571777 -0.008138618431985378 
vn 0.0007880552439019084 -0.00806827750056982 -0.004270701203495264 
vn 0.0000345917469530832 -0.008056480437517166 -0.004364510532468557 
vn -0.000017325197404716164 -0.0067320396192371845 -0.006215815898030996 
vn 0.0013701888965442777 -0.006560225505381823 -0.006248443387448788 
vn 0.0002246662916149944 0.0039902436546981335 -0.008245271630585194 
vn 0.0018351994222030044 0.004145165905356407 -0.007962829433381557 
vn 0.0002766679972410202 0.004240420646965504 -0.008117839694023132 
vn 0.00024199456674978137 0.0025721073616296053 -0.008791059255599976 
vn 0.0016330614453181624 0.00274539552628994 -0.008587952703237534 
vn 0.00006916800339240581 0.0008846094133332372 -0.009119742549955845 
vn 0.001309849671088159 0.0009127368684858084 -0.009022650308907032 
vn -0.00008648229413665831 -0.0007147389114834368 -0.009134477935731411 
vn 0.0011906760046258569 -0.0008044039714150131 -0.009049433283507824 
vn -0.00006918956205481663 -0.0023310158867388964 -0.008861072361469269 
vn 0.0026900963857769966 0.002521451562643051 -0.008388245478272438 
vn 0.0023930869065225124 0.0008847894496284425 -0.008800414390861988 
vn 0.002258272608742118 -0.0009103973861783743 -0.008833368308842182 
vn 0.004054156132042408 0.00044711315422318876 -0.008204931393265724 
vn 0.003787519410252571 -0.0008593090460635722 -0.008298992179334164 
vn 0.0040859743021428585 -0.002030452946200967 -0.007946008816361427 
vn 0.0026213331148028374 -0.0025375699624419212 -0.008405138738453388 
vn 0.004078300669789314 -0.0033832381013780832 -0.007475168909877539 
vn 0.0014807755360379815 -0.002501826034858823 -0.008689372800290585 
vn -0.00006918609142303467 -0.0037269836757332087 -0.008370294235646725 
vn 0.001783684827387333 -0.0038986047729849815 -0.00809792336076498 
vn 0.0030319567304104567 -0.003949672915041447 -0.007691835053265095 
vn 0.004748789127916098 -0.004622669890522957 -0.006327471230179071 
vn 0.004784796852618456 -0.004518116824328899 -0.006375680677592754 
vn 0.00611680606380105 -0.0034002128522843122 -0.0059144035913050175 
vn 0.0060243066400289536 -0.003850148059427738 -0.005730709061026573 
vn 0.0035956737119704485 -0.005940282717347145 -0.005978391505777836 
vn 0.0017437450587749481 -0.00567365437746048 -0.006980402395129204 
vn -0.00001732277451083064 -0.005675212480127811 -0.007193656172603369 
vn 0.00003466376074356958 -0.007248861249536276 -0.0056044477969408035 
vn 0.0015469716163352132 -0.00718179065734148 -0.005475927144289017 
vn 0.0033720422070473433 -0.007187786512076855 -0.004574062768369913 
vn 0.0012617273023352027 -0.008414460346102715 -0.0034002824686467648 
vn 0.002932715928182006 -0.008227619342505932 -0.002768115606158972 
vn 0.0042564054019749165 -0.007822158746421337 -0.002157272305339575 
vn 0.000052045339543838054 -0.008484339341521263 -0.003459811909124255 
vn -0.0016277949325740337 -0.00721057178452611 -0.005414328537881374 
vn -0.00001732277451083064 -0.005675212480127811 -0.007193656172603369 
vn -0.0019272322533652186 -0.0056168134324252605 -0.006978122983127832 
vn -0.00006918609142303467 -0.0037269836757332087 -0.008370294235646725 
vn -0.0019512969302013516 -0.0037943513598293066 -0.008108782581984997 
vn -0.0017178473062813282 -0.002352862386032939 -0.008687350898981094 
vn -0.00006918956205481663 -0.0023310158867388964 -0.008861072361469269 
vn -0.0014980476116761565 -0.0006105563370510936 -0.00901887472718954 
vn -0.00008648229413665831 -0.0007147389114834368 -0.009134477935731411 
vn -0.0015833452343940735 0.0009869085624814034 -0.008970844559371471 
vn 0.00006916800339240581 0.0008846094133332372 -0.009119742549955845 
vn -0.0017864465480670333 0.002665286883711815 -0.008582649752497673 
vn 0.00024199456674978137 0.0025721073616296053 -0.008791059255599976 
vn -0.0019879930187016726 0.0042118714191019535 -0.007890819571912289 
vn 0.0002766679972410202 0.004240420646965504 -0.008117839694023132 
vn 0.0002246662916149944 0.0039902436546981335 -0.008245271630585194 
vn -0.0019703349098563194 0.003962339833378792 -0.008023382164537907 
vn 0.0000345917469530832 -0.008056480437517166 -0.004364510532468557 
vn -0.0007714569219388068 -0.00810587964951992 -0.004201974719762802 
vn -0.000017325197404716164 -0.0067320396192371845 -0.006215815898030996 
vn -0.0013868152163922787 -0.006532519124448299 -0.006273751612752676 
vn -0.000017304093489656225 0.00016536509792786092 -0.009161298163235188 
vn -0.0023776888847351074 0.00036616320721805096 -0.008841353468596935 
vn -0.000034469394449843094 0.00893294345587492 -0.0020392031874507666 
vn -0.0011416790075600147 0.008556364104151726 -0.0030728206038475037 
vn -0.0010729688219726086 0.008993120864033699 -0.001389075187034905 
vn -0.0021136037539690733 0.008492414839565754 -0.0027145138010382652 
vn -0.001874550711363554 0.008927205577492714 -0.0008649161900393665 
vn -0.000017230411685886793 0.009006232023239136 -0.0016865673242136836 
vn -0.004528022836893797 0.00029559421818703413 -0.007960313931107521 
vn -0.002922006882727146 -0.0064089493826031685 -0.005860396660864353 
vn -0.001449082512408495 -0.008212956599891186 -0.003795329947024584 
vn -0.003480705665424466 0.0037555403541773558 -0.007598526310175657 
vn -0.0034436050336807966 0.00397338205948472 -0.007504052948206663 
vn -0.0030011238995939493 0.002699832897633314 -0.008225640282034874 
vn -0.002791884820908308 0.0010292945662513375 -0.00866619497537613 
vn -0.0027893928345292807 -0.0004901229403913021 -0.008714131079614162 
vn -0.002865288872271776 -0.002315291203558445 -0.008389669470489025 
vn -0.004223526921123266 -0.0004054419696331024 -0.008121232502162457 
vn -0.004497388377785683 0.0006176866008900106 -0.007959204725921154 
vn -0.004924576263874769 0.0020053295884281397 -0.0074621825478971004 
vn -0.004541426431387663 0.0033223165664821863 -0.007231502793729305 
vn -0.005159136839210987 0.004026071168482304 -0.0064133466221392155 
vn -0.00514173461124301 0.004441822413355112 -0.0061473362147808075 
vn -0.006274678744375706 0.003079958027228713 -0.0059244572184979916 
vn -0.006581287365406752 0.0034723510034382343 -0.0053466204553842545 
vn -0.006289688404649496 0.0013253166107460856 -0.006529953330755234 
vn -0.007313771639019251 0.0019560777582228184 -0.005161337088793516 
vn -0.006918935105204582 0.00004994073242414743 -0.006006891839206219 
vn -0.007575856056064367 0.00034411202068440616 -0.005142458248883486 
vn -0.00739755854010582 -0.0010378013830631971 -0.005306221544742584 
vn -0.006646061781793833 -0.0007991395541466773 -0.006256848108023405 
vn -0.006060367915779352 -0.0016117125051096082 -0.006680662743747234 
vn -0.0068844822235405445 -0.0022071790881454945 -0.005629314109683037 
vn -0.0060157557018101215 -0.003963586408644915 -0.005661943461745977 
vn -0.005885575897991657 -0.00344648165628314 -0.006118717137724161 
vn -0.004831424914300442 -0.004595323000103235 -0.006284688599407673 
vn -0.004806241486221552 -0.004772196989506483 -0.006171154789626598 
vn -0.003095853142440319 -0.0038799098692834377 -0.007701882626861334 
vn -0.0033051876816898584 -0.0056279865093529224 -0.006431057583540678 
vn -0.0035074600018560886 -0.00714895548298955 -0.00453289644792676 
vn -0.0013229227624833584 -0.008435660041868687 -0.0033236334566026926 
vn -0.0030342722311615944 -0.008201321586966515 -0.002736516296863556 
vn -0.004531321115791798 -0.0030368708539754152 -0.0073621682822704315 
vn -0.004749638959765434 -0.001643614610657096 -0.0076613593846559525 
vn -0.0012373194331303239 -0.009007931686937809 -0.001132796285673976 
vn -0.0029869091231375933 -0.0085902139544487 -0.001115166349336505 
vn -0.00433816434815526 -0.007787942420691252 -0.0021178442984819412 
vn -0.004705884028226137 -0.007085187826305628 -0.0034076005686074495 
vn -0.004951909650117159 -0.005932286381721497 -0.004923772066831589 
vn -0.00618556747213006 -0.0036428000312298536 -0.00569435628131032 
vn -0.004236332606524229 -0.008061191067099571 -0.0010137384524568915 
vn -0.005600580945611 -0.005555093288421631 -0.004661692772060633 
vn -0.006029352080076933 -0.0063539226539433 -0.0026891485322266817 
vn -0.00433816434815526 -0.007787942420691252 -0.0021178442984819412 
vn -0.0011663867626339197 -0.007091652136296034 -0.005683751776814461 
vn -0.0018363173585385084 -0.0019663148559629917 -0.008758912794291973 
vn -0.0059620230458676815 0.0026713726110756397 -0.006424561608582735 
vn -0.0074463640339672565 -0.0019429191015660763 -0.004973290953785181 
vn -0.007838822901248932 -0.0011254787677899003 -0.004609016235917807 
vn -0.007945184595882893 0.000390287721529603 -0.004547370597720146 
vn -0.007679642643779516 0.002002597087994218 -0.004579255357384682 
vn -0.007192852906882763 0.0034791133366525173 -0.004485034383833408 
vn -0.006500076036900282 0.003232616698369384 -0.00559071684256196 
vn -0.005280494224280119 0.003187060821801424 -0.006776133086532354 
vn -0.0022677292581647635 -0.008209293708205223 -0.0033796317875385284 
vn -0.003215197240933776 -0.008399846032261848 -0.001749883289448917 
vn -0.007311576046049595 0.0031039572786539793 -0.004567625001072884 
vn -0.007833689451217651 0.0035423096269369125 -0.003168947994709015 
vn -0.008201360702514648 0.0019201345276087523 -0.0036066079046577215 
vn -0.00843616109341383 0.0002268895914312452 -0.003568831831216812 
vn -0.00843206886202097 -0.0013674992369487882 -0.0033146662171930075 
vn -0.008356505073606968 -0.0022689627949148417 -0.002996246563270688 
vn -0.008701843209564686 0.0022117726039141417 -0.0018283383687958121 
vn -0.008905543945729733 -0.000986744067631662 0.0019168886356055737 
vn -0.008289188146591187 -0.0034353688824921846 -0.0018559248419478536 
vn -0.007394670974463224 -0.0045183137990534306 0.002976671326905489 
vn -0.007846410386264324 -0.004486451391130686 -0.0015041482402011752 
vn -0.005446038208901882 -0.007240637671202421 0.0013677653623744845 
vn -0.0070831505581736565 -0.005456194281578064 -0.0020039519295096397 
vn -0.005816411226987839 -0.0068892668932676315 -0.0016322708688676357 
vn -0.004236332606524229 -0.008061191067099571 -0.0010137384524568915 
vn -0.005679204128682613 -0.007129923440515995 -0.0009315440547652543 
vn -0.005816411226987839 -0.007078901864588261 -0.00012430205242708325 
vn -0.007058215793222189 -0.005842448212206364 0.00006556189327966422 
vn -0.0070831505581736565 -0.0057824766263365746 0.0005906280712224543 
vn -0.006029352080076933 -0.006821904331445694 0.0010322167072445154 
vn -0.00433816434815526 -0.008069821633398533 0.0001236444804817438 
vn -0.004705884028226137 -0.007708285935223103 0.0015472410013899207 
vn -0.007058215793222189 -0.005644302349537611 -0.0015100829768925905 
vn -0.007152967620640993 -0.005685892421752214 -0.0006801335839554667 
vn -0.007836158387362957 -0.004593550693243742 -0.0012044863542541862 
vn -0.008215543814003468 -0.0037760422565042973 -0.001484319451265037 
vn -0.007819358259439468 -0.004739128053188324 -0.0005959710688330233 
vn -0.007836158387362957 -0.004748749081045389 0.00002964142186101526 
vn -0.007825899869203568 -0.004753414541482925 0.00034237498766742647 
vn -0.005252063274383545 -0.006795173976570368 -0.003193493466824293 
vn -0.0030694666784256697 -0.008622831664979458 -0.00042679300531744957 
vn -0.0010327649069949985 -0.00814164150506258 0.004074812401086092 
vn -0.0056400783360004425 -0.006529245525598526 0.0030847075395286083 
vn -0.006273721344769001 -0.004925945773720741 0.00450914679095149 
vn -0.002123951679095626 -0.00370391714386642 0.008107209578156471 
vn -0.005830078385770321 0.0009026815532706678 0.007010870147496462 
vn -0.0074463640339672565 -0.0031137869227677584 0.004337382968515158 
vn -0.008356505073606968 -0.0029401718638837337 0.0023411696311086416 
vn -0.008746221661567688 0.0017584013985469937 0.002090087626129389 
vn -0.008952533826231956 -0.00009778321691555902 -0.0019492068095132709 
vn -0.008305411785840988 -0.0037513081915676594 0.0009511466487310827 
vn -0.007279366720467806 -0.003692369908094406 -0.004163426347076893 
vn -0.00815226323902607 -0.004150308668613434 -0.0005219238228164613 
vn -0.008215543814003468 -0.004025980364531279 0.000503172748722136 
vn -0.008578729815781116 -0.0030460250563919544 0.0010411418043076992 
vn -0.00843206886202097 -0.0021456158719956875 0.0028728728648275137 
vn -0.007838822901248932 -0.002231606049463153 0.004186844918876886 
vn -0.0068910932168364525 -0.0035662343725562096 0.004873573314398527 
vn -0.00739755854010582 -0.0023192833177745342 0.004884050227701664 
vn -0.0060157557018101215 -0.005242044571787119 0.004504285287111998 
vn -0.004937513265758753 -0.006991224363446236 0.00327119417488575 
vn -0.0035074600018560886 -0.00804868619889021 0.002621710766106844 
vn -0.00433816434815526 -0.008069821633398533 0.0001236444804817438 
vn -0.0030342722311615944 -0.008623510599136353 0.0006207023980095983 
vn -0.0013229227624833584 -0.008995919488370419 0.0011315180454403162 
vn 0.000052045339543838054 -0.0090768001973629 0.0012514034751802683 
vn 0.000040035713027464226 -0.009091115556657314 -0.0011432571336627007 
vn 0.0011579348938539624 -0.009018315933644772 -0.0011341021163389087 
vn 0.002911299467086792 -0.008620106615126133 -0.001084025134332478 
vn 0.00416517211124301 -0.008097614161670208 -0.0010183189297094941 
vn 0.0042564054019749165 -0.008112735114991665 0.00015337305376306176 
vn 0.002932715928182006 -0.008656812831759453 0.0006448067142628133 
vn -0.0016277949325740337 -0.008326622657477856 0.00346044241450727 
vn 0.00003466376074356958 -0.008410791866481304 0.0036351613234728575 
vn 0.0015469716163352132 -0.008313989266753197 0.003527248976752162 
vn 0.0033720422070473433 -0.008096500299870968 0.00265198084525764 
vn 0.0012617273023352027 -0.008994357660412788 0.0012110291281715035 
vn -0.0018921383889392018 -0.0071955188177526 0.005348022095859051 
vn -0.00001732277451083064 -0.0072796219028532505 0.005564515478909016 
vn -0.00006918609142303467 -0.005683383904397488 0.0071868896484375 
vn -0.0019512969302013516 -0.005683904979377985 0.006916840560734272 
vn -0.0017178473062813282 -0.004430549219250679 0.007834299467504025 
vn -0.00006918956205481663 -0.004452395718544722 0.008008020929992199 
vn -0.0014980476116761565 -0.002824576338753104 0.008586888201534748 
vn -0.00008648229413665831 -0.0029541379772126675 0.008673097006976604 
vn -0.0015833452343940735 -0.0012649588752537966 0.008935878053307533 
vn 0.00006916800339240581 -0.0014009393053129315 0.009054811671376228 
vn -0.0017864465480670333 0.0004572758625727147 0.008975328877568245 
vn 0.00024199456674978137 0.0003153964935336262 0.009154179133474827 
vn -0.0019879930187016726 0.0021269991993904114 0.00868796743452549 
vn 0.0002766679972410202 0.002098450204357505 0.008914986625313759 
vn 0.00017277219740208238 0.0020591183565557003 0.008926769718527794 
vn -0.0020036904606968164 0.0020493462216109037 0.008703012019395828 
vn -0.000017314077922492288 -0.00896723847836256 0.0018829110777005553 
vn -0.0007045016391202807 -0.008964733220636845 0.0017590484349057078 
vn 1.5163459943177949e-15 -0.008295703679323196 0.003890799591317773 
vn -0.0012688693823292851 -0.008170840330421925 0.0039477040991187096 
vn 0.00001729875111777801 -0.0019127808045595884 0.008960914798080921 
vn -0.0023423207458108664 -0.0016391745302826166 0.008705380372703075 
vn -0.000017195365217048675 0.00829126127064228 0.0039002199191600084 
vn -0.0010399521561339498 0.007705854717642069 0.0048471977934241295 
vn -0.0010729688219726086 0.008369178511202335 0.0035724786575883627 
vn -0.0020269080996513367 0.007689641322940588 0.004551711026579142 
vn -0.0019507847027853131 0.008463112637400627 0.002920133527368307 
vn -0.003282939549535513 -0.00711939949542284 0.004742726217955351 
vn -0.00003445249967626296 0.008274159394204617 0.003936257213354111 
vn -0.004573429934680462 -0.001524327090010047 0.007792120333760977 
vn -0.0026799056213349104 -0.007952733896672726 0.0036781986709684134 
vn -0.0012975521385669708 -0.008966416120529175 0.0013699508272111416 
vn -0.003428803291171789 0.0019515721360221505 0.008269925601780415 
vn -0.0034436050336807966 0.001991697121411562 0.00825419370085001 
vn -0.0030011238995939493 0.0005791399744339287 0.008637988939881325 
vn -0.002791884820908308 -0.0011484628776088357 0.008651209063827991 
vn -0.0027893928345292807 -0.002632439834997058 0.00832145195454359 
vn -0.002865288872271776 -0.004320443607866764 0.0075551895424723625 
vn -0.003095853142440319 -0.005666052922606468 0.006501425988972187 
vn -0.004888088442385197 -0.00611474784091115 0.0047616614028811455 
vn -0.005862365942448378 -0.004825027193874121 0.005129202269017696 
vn -0.004949008114635944 -0.005880970973521471 0.0049878316931426525 
vn -0.0045589422807097435 -0.0047295247204601765 0.006387848872691393 
vn -0.004705037921667099 -0.0035293048713356256 0.007025923579931259 
vn -0.004223526921123266 -0.0024035966489464045 0.007767980918288231 
vn -0.004497388377785683 -0.001372207305394113 0.00786431971937418 
vn -0.004924576263874769 0.00009528956434223801 0.0077263470739126205 
vn -0.004541426431387663 0.0014283854980021715 0.007828929461538792 
vn -0.005159136839210987 0.0023127994500100613 0.007210494019091129 
vn -0.005151336081326008 0.0028213399928063154 0.007032833062112331 
vn -0.00522904796525836 0.0016450155526399612 0.007342203054577112 
vn -0.0020813774317502975 -0.008861871436238289 0.0010450398549437523 
vn -0.0038934508338570595 -0.007707030512392521 0.0030658950563520193 
vn -0.006451976019889116 -0.001423320616595447 0.0063484711572527885 
vn -0.004233645275235176 0.006415382493287325 0.004987594671547413 
vn -0.0032614844385534525 0.008000665344297886 0.0030510772485285997 
vn -0.002569163218140602 0.008519211784005165 0.0021861945278942585 
vn -0.007762168999761343 -0.0009829034097492695 0.00476859649643302 
vn -0.004948235582560301 -0.0073771304450929165 0.0022471926640719175 
vn -0.0027768807485699654 -0.008699637837707996 0.0007498349878005683 
vn -0.007259488105773926 0.0020292699337005615 0.005209490191191435 
vn -0.006491319742053747 0.0019073310540989041 0.006179140880703926 
vn -0.006581287365406752 0.0020404362585395575 0.006039883475750685 
vn -0.006274678744375706 0.0015171915292739868 0.006502573844045401 
vn -0.007313771639019251 0.0006172498106025159 0.005484947003424168 
vn -0.006240702699869871 -0.0003785044245887548 0.006698305252939463 
vn -0.007192852906882763 0.002260312670841813 0.005206798668950796 
vn -0.007833689451217651 0.0026473980396986008 0.003947337158024311 
vn -0.007679642643779516 0.0008064414723776281 0.004932507406920195 
vn -0.007575856056064367 -0.0009398507536388934 0.0050675407983362675 
vn -0.006918935105204582 -0.001438892213627696 0.005832223687320948 
vn -0.006646061781793833 -0.0023234232794493437 0.005864168982952833 
vn -0.006071641109883785 -0.003250734182074666 0.006043578032404184 
vn -0.007945184595882893 -0.0007477719336748123 0.00450241519138217 
vn -0.008201360702514648 0.0009673693566583097 0.003969727084040642 
vn -0.00843616109341383 -0.0006638008053414524 0.003513887757435441 
vn -0.00866466760635376 -0.002366875996813178 0.0018106021452695131 
vn -0.008629070594906807 -0.0030574738048017025 -0.0003844939055852592 
vn -0.008578729815781116 -0.002693400951102376 -0.0017629057401791215 
vn -0.00866466760635376 -0.001844883314333856 -0.0023402536753565073 
vn -0.008719271048903465 -0.0027942201122641563 -0.00035138832754455507 
vn -0.009075650945305824 -0.0011124833254143596 -0.0005930901970714331 
vn -0.009156215004622936 0.0003461959131527692 -0.00002615688936202787 
vn -0.008374805562198162 -0.0037059865426272154 -0.0002917952660936862 
vn -0.009082375094294548 -0.0011809398420155048 0.00026957091176882386 
vn -0.008374462835490704 -0.0036244431976228952 0.0008298345492221415 
vn -0.009136520326137543 -0.0005213378462940454 0.00045718954061158 
vn -0.008328383788466454 -0.0030835983343422413 0.0022552816662937403 
vn -0.008860891684889793 -0.0013465300435200334 0.0019048064714297652 
vn -0.008274296298623085 -0.0021586373914033175 0.003291377564892173 
vn -0.008999956771731377 -0.000194704276509583 0.001708712545223534 
vn -0.008297307416796684 -0.0005841808160766959 0.0038432120345532894 
vn -0.00882992148399353 0.0005668838275596499 0.0023807480465620756 
vn -0.008264916017651558 0.0011084428988397121 0.0037972857244312763 
vn -0.008940944448113441 0.0014064324786886573 0.0014276892179623246 
vn -0.008138909004628658 0.0026149614714086056 0.003298030700534582 
vn -0.008861073292791843 0.001985336886718869 0.0012233753222972155 
vn -0.008039304055273533 0.0038383572828024626 0.0021432393696159124 
vn -0.009046515449881554 0.0014437519712373614 0.00018155963334720582 
vn -0.008039737120270729 0.004365222062915564 0.0005141258588992059 
vn -0.008039304055273533 0.004249500576406717 -0.0011261473409831524 
vn -0.008861073292791843 0.002226422308012843 -0.0006937237922102213 
vn -0.008100013248622417 0.0033960507716983557 -0.0026102657429873943 
vn -0.008940944448113441 0.0017161302966997027 -0.0010350100928917527 
vn -0.00823686458170414 0.002022008178755641 -0.003467334434390068 
vn -0.00882992148399353 0.0011386950500309467 -0.0021662621293216944 
vn -0.008267250843346119 0.00035362623748369515 -0.0039350190199911594 
vn -0.008999956771731377 0.0002344272652408108 -0.0017037171637639403 
vn -0.008244658820331097 -0.0013507289113476872 -0.0037627106066793203 
vn -0.008860891684889793 -0.0008329828269779682 -0.0021788920275866985 
vn -0.008286132477223873 -0.002584162401035428 -0.0029358079191297293 
vn -0.0091384407132864 -0.00035221659345552325 -0.0005671536200679839 
vn -0.008348380215466022 -0.0033836772199720144 -0.00167694257106632 
vn -0.008587042801082134 0.00009924147161655128 -0.0031952615827322006 
vn -0.008598935790359974 0.002083853352814913 -0.0023817424662411213 
vn -0.008601812645792961 0.003132174490019679 0.0003938879235647619 
vn -0.008598935790359974 0.0014292615232989192 0.0028235355857759714 
vn -0.008587042801082134 -0.0006949802045710385 0.0031203441321849823 
vn -0.00836385041475296 0.0029712901450693607 0.002274708589538932 
vn -0.007960683666169643 0.0023919623345136642 0.003855243092402816 
vn -0.0032404798548668623 -0.008565922267735004 0.0002850731834769249 
vn -0.005569509696215391 -0.007155698724091053 0.0013166189892217517 
vn -0.008535223081707954 -0.0007903737714514136 0.0032376120798289776 
vn -0.005552362650632858 0.0066377236507833 0.003011452965438366 
vn -0.0034596105106174946 0.008283764123916626 0.0018350337632000446 
vn -0.0027969565708190203 0.008652928285300732 0.0011228843359276652 
vn -0.008969360962510109 -0.0004895736346952617 0.0018076830310747027 
vn -0.005692160688340664 -0.007176224607974291 0.00024093339743558317 
vn -0.0035246049519628286 -0.008448202162981033 -0.000402534322347492 
vn -0.008442416787147522 0.0028347461484372616 0.002155610825866461 
vn -0.008601812645792961 0.003132174490019679 0.0003938879235647619 
vn -0.0035110730677843094 -0.008397274650633335 -0.0010560028022155166 
vn -0.0055527775548398495 -0.00723163690418005 -0.000909417518414557 
vn -0.009160149842500687 -0.00021845560695510358 -0.00002747197686403524 
vn -0.0059270309284329414 0.006928648333996534 0.0009061336750164628 
vn -0.0037818276323378086 0.008343849331140518 0.00018695162725634873 
vn -0.002416901057586074 0.008838088251650333 -0.00006164942897157744 
vn -0.005662906914949417 0.007062102202326059 -0.0014195562107488513 
vn -0.0033560283482074738 0.008445157669484615 -0.001171912532299757 
vn -0.004403352737426758 0.007152577396482229 -0.0036617075093090534 
vn -0.006337146274745464 -0.0001546998246340081 -0.006616159807890654 
vn -0.0089560030028224 -0.0001811863767215982 -0.0019271762575954199 
vn -0.008437271229922771 -0.0002572480298113078 -0.003564144019037485 
vn -0.007567351218312979 -0.00025754093076102436 -0.005160014145076275 
vn -0.005564623512327671 -0.006992557551711798 -0.002023870125412941 
vn -0.0034427600912749767 -0.008311278186738491 -0.0017398459604009986 
vn -0.008463062345981598 0.0032386044040322304 -0.0013582600513473153 
vn -0.00836385041475296 0.003441981738433242 -0.0014682048931717873 
vn -0.007986900396645069 0.003196620848029852 -0.0031540305353701115 
vn -0.002912103896960616 -0.008152538910508156 -0.00300212693400681 
vn -0.0040891594253480434 -0.006428516004234552 -0.0050901807844638824 
vn -0.004944990389049053 -0.006525236647576094 -0.004114039707928896 
vn -0.005425937008112669 -0.006705997046083212 -0.003089622361585498 
vn -0.003214562311768532 -0.008248033933341503 -0.0023650650400668383 
vn 0.009065966121852398 0.0008717610617168248 -0.0010025502415373921 
vn 0.008896349929273129 -0.0003331801563035697 0.0021681273356080055 
vn 0.008295231498777866 0.0037834388203918934 -0.0009119074093177915 
vn 0.0073790717869997025 0.00014323342475108802 0.005430071614682674 
vn 0.008858014829456806 0.0008972306968644261 -0.00216503394767642 
vn 0.009162773378193378 0.000019861498003592715 0.000002497690957170562 
vn 0.009159979410469532 -0.00019600581435952336 0.00011480225657578558 
vn 0.008395093493163586 0.003583294339478016 -0.0007995310006663203 
vn 0.008359999395906925 0.0037293180357664824 0.00039932088111527264 
vn 0.008429788053035736 0.0031545537058264017 0.0017159011913463473 
vn 0.008771906606853008 0.00021253302111290395 0.002639191458001733 
vn 0.009028840810060501 0.00018835114315152168 0.0015496381092816591 
vn 0.008844055235385895 0.00039796624332666397 -0.002362444531172514 
vn 0.009159373119473457 -0.00016492148279212415 0.00018844283476937562 
vn 0.008355372585356236 0.0005287858657538891 -0.003723572939634323 
vn 0.00916172843426466 0.0000025944914341380354 0.00013980394578538835 
vn 0.008355372585356236 0.0005287858657538891 -0.003723572939634323 
vn 0.009162512607872486 0.000011227747563680168 0.00007115277549019083 
vn 0.009140229783952236 -0.0005410962621681392 -0.00034674524795264006 
vn 0.008913492783904076 -0.0011322569334879518 0.0017956780502572656 
vn 0.008807399310171604 -0.0002954495430458337 0.002509833313524723 
vn 0.00916172843426466 0.0000025944914341380354 0.00013980394578538835 
vn 0.008788064122200012 -0.0003037394490092993 0.002575754188001156 
vn 0.007697336841374636 0.00496872141957283 -0.00014034388004802167 
vn 0.006145261228084564 0.0015770565951243043 -0.006611020304262638 
vn 0.007420823909342289 -0.0006109998212195933 0.005339938215911388 
vn 0.007826795801520348 -0.001476090750657022 0.0045298244804143906 
vn 0.0038658445701003075 0.0003430463548284024 0.008300273679196835 
vn 0.003948386292904615 -0.0008925031870603561 0.008220138028264046 
vn 2.8382036948253458e-15 -0.0010041091591119766 0.009107622317969799 
vn 0.0002246847579954192 -0.0019906710367649794 0.00894112791866064 
vn 0.004513022024184465 -0.001802939805202186 0.007767819333821535 
vn -0.00006916800339240581 -0.0014009393053129315 0.009054811671376228 
vn 0.0074962349608540535 -0.0015014224918559194 0.0050506507977843285 
vn 0.008776231668889523 -0.001388384378515184 0.002237629611045122 
vn 0.009019438177347183 -0.001591765321791172 -0.0002699146862141788 
vn 0.008413237519562244 -0.00020953304192516953 -0.0036235854495316744 
vn 0.00622973358258605 0.0008979203994385898 -0.006658909842371941 
vn -0.00006916395795997232 0.002069065347313881 -0.00892587285488844 
vn -9.474637379861114e-16 0.0012425053864717484 -0.009078172035515308 
vn -0.005990256555378437 0.0015942511381581426 -0.006747750099748373 
vn -0.0059714228846132755 0.000966354797128588 -0.0068822382017970085 
vn -0.008410892449319363 0.0005526910535991192 -0.0035928073339164257 
vn -0.008943911641836166 0.0002682458725757897 -0.0019726408645510674 
vn -0.00793706625699997 0.004568616859614849 0.00029595091473311186 
vn -0.00904157105833292 0.00015714076289441437 0.0014771989081054926 
vn -0.009159979410469532 -0.00019600581435952336 0.00011480225657578558 
vn -0.009156844578683376 -0.00021326557907741517 0.0002520509879104793 
vn -0.008862217888236046 -0.00034991392749361694 0.002301193308085203 
vn -0.00010379396553616971 0.0002750516578089446 0.009158088825643063 
vn -0.009160421788692474 -0.000006037781986378832 0.00020844729442615062 
vn -0.008747723884880543 -0.00028053432470187545 0.002712095621973276 
vn -0.008352096192538738 0.003712716745212674 -0.0006442689336836338 
vn -0.009058259427547455 0.0009157464955933392 -0.0010325550101697445 
vn -0.009160678833723068 -0.0001562901888974011 0.00011980735143879429 
vn -0.008725875057280064 0.000955374853219837 -0.002627393463626504 
vn -0.008226944133639336 0.0037738406099379063 -0.0014256155118346214 
vn -0.008222305215895176 0.003986737225204706 0.000675640651024878 
vn -0.008206942118704319 0.003617101116105914 0.0018760422244668007 
vn -0.008823546580970287 0.0001538062933832407 0.002465400844812393 
vn -0.0073614870198071 0.00009991985280066729 0.00545485271140933 
vn -0.008747891522943974 -0.00032026341068558395 0.00270715169608593 
vn 0.006563360337167978 0.0003790869959630072 -0.006382438354194164 
vn 0.00027674349257722497 0.0011228822404518723 -0.009089531376957893 
vn -0.0074205403216183186 -0.0005712527199648321 0.005344729870557785 
vn -0.003503079293295741 0.00024271260190289468 0.008463245816528797 
vn -0.003569861175492406 -0.0009137594606727362 0.008389167487621307 
vn -0.00010379396553616971 0.0002750516578089446 0.009158088825643063 
vn 2.8382036948253458e-15 -0.0010041091591119766 0.009107622317969799 
vn -0.0038523420225828886 -0.0017281067557632923 0.008132041431963444 
vn 0.0002246847579954192 -0.0019906710367649794 0.00894112791866064 
vn -0.004010706674307585 -0.001166803645901382 0.008155353367328644 
vn -0.00006916800339240581 -0.0014009393053129315 0.009054811671376228 
vn -0.00006918252620380372 -0.0013217565137892962 0.009066708385944366 
vn -0.004072798416018486 -0.0011629951186478138 0.008125068619847298 
vn -0.00006915875565027818 -0.0008447522413916886 0.00912352092564106 
vn -0.007579039316624403 -0.0007812763215042651 0.005089662037789822 
vn -0.007586068939417601 -0.0010952423326671124 0.005020845215767622 
vn -0.008823546580970287 -0.000759438902605325 0.0023505552671849728 
vn -0.008744384162127972 -0.0005981535068713129 0.002671104157343507 
vn -0.007576868403702974 -0.0003839022829197347 0.005138148088008165 
vn -0.007567715831100941 -0.002024410990998149 0.004752717912197113 
vn -0.006502667907625437 -0.006099889520555735 0.002112719463184476 
vn -0.007820205762982368 0.002148092957213521 0.004264616407454014 
vn -0.008745386265218258 -0.00012157192395534366 0.0027313516475260258 
vn -0.009143318980932236 -0.0005040921969339252 0.0003200531064067036 
vn -0.009148543700575829 -0.0005092377541586757 0.00004054053715663031 
vn -0.00916172843426466 0.0000025944914341380354 0.00013980394578538835 
vn -0.008383532986044884 0.000520899542607367 -0.003660860937088728 
vn -0.005825903732329607 0.0004639107792172581 -0.007056952454149723 
vn -0.008264371193945408 -0.00008722101483726874 -0.0039559355936944485 
vn -0.008268636651337147 -0.000007661294148419984 -0.0039479671977460384 
vn -0.008381291292607784 0.00024273649614769965 -0.0036948455963283777 
vn -0.009138084948062897 -0.0005523721920326352 0.0003835432871710509 
vn -0.007917444221675396 0.003643518080934882 0.002827670890837908 
vn -0.008024124428629875 -0.0034535028971731663 0.002764706965535879 
vn -0.007154221646487713 -0.0014423917746171355 0.005540173500776291 
vn -0.008076654747128487 -0.0016881168121472 0.003984315320849419 
vn -0.007580637466162443 -0.004191879648715258 0.0029864641837775707 
vn -0.007799710612744093 -0.004275755491107702 0.002199843293055892 
vn -0.00840640440583229 0.00012654400779865682 0.003643241710960865 
vn -0.009136133827269077 -0.00018555691349320114 0.0006733774789609015 
vn -0.009145928546786308 0.0005264971987344325 -0.00017778674373403192 
vn -0.008412672206759453 0.0009060120792128146 -0.0035160970874130726 
vn -0.006329413037747145 0.001005101017653942 -0.006548681296408176 
vn -0.006035450845956802 0.0004016689781565219 -0.006882508751004934 
vn 0.00041495708865113556 0.0009631316643208265 -0.009102593176066875 
vn 0.005261244717985392 0.000796825101133436 -0.007459311746060848 
vn 0.008112768642604351 0.0004319658619351685 -0.004237128887325525 
vn 0.009161553345620632 0.00007685078890062869 -0.00012981060717720538 
vn 0.00889550056308508 -0.00013454476720653474 0.002192895859479904 
vn 0.007841330021619797 -0.0005715928855352104 0.004705709405243397 
vn 0.0039297486655414104 -0.0016058426117524505 0.008120057173073292 
vn -0.00006918252620380372 -0.0013217565137892962 0.009066708385944366 
vn 0.004318806808441877 -0.0011471796315163374 0.007999303750693798 
vn -0.008837948553264141 -0.0009451264631934464 0.002225811593234539 
vn -0.00882269348949194 -0.000048715141019783914 0.0024727587588131428 
vn 0.004737715236842632 -0.0006799927214160562 0.007813362404704094 
vn -0.00006915875565027818 -0.0008447522413916886 0.00912352092564106 
vn -0.0001728317147353664 -0.00040525489021092653 0.00915220845490694 
vn 0.004650570917874575 -0.00036678623291663826 0.007886356674134731 
vn -0.00012110477837268263 0.00003490399103611708 0.009161939844489098 
vn 0.0041302707977592945 0.00027904286980628967 0.008174349553883076 
vn 0.0007425231742672622 -0.002182136522606015 0.00886814296245575 
vn 0.004953616298735142 -0.0020029884763062 0.007443566340953112 
vn 0.003946125041693449 -0.001368505647405982 0.00815550610423088 
vn -0.00041495708865113556 -0.0013206158764660358 0.009057638235390186 
vn 0.004010017495602369 -0.0008091462659649551 0.008198903873562813 
vn -0.00041495708865113556 -0.0009631316643208265 0.009102593176066875 
vn 0.00012110860552638769 -0.0007250195485539734 0.009133274666965008 
vn 0.004425930790603161 -0.0005827284185215831 0.008001783862709999 
vn 0.004333172924816608 -0.00022897457529325038 0.00807020254433155 
vn 0.0001383239432470873 -0.0002052637719316408 0.00915946252644062 
vn 0.0031911442056298256 0.0020178945269435644 0.008348754607141018 
vn -0.001599602517671883 0.0011311311973258853 0.008950912393629551 
vn 0.005220762919634581 -0.00341245299205184 0.00671235891059041 
vn -0.00010383811604697257 -0.002763935597613454 0.008735381998121738 
vn 0.004069766029715538 -0.001400468056090176 0.00808904692530632 
vn -0.0009664288954809308 -0.001434143166989088 0.008998125791549683 
vn 0.0036313978489488363 -0.0007112217717804015 0.008382368832826614 
vn -0.000966668885666877 -0.000918100296985358 0.009065300226211548 
vn 0.003134943777695298 0.00010441470658406615 0.008609194308519363 
vn -0.001018112525343895 -0.0003183430526405573 0.009100501425564289 
vn 0.002739165909588337 0.000887954025529325 0.008698592893779278 
vn 0.004564808215945959 0.004241776652634144 0.006717651151120663 
vn 0.00013835824211128056 0.0008743588696233928 0.009119943715631962 
vn 0.0024248796980828047 0.0011948799947276711 0.008754954673349857 
vn -0.001616623718291521 0.001646366436034441 0.008867526426911354 
vn -0.0031733796931803226 0.007760997395962477 0.0036950756330043077 
vn -0.004102442413568497 0.0072936504147946835 0.0037322398275136948 
vn -0.0006397009710781276 0.008640527725219727 0.0029814578592777252 
vn 0.0070238555781543255 0.0011779777705669403 0.005764956586062908 
vn 0.007099451497197151 0.0006227093981578946 0.005759072955697775 
vn 0.006968669593334198 0.0006026314804330468 0.005918731447309256 
vn 0.006980509497225285 -0.0002817280183080584 0.005928745027631521 
vn 0.007023441605269909 -0.0012278673239052296 0.005755042657256126 
vn 0.007633443456143141 -0.0038585930597037077 0.0032861344516277313 
vn 0.0057698506861925125 0.0034702664706856012 0.006214742083102465 
vn 0.006998585537075996 0.000042184572521364316 0.0059139602817595005 
vn 0.007254837080836296 -0.0007975224289111793 0.005539692472666502 
vn 0.007429077755659819 0.00007127219578251243 0.005362892057746649 
vn 0.00737720774486661 -0.00041913354652933776 0.005418304819613695 
vn 0.007447981275618076 -0.0011200644075870514 0.005218228790909052 
vn 0.0019033030839636922 0.008832569234073162 0.0015232105506584048 
vn 0.008804877288639545 -0.00009676516492618248 0.002534089609980583 
vn 0.008601895533502102 0.0006380609702318907 0.0030914575327187777 
vn 0.0077779535204172134 0.0035902555100619793 0.003251212416216731 
vn 0.008862660266458988 0.0023244728799909353 0.00008311759302159771 
vn 0.009056510403752327 0.001339374459348619 0.00037752962089143693 
vn 0.009155193343758583 0.00018217912293039262 -0.00032567462767474353 
vn 0.008925464935600758 -0.0008237787405960262 0.0019011297263205051 
vn 0.007962808944284916 -0.001714791520498693 0.0041964310221374035 
vn 0.007530058268457651 0.0005339868366718292 0.005193261429667473 
vn 0.008107657544314861 -0.00019336867262609303 0.004264430142939091 
vn 0.008141892962157726 -0.0002652670082170516 0.004194767214357853 
vn 0.008924744091928005 0.000533730024471879 0.0020052187610417604 
vn 0.009123001247644424 0.0008168200729414821 -0.000245897623244673 
vn 0.008898369036614895 0.0009906489867717028 -0.0019479403272271156 
vn 0.0072006951086223125 0.001121997251175344 -0.005554099101573229 
vn 0.005257327109575272 0.0013124138349667192 -0.007388845551759005 
vn 0.0004148699517827481 0.0013997989008203149 -0.009045743383467197 
vn 0.0003283483674749732 0.0017158370465040207 -0.00899472739547491 
vn -0.006389439571648836 0.0013133548200130463 -0.0064348336309194565 
vn -0.008512739092111588 0.000719150179065764 -0.0033125425688922405 
vn -0.009147856384515762 0.000455796136520803 -0.00025650509633123875 
vn -0.008073903620243073 0.0009157289750874043 -0.004234428983181715 
vn -0.009149949066340923 0.00044716495904140174 -0.00018787046428769827 
vn -0.008913885802030563 0.0020760081242769957 -0.0004355036362539977 
vn -0.008772408589720726 0.0021865416783839464 0.001490207388997078 
vn -0.008719558827579021 0.000029201586585259065 0.0028151862788945436 
vn -0.009159100241959095 -0.0002581649459898472 -0.00003246564301662147 
vn -0.008659088052809238 -0.0005912851192988455 0.002937247510999441 
vn -0.008234062232077122 -0.0037699309177696705 0.001394525053910911 
vn -0.008397863246500492 -0.001974288374185562 0.0030878684483468533 
vn -0.008346328511834145 0.0024794437922537327 0.0028544722590595484 
vn -0.008859236724674702 0.00017048865265678614 0.0023327437229454517 
vn -0.007419548463076353 -0.0004917265614494681 0.00535400677472353 
vn -0.004318065010011196 -0.0007895256276242435 0.008042881265282631 
vn -0.0044706459157168865 -0.0003797099052462727 0.007989125326275826 
vn -0.0001728317147353664 -0.00040525489021092653 0.00915220845490694 
vn -0.00012110477837268263 0.00003490399103611708 0.009161939844489098 
vn -0.004267469979822636 0.00036823126720264554 0.008100004866719246 
vn 0.0007425231742672622 -0.002182136522606015 0.00886814296245575 
vn -0.003647824050858617 -0.0020518717356026173 0.008151086047291756 
vn -0.00041495708865113556 -0.0013206158764660358 0.009057638235390186 
vn -0.004560874309390783 -0.0011304441140964627 0.007866224274039268 
vn -0.00041495708865113556 -0.0009631316643208265 0.009102593176066875 
vn -0.004869559314101934 -0.00043015312985517085 0.007749795448035002 
vn -0.006658452562987804 0.0025326693430542946 0.005762596148997545 
vn -0.004795738495886326 -0.004093424417078495 0.006648438982665539 
vn -0.004132920876145363 -0.0013175441417843103 0.008070937357842922 
vn 0.00012110860552638769 -0.0007250195485539734 0.009133274666965008 
vn -0.004069766029715538 -0.0006459472933784127 0.008183931931853294 
vn 0.0001383239432470873 -0.0002052637719316408 0.00915946252644062 
vn -0.00422510365024209 0.0000845877148094587 0.0081300875172019 
vn -0.001599602517671883 0.0011311311973258853 0.008950912393629551 
vn -0.005487064365297556 0.00138974585570395 0.007205392699688673 
vn -0.00010383811604697257 -0.002763935597613454 0.008735381998121738 
vn -0.0043728528544306755 -0.002546582603827119 0.007638720795512199 
vn -0.0009664288954809308 -0.001434143166989088 0.008998125791549683 
vn -0.004736991599202156 -0.0013152806786820292 0.007732264697551727 
vn -0.000966668885666877 -0.000918100296985358 0.009065300226211548 
vn -0.004974823910742998 -0.0009004725143313408 0.007641809061169624 
vn -0.005201471969485283 -0.0006026741466484964 0.007519204169511795 
vn -0.001018112525343895 -0.0003183430526405573 0.009100501425564289 
vn -0.00818962324410677 0.0013926360988989472 -0.003866198705509305 
vn -0.0076567935757339 -0.0006081058527342975 0.004996058531105518 
vn -0.007613332010805607 -0.000972295762039721 0.005004867445677519 
vn -0.0077408840879797935 -0.002215406158939004 0.004373507108539343 
vn -0.008280916139483452 0.0021141069009900093 0.00330361002124846 
vn -0.0074637108482420444 0.00044089581933803856 0.005296745803207159 
vn -0.007378052920103073 -0.00045892049092799425 0.005413928534835577 
vn -0.007460487075150013 -0.0008025342249311507 0.005258703138679266 
vn -0.007653491105884314 -0.0025297359097748995 0.004356763791292906 
vn -0.007445862982422113 -0.002898898907005787 0.0044846851378679276 
vn -0.008132516406476498 0.0021502592135220766 0.003632550360634923 
vn -0.0077986037358641624 -0.00022105136304162443 0.004805183503776789 
vn -0.007693113759160042 -0.000799358356744051 0.004912627395242453 
vn -0.007113692816346884 -0.0016428391681984067 0.0055365473963320255 
vn -0.007228344678878784 0.0015363479033112526 0.005417339503765106 
vn -0.007466317620128393 -0.00016348151257261634 0.0053088851273059845 
vn -0.008622206747531891 -0.002180215436965227 0.0022047797683626413 
vn -0.008566089905798435 -0.0018433969235047698 0.002679708180949092 
vn -0.00861297082155943 -0.0006075604469515383 0.003066667588427663 
vn -0.008963055908679962 -0.001890527200885117 0.00021532372920773923 
vn -0.008424441330134869 -0.0008259511087089777 -0.003507626708596945 
vn -0.006237721536308527 0.0013706779573112726 -0.006570311728864908 
vn 0.00005186922862776555 0.0016772112576290965 -0.009007846936583519 
vn -0.006572801154106855 -0.0005470771575346589 -0.006360496394336224 
vn -0.0006224695243872702 -0.0003976830339524895 -0.009132984094321728 
vn -0.006558701861649752 0.00001874100780696608 -0.006398437079042196 
vn -0.008283790200948715 -0.0004982518148608506 -0.003884253790602088 
vn -0.00904326792806387 -0.0014563050353899598 0.0002351706352783367 
vn -0.009159104898571968 -0.00023571765632368624 0.00010979495709761977 
vn -0.008238140493631363 0.0005203461041674018 -0.003977327607572079 
vn -0.006575421895831823 0.000935042800847441 -0.006312403827905655 
vn -0.00046686286805197597 0.0003639681963250041 -0.009143664501607418 
vn 0.005764608271420002 0.000029376284146565013 -0.007122174836695194 
vn 0.00622389605268836 0.0017238358268514276 -0.006499880459159613 
vn 0.00622450141236186 0.001214892603456974 -0.006613361183553934 
vn 0.006178815849125385 0.0009037666022777557 -0.006705398205667734 
vn 0.006408252287656069 -0.00020363695512060076 -0.006545972544699907 
vn 0.005189727526158094 0.0013970800209790468 -0.007421041838824749 
vn 0.006909933872520924 0.0035281090531498194 -0.0048746452666819096 
vn 0.0076798731461167336 0.0027429668698459864 -0.004177626222372055 
vn 0.008866053074598312 0.0014169675996527076 -0.0018281516386196017 
vn 0.009057421237230301 -0.000032975967769743875 0.0013852264964953065 
vn 0.008928453549742699 -0.00019721580611076206 0.0020495515782386065 
vn 0.008911805227398872 -0.00012615507876034826 0.002126181498169899 
vn 0.00875360332429409 0.0006563749047927558 0.002626867964863777 
vn 0.008910616859793663 -0.0012816322268918157 0.001707382733002305 
vn 0.009104365482926369 -0.0005996623658575118 -0.0008412846946157515 
vn 0.009161463007330894 0.00013039240729995072 0.00008613039244664833 
vn 0.009118202142417431 0.0008182871388271451 0.0003816029930021614 
vn 0.009137598797678947 -0.0005807023262605071 -0.00035198158002458513 
vn 0.009162337519228458 -0.000050950526201631874 -0.00007614679634571075 
vn 0.008237197063863277 0.0003614021115936339 -0.003996852785348892 
vn 0.008268197998404503 0.0005125693278387189 -0.003915487322956324 
vn 0.008294456638395786 0.0007428735261783004 -0.003821909660473466 
vn 0.008363638073205948 0.0013456088490784168 -0.003492240561172366 
vn 0.008128611370921135 -0.000012636721294256859 -0.004228755831718445 
vn 0.007974464446306229 -0.00025953259319067 -0.00450526736676693 
vn 0.00835457444190979 0.00033013179199770093 -0.003748192684724927 
vn 0.008755411021411419 0.001655372092500329 -0.0021352660842239857 
vn 0.00861336849629879 0.0024261432699859142 -0.001969912787899375 
vn 0.008295878767967224 -0.0016155323246493936 -0.0035391105338931084 
vn 0.00838448852300644 -0.0030749596189707518 -0.002049833768978715 
vn 0.007838932797312737 -0.004722448065876961 -0.0004544166731648147 
vn 0.007587818894535303 -0.005133916158229113 -0.00015748020086903125 
vn 0.008799834176898003 -0.0006923005566932261 0.0024577390868216753 
vn 0.009148968383669853 -0.00038241015863604844 -0.0003270560409873724 
vn 0.008693665266036987 -0.00010008644312620163 -0.0028925780206918716 
vn 0.00862658116966486 0.0004007832030765712 0.003062404226511717 
vn 0.009136635810136795 0.0006289680022746325 0.00028826246852986515 
vn 0.008799834176898003 0.0006923005566932261 -0.0024577390868216753 
vn 0.00527834752574563 0.005916880443692207 0.0045920065604150295 
vn 0.004268191754817963 0.006848898716270924 0.004339597653597593 
vn 0.003644213080406189 0.007304530590772629 0.0041617946699261665 
vn 0.006510088220238686 -0.006079044193029404 -0.0021496261470019817 
vn 0.007644833531230688 -0.005033283028751612 -0.0004236361419316381 
vn 0.008720370009541512 -0.001034399727359414 0.0026157221291214228 
vn 0.009129294194281101 -0.0007822957122698426 -0.000028638462026719935 
vn 0.008659071289002895 -0.0002901992411352694 -0.0029821323696523905 
vn 0.0046035535633563995 -0.007218738552182913 -0.0032640595454722643 
vn 0.008355521596968174 -0.001155496691353619 0.0035786787047982216 
vn 0.007618131581693888 0.0005358221824280918 -0.005062988493591547 
vn 0.007575856056064367 0.00034411202068440616 -0.005142458248883486 
vn 0.007451717276126146 -0.0005197498248890042 -0.00530647300183773 
vn 0.007880862802267075 0.0025892965495586395 -0.003891582600772381 
vn 0.0075257220305502415 0.0018422040157020092 -0.004891490563750267 
vn 0.007296889554709196 0.0005920553812757134 -0.005510151386260986 
vn 0.006122042424976826 -0.00004913254451821558 -0.006817265879362822 
vn -0.00048412149772047997 0.0012409084010869265 -0.009065473452210426 
vn -0.0001210877817356959 0.0019126826664432883 -0.008960134349763393 
vn 0.005904353689402342 0.0004157495277468115 -0.006994476541876793 
vn 0.004024071618914604 0.0018352431943640113 -0.00802469439804554 
vn 0.004387601278722286 0.0022386668715626 -0.0077262092381715775 
vn 0.00044959867955185473 0.0025326674804091454 -0.008794344030320644 
vn -0.005947150755673647 0.002064332365989685 -0.006657842546701431 
vn -0.00642442237585783 0.001191053306683898 -0.00642379280179739 
vn -0.00796990655362606 0.0016750860959291458 -0.004198993556201458 
vn -0.00817427784204483 0.0007342599565163255 -0.004074174910783768 
vn -0.009039908647537231 0.0014868814032524824 -0.00016140314983204007 
vn -0.009160763584077358 0.0001701099972706288 0.00009111976396525279 
vn -0.008566360920667648 -0.00026633584639057517 0.003240891033783555 
vn -0.008604834787547588 0.0008871429017744958 0.0030210332479327917 
vn -0.008716081269085407 0.002691691042855382 0.0008611418888904154 
vn -0.008676249533891678 -0.0020855863112956285 0.002080833539366722 
vn -0.008672942407429218 0.002906222827732563 -0.0005392500897869468 
vn -0.007820205762982368 0.0031371077056974173 -0.003599973861128092 
vn -0.005651230923831463 0.003333857050165534 -0.006395774427801371 
vn 0.0008978484547697008 0.0030996836721897125 -0.008575712330639362 
vn 0.004710562527179718 0.002825226401910186 -0.0073338705115020275 
vn 0.0040407804772257805 0.0003679195651784539 -0.008215456269681454 
vn 0.00008649251685710624 0.00036540746805258095 -0.009155109524726868 
vn -0.006574718747287989 -0.00026504023117013276 -0.006376499310135841 
vn -0.008517812006175518 -0.000980476150289178 -0.0032314681448042393 
vn -0.008913885802030563 -0.0020760081242769957 0.0004355036362539977 
vn -0.008823546580970287 -0.000759438902605325 0.0023505552671849728 
vn -0.008896520361304283 -0.00029346279916353524 0.0021731643937528133 
vn -0.009149067103862762 -0.0004919753409922123 -0.00009672920714365318 
vn -0.007905231788754463 0.00019885443907696754 -0.0046286750584840775 
vn -0.005808806978166103 0.0005455805803649127 -0.007065199315547943 
vn 0.001103691291064024 0.000796581560280174 -0.009061144664883614 
vn 0.004679020959883928 0.0007242646533995867 -0.00784469023346901 
vn 0.004799238406121731 0.0009142878698185086 -0.007751667872071266 
vn 0.0011044503189623356 0.001115068094804883 -0.009027393534779549 
vn -0.0055411686189472675 0.0009700724622234702 -0.00723265903070569 
vn -0.007694436237215996 0.000680306984577328 -0.004928460344672203 
vn -0.009158593602478504 0.000014668575204268564 -0.00027707888511940837 
vn -0.008932921104133129 0.00033163040643557906 0.0020124060101807117 
vn -0.007662597112357616 -0.00016761114238761365 0.005021294113248587 
vn -0.008021548390388489 0.0020764421205967665 0.003911523148417473 
vn -0.006202652584761381 0.001427865237928927 0.006591299548745155 
vn -0.009134425781667233 0.0005609914660453796 -0.000452083011623472 
vn -0.008644905872642994 0.0025551023427397013 0.0016413088887929916 
vn -0.007385505363345146 0.0011700751492753625 -0.0052954815328121185 
vn -0.0051755900494754314 0.0015554771525785327 -0.007399373222142458 
vn 0.0008637632126919925 0.001750780502334237 -0.008952413685619831 
vn 0.005015040747821331 0.0014903960982337594 -0.007522303611040115 
vn 0.007788572460412979 0.0011343808146193624 -0.004691289737820625 
vn 0.008804408833384514 0.0009222561493515968 -0.0023640349972993135 
vn 0.00913236103951931 0.0005634452099911869 0.0004892090219072998 
vn 0.008687187917530537 0.00021932813979219645 0.0029054274782538414 
vn 0.008577081374824047 0.0011266095098108053 0.0030201447661966085 
vn 0.008830245584249496 0.0006500331219285727 0.0023581902496516705 
vn 0.008991094306111336 0.0015619042096659541 0.0008231034153141081 
vn 0.008805433288216591 0.0018791916081681848 -0.001699948450550437 
vn 0.007921298034489155 0.0021386328153312206 -0.004078744910657406 
vn 0.00891979318112135 0.0012026296462863684 -0.0017169183120131493 
vn 0.00911750178784132 0.000875062367413193 0.00024951883824542165 
vn 0.008774920366704464 0.0013829523231834173 0.0022461183834820986 
vn 0.002805284922942519 0.008696329779922962 0.0006791356136091053 
vn 0.008989869616925716 0.0017651841044425964 0.0001522983657196164 
vn 0.002067132852971554 0.008892355486750603 -0.0007810232345946133 
vn 0.008677029982209206 0.0022243415005505085 -0.0019282855791971087 
vn 0.0001206472297781147 0.008886012248694897 -0.0022318747360259295 
vn 0.007107273675501347 0.003211844712495804 -0.004809118341654539 
vn -0.0023644070606678724 0.008203251287341118 -0.003327649785205722 
vn 0.007816613651812077 0.0018228673143312335 -0.004419794771820307 
vn 0.0046376329846680164 0.00286842230707407 -0.007363523356616497 
vn 0.003528910456225276 0.0037166690453886986 -0.007595403585582972 
vn -0.00031097783357836306 0.0036992246750742197 -0.008377115242183208 
vn -0.003801870858296752 0.007416062522679567 -0.003808514913544059 
vn -0.005121566355228424 0.007191754877567291 -0.002450547181069851 
vn -0.004404185805469751 0.008001847192645073 0.0007283981540240347 
vn -0.0023644070606678724 0.008203251287341118 -0.003327649785205722 
vn 0.0001206472297781147 0.008886012248694897 -0.0022318747360259295 
vn 0.002067132852971554 0.008892355486750603 -0.0007810232345946133 
vn 0.002805284922942519 0.008696329779922962 0.0006791356136091053 
vn 0.0019033030839636922 0.008832569234073162 0.0015232105506584048 
vn -0.0006397009710781276 0.008640527725219727 0.0029814578592777252 
vn -0.0031733796931803226 0.007760997395962477 0.0036950756330043077 
vn -0.004102442413568497 0.0072936504147946835 0.0037322398275136948 
vn -0.00493851350620389 0.007113676518201828 0.0029939382802695036 
vn -0.00609917426481843 0.006663819309324026 0.001533140311948955 
vn -0.006485780701041222 0.0064128064550459385 0.0008760620257817209 
vn -0.006542366463690996 0.006369252223521471 0.0007661519339308143 
vn -0.006100235506892204 0.006777436006814241 -0.0009002332226373255 
vn -0.006100235506892204 0.006777436006814241 -0.0009002332226373255 
vn -0.0051725199446082115 0.0039545404724776745 -0.006446984130889177 
vn -0.007667549420148134 0.003652055747807026 -0.0034391949884593487 
vn -0.006542366463690996 0.006369252223521471 0.0007661519339308143 
vn -0.008574288338422775 0.003229825058951974 -0.00008164087921613827 
vn -0.006485780701041222 0.0064128064550459385 0.0008760620257817209 
vn -0.008578864857554436 0.002995793242007494 0.001176919206045568 
vn -0.00609917426481843 0.006663819309324026 0.001533140311948955 
vn -0.007896505296230316 0.0028733238577842712 0.0036532299127429724 
vn -0.00493851350620389 0.007113676518201828 0.0029939382802695036 
vn -0.0052217524498701096 0.0024761564563959837 0.007110478822141886 
vn -0.004102442413568497 0.0072936504147946835 0.0037322398275136948 
vn -0.001616623718291521 0.001646366436034441 0.008867526426911354 
vn -0.004272663965821266 0.002357474761083722 0.007755232509225607 
vn 0.00013835824211128056 0.0008743588696233928 0.009119943715631962 
vn -0.007787252776324749 0.0024285195395350456 0.004173471126705408 
vn -0.00860679242759943 0.002815929241478443 0.0013966080732643604 
vn -0.00865522213280201 0.003005326259881258 -0.00010946777911158279 
vn -0.008718997240066528 0.0028028509113937616 0.00028275680961087346 
vn -0.007628083694726229 0.0032168158795684576 -0.003926998004317284 
vn -0.008021548390388489 0.0020764421205967665 0.003911523148417473 
vn -0.008725679479539394 0.0022886767983436584 0.0016066482057794929 
vn -0.005567459389567375 0.00247198180295527 0.0068446798250079155 
vn -0.0010341056622564793 0.002685568295419216 0.008699159137904644 
vn 0.004564808215945959 0.004241776652634144 0.006717651151120663 
vn -0.008761641569435596 0.0026813994627445936 0.000023792907086317427 
vn -0.0072874873876571655 0.002376062795519829 -0.005020333919674158 
vn -0.004992267116904259 0.002613689983263612 -0.007225154433399439 
vn 0.0006739372620359063 0.0029510282911360264 -0.00864836759865284 
vn 0.005202836822718382 0.0026713476981967688 -0.0070534637197852135 
vn 0.0006560796755366027 0.003549799555912614 -0.008421728387475014 
vn -0.004698845092207193 0.00356612098403275 -0.007011462468653917 
vn -0.00790553167462349 0.0033550476655364037 -0.0031942278146743774 
vn 0.007567351218312979 -0.00025754093076102436 -0.005160014145076275 
vn 0.004403352737426758 0.007152577396482229 -0.0036617075093090534 
vn 0.0021136037539690733 0.008492414839565754 -0.0027145138010382652 
vn 0.0010729688219726086 0.008993120864033699 -0.001389075187034905 
vn 0.006361964158713818 -0.00015770940808579326 -0.006592228077352047 
vn 0.004528022836893797 0.00029559421818703413 -0.007960313931107521 
vn 0.0011748858960345387 0.008555196225643158 -0.003063539508730173 
vn 0.002411088440567255 0.0003650310100056231 -0.008832350373268127 
vn -0.000034469394449843094 0.00893294345587492 -0.0020392031874507666 
vn -0.000017304093489656225 0.00016536509792786092 -0.009161298163235188 
vn -0.000017230411685886793 0.009006232023239136 -0.0016865673242136836 
vn -0.00789689738303423 0.0014612027443945408 -0.00441143661737442 
vn -0.006325640715658665 0.002174358582124114 -0.006262217182666063 
vn -0.0072523439303040504 0.0009561418555676937 -0.0055178068578243256 
vn -0.0031499636825174093 0.0003755532088689506 -0.008596143685281277 
vn -0.002949627349153161 0.006522183306515217 -0.005719949956983328 
vn -0.00781317614018917 0.004777916241437197 0.0002875295758713037 
vn -0.0074468329548835754 0.0024727866984903812 0.00473147863522172 
vn -0.008021855726838112 0.00010854776337509975 0.004426614847034216 
vn -0.006549287587404251 -0.00018056746921502054 0.006405556108802557 
vn -0.006563030183315277 0.00018296380585525185 0.006391406524926424 
vn -0.0025528804399073124 0.0022243638522922993 0.0085142245516181 
vn 0.0023340319748967886 0.005407869350165129 0.007018849719315767 
vn 0.004255226813256741 -0.0013491836143657565 0.008001858368515968 
vn 0.0022603373508900404 -0.0067192246206104755 0.005805161781609058 
vn -0.006187437567859888 -0.004016253165900707 0.005435279104858637 
vn -0.0028375042602419853 -0.008647742681205273 0.0010593043407425284 
vn -0.00871011521667242 -0.002173204440623522 0.0018351908074691892 
vn -0.008462303318083286 0.00042769109131768346 0.003487600712105632 
vn 0.001546144369058311 -0.00644072238355875 0.0063311574049293995 
vn 0.0035057722125202417 -0.0012347798328846693 0.008375074714422226 
vn 0.001525928033515811 0.005113719496876001 0.007448385003954172 
vn -0.006478331983089447 0.0002526660682633519 0.0064748977310955524 
vn -0.003552060341462493 -0.00827009603381157 0.0017162114381790161 
vn -0.007239173166453838 -0.0048256306909024715 -0.002874814672395587 
vn -0.00912553258240223 0.000502320472151041 0.0006550885154865682 
vn -0.008847130462527275 0.0006584018701687455 0.0022916425950825214 
vn -0.008289750665426254 0.0031565730459988117 0.0022962884977459908 
vn -0.008411374874413013 0.0004732728993985802 -0.003603004151955247 
vn -0.0067561292089521885 0.006037143059074879 -0.0013654795475304127 
vn -0.008804877288639545 0.0005336763570085168 -0.0024791457690298557 
vn -0.0071926964446902275 0.005662521347403526 -0.0003973319544456899 
vn -0.0029199777636677027 0.007751259952783585 0.003917742520570755 
vn -0.0021368747111409903 0.008274661377072334 0.003304658690467477 
vn -0.005601000040769577 0.003982963040471077 0.0060598477721214294 
vn -0.007751177996397018 -0.004507921170443296 -0.001885408186353743 
vn -0.008564367890357971 0.0007484063389711082 0.003169911215081811 
vn -0.009104336611926556 0.0010324218310415745 -0.00004447750325198285 
vn -0.00911217276006937 0.0009577390155754983 -0.00008866946154739708 
vn -0.009096122346818447 0.0010891275014728308 -0.00017659594595897943 
vn -0.009073584340512753 0.0012554198037832975 -0.0002254157734569162 
vn -0.007182053755968809 0.003508375957608223 0.004479542374610901 
vn -0.002984721213579178 0.005830471403896809 0.006407343316823244 
vn -0.003984164446592331 0.005485828034579754 0.006163530983030796 
vn -0.009135760366916656 0.0006858464330434799 0.0001559536758577451 
vn -0.004164958372712135 -0.00398722430691123 -0.007121246308088303 
vn -0.0030530232470482588 0.0013356141280382872 -0.008535348810255527 
vn -0.0039467280730605125 0.0013289644848555326 -0.008161750622093678 
vn -0.004006302449852228 0.006420956924557686 -0.005165059119462967 
vn -0.004059903789311647 0.008209772408008575 0.0002716793678700924 
vn -0.003050490515306592 0.008637872524559498 0.0001966390700545162 
vn -0.007529773749411106 0.005221051163971424 -0.0000044696930672216695 
vn -0.0030241000931710005 0.006626585032790899 -0.0055587938986718655 
vn -0.007305688690394163 0.00396726792678237 -0.003852867754176259 
vn -0.008363638073205948 0.0013456088490784168 -0.003492240561172366 
vn -0.00883413664996624 0.0011742716887965798 -0.0021297773346304893 
vn -0.008586202748119831 0.001426977920345962 -0.0028631631284952164 
vn -0.009128966368734837 0.0007866123341955245 -0.00000568717814530828 
vn -0.008468947373330593 0.0003482300089672208 0.003480304265394807 
vn -0.0073350234888494015 -0.0003862696175929159 0.005477693397551775 
vn -0.00805014930665493 -0.002438813215121627 0.0036337513010948896 
vn -0.008626576513051987 -0.003031590022146702 -0.0005903200362809002 
vn -0.00795254111289978 -0.001315534464083612 -0.004356985446065664 
vn -0.004592496901750565 0.005770379211753607 -0.005437708459794521 
vn -0.002021077321842313 0.003523576073348522 -0.008213200606405735 
vn -0.0017195527907460928 0.0012221913784742355 -0.008916636928915977 
vn -0.0027411342598497868 -0.0005282146739773452 -0.008727208711206913 
vn -0.005630030762404203 -0.0029495502822101116 -0.006599989254027605 
vn -0.008265786804258823 -0.002966309431940317 -0.002614315366372466 
vn -0.009141789749264717 0.0006152362911961973 0.00007736930274404585 
vn -0.00804758258163929 0.004268201999366283 -0.0009877964621409774 
vn -0.001032560714520514 0.008856168016791344 -0.002111664041876793 
vn -0.006641789805144072 0.005671367514878511 0.0027711254078894854 
vn -0.00843616109341383 -0.0002268895914312452 0.003568831831216812 
vn -0.006524032447487116 -0.006413542665541172 0.0005102863651700318 
vn -0.0025894346181303263 -0.008057177066802979 -0.0035119405947625637 
vn 0.00229462212882936 -0.00487049575895071 -0.007414175197482109 
vn 0.004148419480770826 -0.00015985251229722053 -0.008168356493115425 
vn 0.0033167304936796427 0.005497665610164404 -0.0065369694493710995 
vn 0.0023813333828002214 0.00544759351760149 -0.006972086615860462 
vn 0.0033621059264987707 0.00008512858039466664 -0.008523262105882168 
vn 0.0014280939940363169 -0.004460647236555815 -0.007875289767980576 
vn -0.003340110182762146 -0.0074775926768779755 -0.004109291359782219 
vn -0.007043509744107723 -0.00586039898917079 -0.00003997911335318349 
vn -0.008721058256924152 -0.000010550562365096994 0.0028106707613915205 
vn -0.007101566065102816 0.005469174589961767 0.0019007346127182245 
vn -0.001913179294206202 0.00851930771023035 -0.002778155729174614 
vn -0.006459211464971304 0.0016176420031115413 -0.00629434222355485 
vn 0.009160763584077358 -0.00018737420032266527 0.0000461641866422724 
vn 0.008628793992102146 0.00304884510114789 0.000453108485089615 
vn 0.008645151741802692 0.0029611303471028805 -0.000670748355332762 
vn 0.007876776158809662 0.00458434596657753 -0.0009471262455917895 
vn 0.007839849218726158 0.0046965633518993855 0.0006602515932172537 
vn 0.008630522526800632 0.002639391925185919 0.0015825744485482574 
vn 0.007888538762927055 0.004120330326259136 0.00217961217276752 
vn 0.008632738143205643 0.001785669825039804 0.002498810878023505 
vn 0.007990504615008831 0.002818763954564929 0.003487588372081518 
vn 0.008646299131214619 0.0006544120260514319 0.0029614348895847797 
vn 0.007954157888889313 0.0010697636753320694 0.004420842044055462 
vn 0.008660576306283474 -0.0005119187408126891 0.0029477456118911505 
vn 0.007909762673079967 -0.000794900581240654 0.004556385800242424 
vn 0.00867775920778513 -0.0015791605692356825 0.0024818521924316883 
vn 0.007931330241262913 -0.002504664473235607 0.003844154765829444 
vn 0.008669482544064522 -0.0024312427267432213 0.0016988134011626244 
vn 0.007896443828940392 -0.003910484723746777 0.0025122009683400393 
vn 0.008693982847034931 -0.002809789264574647 0.0006903444300405681 
vn 0.007849689573049545 -0.004645343404263258 0.000871797208674252 
vn 0.008706883527338505 -0.0028319936245679855 -0.0003561385674402118 
vn 0.008713680319488049 -0.002521960763260722 -0.0012916396372020245 
vn 0.008727787993848324 -0.0018357448279857635 -0.002100617391988635 
vn 0.007836875505745411 -0.004276369698345661 -0.002062260638922453 
vn 0.007913750596344471 -0.0031303376890718937 -0.003395644947886467 
vn 0.007932543754577637 -0.004197590984404087 -0.001847118721343577 
vn 0.00777701148763299 -0.00479810731485486 -0.0006731481407769024 
vn 0.008038620464503765 -0.004343643318861723 -0.0006857190164737403 
vn 0.007932543754577637 -0.00452423095703125 0.0007503023371100426 
vn 0.007870693691074848 -0.004011627286672592 0.002432263921946287 
vn 0.00810262467712164 -0.0023887730203568935 0.0035493799950927496 
vn 0.008324510417878628 -0.0006953894044272602 0.0037650789599865675 
vn 0.008419262245297432 0.000865545473061502 0.0035105133429169655 
vn 0.008416438475251198 0.002336293226107955 0.0027680578641593456 
vn 0.008410421200096607 0.0032370646949857473 0.0016562234377488494 
vn 0.008439925499260426 0.003529974026605487 0.0005135985556989908 
vn 0.008414194919168949 0.003566201776266098 -0.0006636127945967019 
vn 0.008410326205193996 0.0030168246012181044 -0.0020302797202020884 
vn 0.007954179309308529 0.003734404454007745 -0.0025965592358261347 
vn 0.008380851708352566 0.0017943178536370397 -0.0032401548232883215 
vn 0.008673316799104214 0.002362364437431097 -0.0017747266683727503 
vn 0.007929724641144276 0.0022481021005660295 -0.004002795554697514 
vn 0.008295406587421894 0.0002663085178937763 -0.003882288932800293 
vn 0.007875400595366955 0.0004051953146699816 -0.004665914922952652 
vn 0.008678877726197243 0.0014298066962510347 -0.0025670176837593317 
vn 0.008683395572006702 0.0002654377312865108 -0.002912906464189291 
vn 0.008708893321454525 -0.000845023023430258 -0.00271991896443069 
vn 0.0078117987141013145 -0.0033490853384137154 -0.0034229091834276915 
vn 0.008112232200801373 -0.0013968371786177158 -0.004024599213153124 
vn 0.007909340783953667 -0.001428547315299511 -0.004399824887514114 
vn -0.009161553345620632 -0.00007685078890062869 0.00012981060717720538 
vn -0.00874739047139883 -0.0004394110001157969 0.0026920107193291187 
vn -0.008738805539906025 -0.0014050084864720702 0.002369823632761836 
vn -0.007875400595366955 -0.0007626794977113605 0.0046209595166146755 
vn -0.007805773057043552 0.0012000588467344642 0.004646142944693565 
vn -0.008757630363106728 0.0006167253013700247 0.0026230523362755775 
vn -0.007797952741384506 0.0028862464241683483 0.0038494656328111887 
vn -0.008759302087128162 0.0015473271487280726 0.002199372975155711 
vn -0.007755904458463192 0.0042299930937588215 0.00243104575201869 
vn -0.008760440163314342 0.0022717600222676992 0.001432002172805369 
vn -0.008755164220929146 0.002671959577128291 0.00040566769894212484 
vn -0.008039737120270729 0.004365222062915564 0.0005141258588992059 
vn -0.007756000850349665 0.004836102016270161 0.0006430004723370075 
vn -0.008039304055273533 0.0038383572828024626 0.0021432393696159124 
vn -0.008138909004628658 0.0026149614714086056 0.003298030700534582 
vn -0.008264916017651558 0.0011084428988397121 0.0037972857244312763 
vn -0.008297307416796684 -0.0005841808160766959 0.0038432120345532894 
vn -0.007818358950316906 -0.0026400070637464523 0.003982525318861008 
vn -0.008274296298623085 -0.0021586373914033175 0.003291377564892173 
vn -0.007785324472934008 -0.003913685213774443 0.0028334897942841053 
vn -0.008328383788466454 -0.0030835983343422413 0.0022552816662937403 
vn -0.007746590301394463 -0.004752526991069317 0.0011664936318993568 
vn -0.008374462835490704 -0.0036244431976228952 0.0008298345492221415 
vn -0.008733107708394527 -0.0021949599031358957 0.00169464445207268 
vn -0.008720437996089458 -0.0027042885776609182 0.0007730591460131109 
vn -0.008718173950910568 -0.0028114812448620796 -0.00021412959904409945 
vn -0.007731899619102478 -0.004899903200566769 -0.0004068927373737097 
vn -0.008374805562198162 -0.0037059865426272154 -0.0002917952660936862 
vn -0.008348380215466022 -0.0033836772199720144 -0.00167694257106632 
vn -0.007755375932902098 -0.004366954788565636 -0.0021773220505565405 
vn -0.008721040561795235 -0.0025305466260761023 -0.001223366823978722 
vn -0.00874191615730524 -0.0018441990250721574 -0.0020333901047706604 
vn -0.007770325522869825 -0.003252315567806363 -0.0036057401448488235 
vn -0.008286132477223873 -0.002584162401035428 -0.0029358079191297293 
vn -0.0078157102689147 -0.001653272076509893 -0.004487565252929926 
vn -0.008244658820331097 -0.0013507289113476872 -0.0037627106066793203 
vn -0.0087516438215971 -0.0009053264511749148 -0.002558507025241852 
vn -0.008767222985625267 0.000192809195141308 -0.002656211145222187 
vn -0.007909762673079967 0.00035798936733044684 -0.0046113296411931515 
vn -0.008267250843346119 0.00035362623748369515 -0.0039350190199911594 
vn -0.007846513763070107 0.0022670256439596415 -0.0041532753966748714 
vn -0.00823686458170414 0.002022008178755641 -0.003467334434390068 
vn -0.00875360332429409 0.0012863378506153822 -0.002382561331614852 
vn -0.008765405975282192 0.002108735730871558 -0.0016363778850063682 
vn -0.0087702302262187 0.0025724521838128567 -0.0006499166483990848 
vn -0.007797952741384506 0.0037494883872568607 -0.0030149861704558134 
vn -0.007776174694299698 0.004665497690439224 -0.0013119119685143232 
vn -0.008100013248622417 0.0033960507716983557 -0.0026102657429873943 
vn -0.008039304055273533 0.004249500576406717 -0.0011261473409831524 
vn 0.001379190944135189 -0.008727542124688625 -0.0024258745834231377 
vn -0.0005179595318622887 -0.009147534146904945 -0.00010656299855327234 
vn -0.004414315801113844 -0.005494956858456135 -0.005854591261595488 
vn -0.005347500089555979 -0.0057218968868255615 -0.004756164271384478 
vn -0.00671441201120615 0.0004392141418065876 -0.0062193796038627625 
vn -0.005586846731603146 -0.0060453568585217 -0.004024643450975418 
vn -0.003363111987709999 -0.004754995461553335 -0.00707364734262228 
vn -0.006909646093845367 0.0012837736867368221 -0.00587925361469388 
vn -0.007232008967548609 0.0026087304577231407 -0.004984924104064703 
vn -0.006743875797837973 0.003016533562913537 -0.005420108791440725 
vn -0.007236447650939226 0.003505821106955409 -0.0043931701220571995 
vn -0.002032215241342783 -0.00638555409386754 -0.0062491451390087605 
vn -0.007508895825594664 0.0037564816884696484 -0.0036690891720354557 
vn -0.007505582179874182 0.003690186655148864 -0.0037424112670123577 
vn -0.0029926300048828125 -0.004415965639054775 -0.007449860218912363 
vn -0.003197307698428631 -0.0035153073258697987 -0.007834337651729584 
vn 0.0034082275815308094 -0.006828897166997194 -0.005070221610367298 
vn 0.0028658888768404722 -0.007548768538981676 -0.00433125626295805 
vn -0.0079012056812644 0.0037831466179341078 -0.002686189254745841 
vn -0.007877740077674389 0.003758459584787488 -0.0027878431137651205 
vn -0.008780410513281822 -0.0005853684269823134 -0.0025531486608088017 
vn -0.0031841902527958155 0.0009726357529871166 -0.008536504581570625 
vn 0.005507032386958599 0.0016431385884061456 -0.0071365004405379295 
vn 0.0037230306770652533 0.007154871243983507 -0.004347855690866709 
vn -0.0028614625334739685 0.004632506053894758 -0.0073694586753845215 
vn -0.002761155366897583 0.005107369273900986 -0.007088568527251482 
vn -0.0029675716068595648 0.005484972149133682 -0.006713091861456633 
vn 0.0032692470122128725 0.00773343350738287 -0.0036692002322524786 
vn -0.003473675809800625 0.006035718601197004 -0.005954886320978403 
vn 0.002438399475067854 0.008506284095346928 -0.0023778872564435005 
vn -0.004355582408607006 0.006196680944412947 -0.0051562609151005745 
vn 0.0012655772734433413 0.00904004741460085 -0.0007955357432365417 
vn -0.004412672482430935 0.006464520003646612 -0.004763956647366285 
vn -0.0006950972019694746 0.008982012048363686 0.0016725214663892984 
vn -0.005748501047492027 0.006712127011269331 -0.0024205432273447514 
vn -0.005450084805488586 0.007083473261445761 -0.002019390230998397 
vn -0.0035205590538680553 0.004322349093854427 -0.007271860726177692 
vn 0.004412510432302952 0.003183854976668954 -0.007372231688350439 
vn 0.0044820974580943584 0.0015701177762821317 -0.007835975848138332 
vn -0.001530850538983941 0.0039014527574181557 -0.008148139342665672 
vn -0.008680661208927631 0.0027678199112415314 -0.0009706376004032791 
vn -0.004881959408521652 0.0016971405129879713 -0.007565920706838369 
vn -0.006623412948101759 0.0006507739308290184 -0.006297921296209097 
vn -0.006692433264106512 0.0001618055539438501 -0.006256362423300743 
vn -0.006880318280309439 -0.0007917646435089409 -0.005999269895255566 
vn -0.007235255558043718 -0.0017812567530199885 -0.0053324573673307896 
vn -0.007583697326481342 -0.0030353430192917585 -0.0041510374285280704 
vn -0.007889213971793652 -0.0038940012454986572 -0.0025600651279091835 
vn 0.00034832546953111887 0.009149987250566483 0.00033679010812193155 
vn 0.004412510432302952 0.003183854976668954 -0.007372231688350439 
vn 0.0051642959006130695 0.004130341112613678 -0.006342499051243067 
vn -0.007917300797998905 -0.003385644406080246 -0.0031321938149631023 
vn -0.008782842196524143 -0.00033963166060857475 -0.002589048584923148 
vn -0.0015148931415751576 0.0013456554152071476 -0.008935957215726376 
vn -0.0012916105333715677 -0.0044924793764948845 -0.007880761288106441 
vn -0.0008632629178464413 -0.004273376427590847 -0.008059159852564335 
vn -0.0011693062260746956 -0.005967594217509031 -0.006854018196463585 
vn -0.002781866816803813 -0.004651372320950031 -0.007388027850538492 
vn -0.0036611708346754313 -0.0048453775234520435 -0.006861132103949785 
vn -0.0036540403962135315 -0.0066510578617453575 -0.005135017912834883 
vn -0.006413857918232679 0.0020869390573352575 -0.006201938726007938 
vn -0.006681371014565229 0.00032362478668801486 -0.006261905655264854 
vn -0.006680005695670843 -0.0060557215474545956 -0.0016317707486450672 
vn -0.002593782963231206 -0.008412890136241913 0.0025401918683201075 
vn -0.0023748455569148064 -0.008524563163518906 0.002376752672716975 
vn 0.0014266452053561807 -0.006583908572793007 0.006210785359144211 
vn 0.00611680606380105 -0.0034002128522843122 -0.0059144035913050175 
vn 0.004784796852618456 -0.004518116824328899 -0.006375680677592754 
vn 0.004078300669789314 -0.0033832381013780832 -0.007475168909877539 
vn -0.006720534525811672 -0.006219587754458189 -0.0003287160652689636 
vn -0.003736368380486965 -0.004391317721456289 -0.007121297065168619 
vn -0.008879998698830605 -0.0022264006547629833 0.0003815710369963199 
vn -0.005334177520126104 -0.0005320902564562857 -0.00743104238063097 
vn -0.006474606692790985 0.0011454231571406126 -0.006381566636264324 
vn -0.005290358792990446 -0.006293666549026966 -0.004044604022055864 
vn -0.004961961414664984 -0.006495786365121603 -0.004140127915889025 
vn -0.005523147061467171 -0.005717522464692593 -0.0045565040782094 
vn -0.005518380552530289 -0.005077757872641087 -0.005265054292976856 
vn -0.004969177767634392 -0.004718597047030926 -0.006082686595618725 
vn -0.005603360012173653 -0.003218515543267131 -0.00649618823081255 
vn -0.005746753420680761 -0.003773994045332074 -0.006057123187929392 
vn -0.0050809141248464584 -0.004982322920113802 -0.0057721515186131 
vn -0.0033398077357560396 -0.006076227407902479 -0.005990170408040285 
vn -0.004361923784017563 0.00018696404004003853 -0.00805578287690878 
vn -0.008778643794357777 -0.0026002496015280485 -0.00036187167279422283 
vn -0.003466282971203327 -0.004265185445547104 -0.007331443950533867 
vn 0.0040859743021428585 -0.002030452946200967 -0.007946008816361427 
vn -0.0036238227039575577 -0.00409437483176589 -0.007352618034929037 
vn -0.0034000768791884184 -0.001989359501749277 -0.00827278196811676 
vn 0.003787519410252571 -0.0008593090460635722 -0.008298992179334164 
vn -0.006811766419559717 -0.004260055720806122 -0.004405527841299772 
vn -0.007302520796656609 -0.0022403676994144917 -0.005060715600848198 
vn -0.005822759587317705 -0.0021436945535242558 -0.006742179859429598 
vn -0.005698876455426216 -0.001930987578816712 -0.006910213269293308 
vn -0.0054746656678617 -0.0018678810447454453 -0.007106054574251175 
vn -0.005325765814632177 -0.002604155335575342 -0.006986526306718588 
vn -0.005328719969838858 0.00039165691123344004 -0.007443675771355629 
vn -0.005014318041503429 0.00013816756836604327 -0.007667756639420986 
vn -0.00533225666731596 0.002583999652415514 -0.006989058572798967 
vn -0.005468086339533329 0.002684664912521839 -0.0068446737714111805 
vn -0.005197253543883562 0.0031207820866256952 -0.0068706790916621685 
vn -0.005280475597828627 0.0036599519662559032 -0.006532861851155758 
vn -0.0037118245381861925 0.005055937450379133 -0.00667958427220583 
vn -0.005451427306979895 0.0028365503530949354 -0.006796534638851881 
vn -0.005276271607726812 0.004154268652200699 -0.0062337759882211685 
vn -0.004441294819116592 0.005165073089301586 -0.006128123961389065 
vn -0.00470231007784605 0.005759893916547298 -0.005354332271963358 
vn -0.002877266379073262 0.006846346892416477 -0.005367110949009657 
vn -0.0046223802492022514 0.006058235187083483 -0.00508806062862277 
vn -0.006949540693312883 -0.002860907930880785 -0.005241755396127701 
vn -0.001201324281282723 0.007142509799450636 -0.0056123435497283936 
vn -0.00447502126917243 0.006404787302017212 -0.0047864243388175964 
vn -0.006383399944752455 0.004493044223636389 -0.004798091482371092 
vn -0.0069632441736757755 0.002983156591653824 -0.00515469815582037 
vn -0.0036006770096719265 0.0021320809610188007 -0.008151463232934475 
vn 0.004054156132042408 0.00044711315422318876 -0.008204931393265724 
vn -0.0028178798966109753 0.0038959716912359 -0.007799869403243065 
vn -0.008463184349238873 0.0029281522147357464 -0.0019383706385269761 
vn -0.004003031644970179 0.004937781486660242 -0.0065993210300803185 
vn -0.003423315240070224 -0.0006793165230192244 -0.008472097106277943 
vn -0.006617375183850527 -0.0016028446843847632 -0.006131733302026987 
vn -0.006585786119103432 -0.002201580675318837 -0.005978075321763754 
vn -0.00730396481230855 -0.002848931821063161 -0.0047426349483430386 
vn -0.007539812941104174 -0.0029017047490924597 -0.004322986118495464 
vn -0.00017272651894018054 0.007029340136796236 -0.005874995142221451 
vn -0.0031977021135389805 0.0048198821023106575 -0.007106366101652384 
vn -0.001494976575486362 0.005150239914655685 -0.007429474499076605 
vn -0.005201471969485283 0.0006026741466484964 -0.007519204169511795 
vn 0.001035174005664885 0.001433200086466968 -0.008990626782178879 
vn -0.00015539088053628802 0.006259629502892494 -0.0066895377822220325 
vn 0.004708660766482353 -0.0066401176154613495 0.0042064618319272995 
vn 0.00543639762327075 -0.0063395253382623196 0.0037700068205595016 
vn 0.006392504554241896 -0.00605787942185998 0.0025288150645792484 
vn 0.001379190944135189 -0.008727542124688625 -0.0024258745834231377 
vn 0.0073165264911949635 -0.005353992339223623 0.0013266869354993105 
vn 0.0028658888768404722 -0.007548768538981676 -0.00433125626295805 
vn 0.007650251965969801 -0.004961751401424408 0.0009008600609377027 
vn 0.0034082275815308094 -0.006828897166997194 -0.005070221610367298 
vn 0.00810626707971096 -0.004134191200137138 0.001074134255759418 
vn 0.009078209288418293 0.000653017545118928 0.0010566511191427708 
vn 0.004621014464646578 -0.0010864553041756153 0.007837271317839622 
vn 0.007970720529556274 0.0044133360497653484 0.0009731104946695268 
vn 0.0037230306770652533 0.007154871243983507 -0.004347855690866709 
vn 0.005507032386958599 0.0016431385884061456 -0.0071365004405379295 
vn 0.005568556021898985 0.0030205207876861095 0.0066200140863657 
vn 0.004722283687442541 0.0030914044473320246 0.00721804890781641 
vn 0.00664901826530695 0.002050246112048626 0.0059618763625621796 
vn 0.0073526580817997456 0.0008673232514411211 0.005398431792855263 
vn 0.007591580506414175 0.000020001476514153183 0.005130729638040066 
vn 0.0075733959674835205 -0.0002645126369316131 0.005150785204023123 
vn 0.00273237400688231 -0.006588711868971586 0.0057515231892466545 
vn 0.007143121212720871 -0.004880212713032961 0.0030193119309842587 
vn 0.007101826835423708 -0.004860792774707079 0.0031454169657081366 
vn 0.006707820110023022 -0.0020187310874462128 -0.005906504113227129 
vn 0.0012418298283591866 -0.0023691344540566206 0.00876368023455143 
vn 0.008378575555980206 -0.0011875511845573783 0.0035136956721544266 
vn 0.007732631638646126 0.0007357420981861651 0.004860243294388056 
vn 0.007505429908633232 0.001832339446991682 0.004926249850541353 
vn 0.006849112920463085 0.0027633546851575375 0.0054231383837759495 
vn 0.0060564009472727776 0.003001604462042451 0.006186057813465595 
vn 0.005525405053049326 0.0030934009701013565 0.006622516084462404 
vn 0.004722283687442541 0.0030914044473320246 0.00721804890781641 
vn 0.007690218277275562 -0.004923592787235975 -0.0007587242289446294 
vn 0.006597904022783041 -0.006316609214991331 -0.0007245916640385985 
vn 0.006170078180730343 -0.006771336775273085 0.00018990413809660822 
vn 0.005463710054755211 -0.007080245763063431 0.0019937267061322927 
vn 0.004807007499039173 -0.006964764557778835 0.0035130756441503763 
vn 0.004760798066854477 -0.006806469522416592 0.003868299536406994 
vn 0.005254879128187895 -0.006365639623254538 0.003977667074650526 
vn 0.006068759132176638 -0.005644990596920252 0.003906555939465761 
vn 0.006787961348891258 -0.0052519990131258965 0.0032088933512568474 
vn 0.007268151734024286 -0.005279725883156061 0.001804262399673462 
vn 0.007576528005301952 -0.005087812431156635 0.0008168654167093337 
vn 0.007794570177793503 -0.004661504179239273 -0.001213232520967722 
vn 0.009108324535191059 0.0008513048524037004 -0.0005201183375902474 
vn 0.004501168616116047 -0.0009361992706544697 0.007925906218588352 
vn 0.004756578244268894 -0.00384923885576427 0.006820212118327618 
vn 0.004335085861384869 -0.004234599880874157 0.006872566416859627 
vn 0.007658416870981455 0.004922431893646717 0.0010369190713390708 
vn 0.007451200857758522 0.005142390262335539 0.0014114945661276579 
vn 0.0032692470122128725 0.00773343350738287 -0.0036692002322524786 
vn 0.002438399475067854 0.008506284095346928 -0.0023778872564435005 
vn 0.006899932865053415 0.0055776117369532585 0.0022886854130774736 
vn 0.006376111879944801 0.005658369977027178 0.0033593119587749243 
vn 0.0012655772734433413 0.00904004741460085 -0.0007955357432365417 
vn 0.005998631939291954 0.006002022884786129 0.0034567436669021845 
vn -0.0006950972019694746 0.008982012048363686 0.0016725214663892984 
vn 0.00414162315428257 0.0063417027704417706 0.005156233906745911 
vn 0.00034832546953111887 0.009149987250566483 0.00033679010812193155 
vn 0.005739615764468908 0.006982334423810244 0.0015035814139991999 
vn 0.0051642959006130695 0.004130341112613678 -0.006342499051243067 
vn 0.0066553461365401745 0.003102164017036557 -0.005480863153934479 
vn 0.0066553461365401745 0.003102164017036557 -0.005480863153934479 
vn 0.007911604829132557 0.0034261757973581553 0.0031023703049868345 
vn 0.0032678116112947464 0.0021393669303506613 0.008288637734949589 
vn 0.006855990272015333 0.001912687555886805 -0.005770089104771614 
vn 0.008680857717990875 0.002930077724158764 -0.0001191341652884148 
vn 0.0036921065766364336 0.002319284016266465 0.008058924227952957 
vn 0.006163627840578556 0.0037939005997031927 0.005618980620056391 
vn 0.007570917718112469 0.004407251253724098 0.002685930347070098 
vn 0.008509255945682526 0.0011021349346265197 0.003214765340089798 
vn 0.0077000088058412075 0.00012129914830438793 0.004965080413967371 
vn 0.007655331864953041 -0.00044910539872944355 0.005015085451304913 
vn 0.007340971380472183 -0.0014508803142234683 0.00528790894895792 
vn 0.006835264153778553 -0.0022590591106563807 0.005668573547154665 
vn 0.0058651878498494625 -0.0033471398055553436 0.006192993372678757 
vn 0.0060373288579285145 -0.003145216964185238 0.006133123766630888 
vn 0.006187105551362038 0.0067098489962518215 -0.0008090638439171016 
vn 0.006902647204697132 0.005934375338256359 -0.0010457333410158753 
vn 0.008630918338894844 0.001106657786294818 -0.0028704358264803886 
vn 0.006447182036936283 -0.002910804934799671 0.005823914892971516 
vn 0.007856727577745914 0.004714611452072859 -0.00003381690112291835 
vn 0.007875277660787106 0.004353625699877739 0.0017270814860239625 
vn 0.008535223081707954 -0.00003585304875741713 0.0033324970863759518 
vn 0.00846481416374445 -0.0003381780406925827 0.003491333220154047 
vn 0.00784288439899683 -0.0032695846166461706 0.003428681753575802 
vn 0.007389542181044817 -0.003882988356053829 0.0037780888378620148 
vn 0.006956431549042463 -0.004428505431860685 0.003994158934801817 
vn 0.006445400882512331 -0.00563178351148963 0.003270587883889675 
vn 0.006241724360734224 -0.006538067013025284 0.0015004946617409587 
vn 0.008826063945889473 -0.0002474132052157074 0.0024487182963639498 
vn 0.001480422099120915 -0.002786867320537567 0.00860225223004818 
vn 0.007047388702630997 -0.004813760053366423 0.003334504785016179 
vn 0.007307726889848709 -0.0010625711875036359 -0.005424478091299534 
vn 0.008301874622702599 -0.0027559425216168165 0.002727729268372059 
vn 0.005193531047552824 -0.0048367236740887165 0.005795713979750872 
vn 0.007772874087095261 0.0018077455461025238 0.004502372816205025 
vn 0.007343640550971031 -0.00005661147224600427 -0.005479473154991865 
vn 0.006240401417016983 -0.002973920898512006 0.006014159414917231 
vn 0.007748452480882406 -0.002835986902937293 0.003984412178397179 
vn 0.00786769762635231 -0.002628606278449297 0.003891867818310857 
vn 0.008014819584786892 -0.0025203723926097155 0.003656125860288739 
vn 0.008589174598455429 -0.000615664990618825 0.0031311148777604103 
vn 0.008041520603001118 0.0025410486850887537 0.0035824414808303118 
vn 0.0076352632604539394 0.0044830054976046085 0.0023584524169564247 
vn 0.006106553599238396 0.006827355362474918 0.0002327094553038478 
vn 0.00693513173609972 -0.002730807987973094 0.005329498089849949 
vn 0.007485693320631981 -0.002077566459774971 0.004858497530221939 
vn 0.007525211200118065 -0.0015735035995021462 0.0049851941876113415 
vn 0.008963081985712051 -0.000648478337097913 0.0017887030262500048 
vn 0.007860495708882809 0.0046797688119113445 0.000518884917255491 
vn 0.006394864059984684 0.005243712570518255 0.003945391625165939 
vn 0.006294265855103731 0.00563460448756814 0.0035482936073094606 
vn 0.006102452520281076 0.006611547898501158 0.0017333343857899308 
vn 0.0072928620502352715 0.004552486818283796 0.0031695300713181496 
vn 0.00816254410892725 0.0019087066175416112 0.0036995364353060722 
vn 0.006090350449085236 0.005841678474098444 0.0035692232195287943 
vn 0.007498867344111204 0.0035459690261632204 0.0038922971580177546 
vn 0.00662278663367033 0.00514909066259861 0.0036854420322924852 
vn 0.007758068852126598 0.0030823347624391317 0.0037773605436086655 
vn 0.008073505945503712 0.0020078483503311872 0.0038397808093577623 
vn 0.008000362664461136 0.0022367723286151886 0.0038662534207105637 
vn 0.0065552229061722755 0.002397282049059868 0.005936245899647474 
vn 0.008526312187314034 0.003352379659190774 0.0001428013201802969 
vn 0.007036804687231779 0.000950179120991379 -0.005791152361780405 
vn -0.0008081325795501471 -0.008963758125901222 -0.0017190090147778392 
vn 0.0005487091257236898 -0.009145542979240417 -0.00012239687202963978 
vn 0.004691396374255419 -0.00569547712802887 -0.005432247184216976 
vn 0.005347500089555979 -0.0057218968868255615 -0.004756164271384478 
vn 0.00671441201120615 0.0004392141418065876 -0.0062193796038627625 
vn 0.005586846731603146 -0.0060453568585217 -0.004024643450975418 
vn 0.0037589867133647203 -0.004991429392248392 -0.006701689679175615 
vn -0.0024100132286548615 -0.007991676218807697 -0.0037791477516293526 
vn 0.00314820883795619 -0.004706650972366333 -0.007203694432973862 
vn -0.002972317859530449 -0.007382614072412252 -0.0045408522710204124 
vn 0.0030094210524111986 -0.004523125942796469 -0.007378463167697191 
vn -0.0031977423932403326 -0.007114352658390999 -0.004808058962225914 
vn -0.003544860053807497 -0.006580607034265995 -0.005299676209688187 
vn 0.003093146486207843 -0.004170806612819433 -0.00754942512139678 
vn 0.003197307698428631 -0.0035153073258697987 -0.007834337651729584 
vn 0.0031841902527958155 0.0009726357529871166 -0.008536504581570625 
vn 0.008780410513281822 -0.0005853684269823134 -0.0025531486608088017 
vn 0.0028289523907005787 0.004633967764675617 -0.00738108204677701 
vn -0.003831573063507676 0.007026624400168657 -0.004461231641471386 
vn -0.005507032386958599 0.0016431385884061456 -0.0071365004405379295 
vn 0.007576522883027792 0.004098533187061548 -0.003123333677649498 
vn 0.007913891226053238 0.003779136808589101 -0.0026543028652668 
vn 0.007407145109027624 0.003779028542339802 -0.0038483806420117617 
vn 0.007278504781424999 0.003038311842828989 -0.004663574043661356 
vn 0.007046932354569435 0.0018075117841362953 -0.005570507142692804 
vn 0.0068115731701254845 0.0009035035036504269 -0.006061605643481016 
vn 0.006600901018828154 0.0028532687574625015 -0.005678370129317045 
vn 0.006966449785977602 0.003377784974873066 -0.004900617059320211 
vn 0.007321294862776995 0.003419996239244938 -0.00431962450966239 
vn 0.0074395122937858105 0.0034657130017876625 -0.004074232652783394 
vn 0.007589336019009352 0.0037043795455247164 -0.00355477724224329 
vn 0.007877740077674389 0.003758459584787488 -0.0027878431137651205 
vn 0.0017730675172060728 -0.006286422722041607 -0.0064260512590408325 
vn 0.0011018713703379035 -0.0062652151100337505 -0.006594693288207054 
vn 0.0008632938261143863 -0.00583843607455492 -0.0070088813081383705 
vn 0.001325682271271944 -0.00449324632063508 -0.00787466298788786 
vn 0.003046578960493207 -0.006388510577380657 -0.005819131154567003 
vn 0.003799107624217868 -0.004715702962130308 -0.006876475643366575 
vn 0.0031327269971370697 -0.004600625950843096 -0.007278548087924719 
vn 0.0031906976364552975 -0.003921769559383392 -0.007641738746315241 
vn 0.0008632629178464413 -0.004273376427590847 -0.008059159852564335 
vn 0.0015148931415751576 0.0013456554152071476 -0.008935957215726376 
vn 0.008782842196524143 -0.00033963166060857475 -0.002589048584923148 
vn 0.00792834721505642 -0.003389736171811819 -0.003099656431004405 
vn 0.007889213971793652 -0.0038940012454986572 -0.0025600651279091835 
vn 0.0027789620216935873 0.005040533374994993 -0.007129333913326263 
vn 0.0027114308904856443 0.005207896698266268 -0.007034412585198879 
vn -0.003620280884206295 0.007323989178985357 -0.004148463252931833 
vn 0.002952583134174347 0.005293964873999357 -0.006871185731142759 
vn -0.003453437704592943 0.007575695868581533 -0.0038261732552200556 
vn 0.003265411825850606 0.005625625140964985 -0.006453404203057289 
vn -0.003029236104339361 0.008066353388130665 -0.0031168360728770494 
vn 0.0038131840992718935 0.006213902961462736 -0.005550137721002102 
vn -0.00198871991597116 0.008767833933234215 -0.001768359448760748 
vn 0.004355582408607006 0.006196680944412947 -0.0051562609151005745 
vn -0.0012655772734433413 0.00904004741460085 -0.0007955357432365417 
vn 0.004412672482430935 0.006464520003646612 -0.004763956647366285 
vn 0.0007232351345010102 0.0089745307341218 0.0017005144618451595 
vn 0.005780932493507862 0.006683319341391325 -0.002423015655949712 
vn 0.006199922878295183 0.006659184116870165 -0.0010831208201125264 
vn 0.006936321966350079 0.00413860846310854 -0.004326229449361563 
vn -0.004541426431387663 0.0033223165664821863 -0.007231502793729305 
vn -0.004924576263874769 0.0020053295884281397 -0.0074621825478971004 
vn 0.001851878478191793 0.004001638852059841 -0.008032089099287987 
vn -0.004497388377785683 0.0006176866008900106 -0.007959204725921154 
vn 0.00067368452437222 0.008978699333965778 0.0016988615971058607 
vn -0.004541426431387663 0.0033223165664821863 -0.007231502793729305 
vn -0.00514173461124301 0.004441822413355112 -0.0061473362147808075 
vn 0.008874858729541302 0.0022687530145049095 0.0002155774855054915 
vn 0.004881959408521652 0.0016971405129879713 -0.007565920706838369 
vn 0.006623412948101759 0.0006507739308290184 -0.006297921296209097 
vn 0.006692433264106512 0.0001618055539438501 -0.006256362423300743 
vn 0.006764360703527927 -0.0004115432093385607 -0.006166926119476557 
vn 0.006971131544560194 -0.0010077474871650338 -0.005860432982444763 
vn 0.007120942696928978 -0.0028123052325099707 -0.0050338865257799625 
vn 0.0072325230576097965 -0.0016589335864409804 -0.005375448614358902 
vn 0.006766787730157375 -0.002829441800713539 -0.005491971969604492 
vn 0.006585786119103432 -0.002201580675318837 -0.005978075321763754 
vn 0.006617375183850527 -0.0016028446843847632 -0.006131733302026987 
vn 0.003391292877495289 -0.0006776817608624697 -0.008485097438097 
vn 0.004003031644970179 0.004937781486660242 -0.0065993210300803185 
vn 0.008865421637892723 0.002311896998435259 -0.00012750111636705697 
vn 0.005785432178527117 0.0038914091419428587 -0.00594496913254261 
vn -0.004223526921123266 -0.0004054419696331024 -0.008121232502162457 
vn 0.008359222672879696 0.0022779328282922506 -0.002981822704896331 
vn 0.007795580662786961 -0.0020597355905920267 -0.004352389369159937 
vn -0.004749638959765434 -0.001643614610657096 -0.0076613593846559525 
vn 0.005727881565690041 -0.004375101998448372 -0.005657455418258905 
vn 0.002967677777633071 -0.004019172862172127 -0.007680894806981087 
vn 0.006969134323298931 -0.004138179589062929 -0.0042735859751701355 
vn 0.008679790422320366 -0.0026908060535788536 -0.0011737318709492683 
vn 0.0024164856877177954 -0.0038843753281980753 -0.007939095608890057 
vn -0.004531321115791798 -0.0030368708539754152 -0.0073621682822704315 
vn 0.007372284773737192 -0.00221332092769444 -0.004970666486769915 
vn 0.007251597475260496 0.003007145831361413 -0.004725283477455378 
vn 0.006922610104084015 0.004370504524558783 -0.004114981275051832 
vn 0.00447502126917243 0.006404787302017212 -0.0047864243388175964 
vn 0.005249055102467537 0.00415693037211895 -0.0062549421563744545 
vn 0.005478811915963888 0.002833915175870061 -0.006775581277906895 
vn 0.005797077436000109 -0.002140800701454282 -0.006765190977603197 
vn 0.005770700518041849 -0.0037771076895296574 -0.006032363977283239 
vn 0.0050809141248464584 -0.004982322920113802 -0.0057721515186131 
vn 0.008776256814599037 -0.002578664105385542 -0.0005335191381163895 
vn 0.005964918062090874 -0.006656994111835957 -0.002015220932662487 
vn -0.004531321115791798 -0.0030368708539754152 -0.0073621682822704315 
vn 0.0012131655821576715 -0.009009337984025478 0.0011476405197754502 
vn -0.004831424914300442 -0.004595323000103235 -0.006284688599407673 
vn -0.005885575897991657 -0.00344648165628314 -0.006118717137724161 
vn -0.002801133319735527 -0.007028540596365929 0.005168197676539421 
vn -0.007460902910679579 -0.004222996067255735 0.003233901923522353 
vn 0.0021755341440439224 -0.008670716546475887 0.0020106579177081585 
vn 0.0064524817280471325 -0.006181882694363594 -0.0020265066996216774 
vn 0.005334177520126104 -0.0005320902564562857 -0.00743104238063097 
vn 0.004392270464450121 0.0001848943647928536 -0.008039325475692749 
vn 0.0033398077357560396 -0.006076227407902479 -0.005990170408040285 
vn 0.006474606692790985 0.0011454231571406126 -0.006381566636264324 
vn 0.005290358792990446 -0.006293666549026966 -0.004044604022055864 
vn 0.005503432359546423 -0.00571397366002202 -0.004584722686558962 
vn 0.005518380552530289 -0.005077757872641087 -0.005265054292976856 
vn 0.004942730534821749 -0.006492198444902897 -0.0041686613112688065 
vn 0.004249854478985071 -0.00657224515452981 -0.0047645894810557365 
vn 0.006413857918232679 0.0020869390573352575 -0.006201938726007938 
vn 0.006657682824879885 0.00032677085255272686 -0.006286923307925463 
vn 0.004402812570333481 -0.004731467925012112 -0.006495031528174877 
vn 0.005315884482115507 -0.0025639378000050783 -0.007008891087025404 
vn 0.005301893223077059 0.00043405385804362595 -0.007460460998117924 
vn 0.00520226638764143 0.0006425165920518339 -0.007515354547649622 
vn -0.001035174005664885 0.001433200086466968 -0.008990626782178879 
vn 0.00012086307106073946 0.006259709596633911 -0.006690175738185644 
vn -0.00006907760689500719 0.006925786845386028 -0.00599881075322628 
vn 0.0014609865611419082 0.005151021759957075 -0.007435692008584738 
vn 0.0035205590538680553 0.004322349093854427 -0.007271860726177692 
vn 0.003450946183875203 0.004806055221706629 -0.006996413692831993 
vn 0.0004139929369557649 0.00705362856388092 -0.005833691451698542 
vn 0.0010996621567755938 0.007043860852718353 -0.005756021477282047 
vn 0.007537524681538343 -0.002982937963679433 -0.004271379671990871 
vn 0.007638882379978895 -0.0031318985857069492 -0.003974364139139652 
vn 0.0076598734594881535 -0.0035931009333580732 -0.003517506178468466 
vn 0.007486589252948761 -0.0026036594063043594 -0.004596610553562641 
vn 0.0073734368197619915 -0.0027825506404042244 -0.004674049094319344 
vn 0.0021216729655861855 0.007037369068711996 -0.005470918491482735 
vn 0.003833427093923092 0.0050152069889009 -0.0066415006294846535 
vn 0.0051833041943609715 0.0030849846079945564 -0.006897332146763802 
vn 0.005043178331106901 0.00013578974176198244 -0.007648847997188568 
vn 0.0054746656678617 -0.0018678810447454453 -0.007106054574251175 
vn 0.00533225666731596 0.002583999652415514 -0.006989058572798967 
vn 0.005468086339533329 0.002684664912521839 -0.0068446737714111805 
vn 0.005280475597828627 0.0036599519662559032 -0.006532861851155758 
vn 0.004117387346923351 0.005093412473797798 -0.0064079053699970245 
vn 0.00457844790071249 0.005468427669256926 -0.005752485245466232 
vn 0.0036717543844133615 0.006662194617092609 -0.005107874050736427 
vn 0.004649344366043806 0.006055542733520269 -0.005066652782261372 
vn 0.005019733682274818 0.005756708327680826 -0.005061575211584568 
vn 0.0017480608075857162 0.005209645256400108 -0.007332182489335537 
vn 0.004729524254798889 0.005757234059274197 -0.00533318193629384 
vn 0.005725038703531027 -0.0019338111160323024 -0.006887760944664478 
vn 0.005603360012173653 -0.003218515543267131 -0.00649618823081255 
vn 0.005188805051147938 -0.004924521315842867 -0.005725586786866188 
vn -0.004708660766482353 -0.0066401176154613495 0.0042064618319272995 
vn -0.00543639762327075 -0.0063395253382623196 0.0037700068205595016 
vn -0.0031365288887172937 -0.006726178806275129 0.005373798776417971 
vn -0.0029060151427984238 -0.0029694230761379004 0.008166676387190819 
vn -0.003050213912501931 -0.0033742159139364958 0.007954110391438007 
vn -0.008211834356188774 -0.004064388107508421 -0.00005816542761749588 
vn -0.006449434440582991 -0.005112383980304003 0.0040280576795339584 
vn -0.006646061781793833 -0.0007991395541466773 -0.006256848108023405 
vn -0.005302028730511665 -0.002700186800211668 0.0069681014865636826 
vn -0.007595128379762173 0.0018507684580981731 0.004779703915119171 
vn -0.006918935105204582 0.00004994073242414743 -0.006006891839206219 
vn -0.006289688404649496 0.0013253166107460856 -0.006529953330755234 
vn -0.0074352119117975235 0.0035697619896382093 0.003991404548287392 
vn -0.007937286980450153 0.0036957208067178726 0.002701479708775878 
vn -0.006274678744375706 0.003079958027228713 -0.0059244572184979916 
vn -0.00731796957552433 0.0036615398712456226 0.004122782964259386 
vn -0.003349242964759469 0.006292436737567186 0.005757152568548918 
vn -0.002486638491973281 0.0021047263871878386 0.008564097806811333 
vn -0.0031540957279503345 0.0022899149917066097 0.008292464539408684 
vn -0.007561551872640848 0.004403103142976761 0.0027189154643565416 
vn -0.0061166598461568356 0.003825328079983592 0.005648917984217405 
vn -0.0065397475846111774 0.0024349759332835674 0.005937972571700811 
vn -0.006397735793143511 -0.002990897512063384 0.005837844684720039 
vn -0.005456843879073858 -0.004841240122914314 0.005544564686715603 
vn -0.006445400882512331 -0.00563178351148963 0.003270587883889675 
vn -0.008364741690456867 -0.0011915096547454596 0.003545172978192568 
vn -0.0075733959674835205 -0.0002645126369316131 0.005150785204023123 
vn -0.007591580506414175 0.000020001476514153183 0.005130729638040066 
vn -0.005976255051791668 -0.0062718200497329235 0.002984222723171115 
vn -0.0008081325795501471 -0.008963758125901222 -0.0017190090147778392 
vn -0.00707918219268322 -0.005542227998375893 0.0017679909942671657 
vn -0.0024100132286548615 -0.007991676218807697 -0.0037791477516293526 
vn -0.00740708876401186 -0.005287593696266413 0.0010645564179867506 
vn -0.002972317859530449 -0.007382614072412252 -0.0045408522710204124 
vn -0.005885575897991657 -0.00344648165628314 -0.006118717137724161 
vn -0.006060367915779352 -0.0016117125051096082 -0.006680662743747234 
vn -0.007191053591668606 0.0012863061856478453 0.005530918948352337 
vn -0.00751063646748662 0.0005304136429913342 0.0052216751500964165 
vn -0.007076057605445385 0.0026428187265992165 0.005186696071177721 
vn -0.007523600943386555 0.0018360076937824488 0.004897080361843109 
vn -0.007732631638646126 0.0007357420981861651 0.004860243294388056 
vn -0.008826063945889473 -0.0002474132052157074 0.0024487182963639498 
vn -0.006241724360734224 -0.006538067013025284 0.0015004946617409587 
vn -0.004760798066854477 -0.006806469522416592 0.003868299536406994 
vn -0.0047837127931416035 -0.006967955734580755 0.0035384532529860735 
vn -0.005219876300543547 -0.007031214889138937 0.002696639858186245 
vn -0.006068759132176638 -0.005644990596920252 0.003906555939465761 
vn -0.005254879128187895 -0.006365639623254538 0.003977667074650526 
vn -0.006937532220035791 -0.004432121757417917 0.004022915847599506 
vn -0.007765202317386866 -0.0028322096914052963 0.0039543770253658295 
vn -0.008000362664461136 0.0022367723286151886 0.0038662534207105637 
vn -0.007513144053518772 0.0035498973447829485 0.0038610599003732204 
vn -0.006090350449085236 0.005841678474098444 0.0035692232195287943 
vn -0.006379104219377041 0.005239878781139851 0.003975879866629839 
vn -0.00786011666059494 0.004684078507125378 0.0004846178344450891 
vn -0.008970033377408981 -0.0006442487938329577 0.0017550698248669505 
vn -0.008520872332155704 0.00110620039049536 0.0031824365723878145 
vn -0.00396379642188549 0.006321295630186796 0.005318507552146912 
vn 0.00067368452437222 0.008978699333965778 0.0016988615971058607 
vn -0.00514173461124301 0.004441822413355112 -0.0061473362147808075 
vn -0.006274678744375706 0.003079958027228713 -0.0059244572184979916 
vn 0.0007232351345010102 0.0089745307341218 0.0017005144618451595 
vn -0.005998631939291954 0.006002022884786129 0.0034567436669021845 
vn -0.0012655772734433413 0.00904004741460085 -0.0007955357432365417 
vn -0.0077000088058412075 0.00012129914830438793 0.004965080413967371 
vn -0.007525211200118065 -0.0015735035995021462 0.0049851941876113415 
vn -0.00630830368027091 0.005638543516397476 0.0035169676411896944 
vn -0.00662278663367033 0.00514909066259861 0.0036854420322924852 
vn -0.006996180862188339 0.004822603892534971 0.0034282433334738016 
vn -0.007775719743221998 0.003045913064852357 0.0037706056609749794 
vn -0.008073505945503712 0.0020078483503311872 0.0038397808093577623 
vn -0.007883907295763493 -0.0026247904170304537 0.0038615227676928043 
vn -0.0073722777888178825 -0.003886731108650565 0.003807851579040289 
vn -0.006462295074015856 -0.005489555653184652 0.003472815500572324 
vn -0.0070784143172204494 -0.005208790302276611 0.002592576900497079 
vn -0.005983985960483551 -0.006823043804615736 0.0012629019329324365 
vn -0.006497560068964958 0.002866460243239999 0.005789822433143854 
vn -0.0060761189088225365 0.002768254606053233 0.0062749083153903484 
vn -0.006341212894767523 0.002327260561287403 0.006191106978803873 
vn -0.0075632501393556595 -0.00509629026055336 0.0008842820534482598 
vn -0.0031977423932403326 -0.007114352658390999 -0.004808058962225914 
vn -0.003544860053807497 -0.006580607034265995 -0.005299676209688187 
vn -0.007769196294248104 -0.00476161390542984 0.0009609873523004353 
vn -0.00810626707971096 -0.004134191200137138 0.001074134255759418 
vn -0.009081807918846607 0.0006573109421879053 0.0010225102305412292 
vn -0.005507032386958599 0.0016431385884061456 -0.0071365004405379295 
vn -0.003831573063507676 0.007026624400168657 -0.004461231641471386 
vn -0.007968848571181297 0.00440902728587389 0.0010073756566271186 
vn -0.004621014464646578 -0.0010864553041756153 0.007837271317839622 
vn -0.004693897441029549 0.003088946919888258 0.007237589918076992 
vn -0.005001774989068508 0.0034615404438227415 0.006852514576166868 
vn -0.005602754652500153 0.0031409466173499823 0.00653456524014473 
vn -0.0058881561271846294 0.0027840938419103622 0.006444795057177544 
vn -0.006297608837485313 -0.0066552176140248775 -0.00007164185080910102 
vn -0.0073142764158546925 -0.005162369459867477 0.001951460144482553 
vn -0.00787108764052391 -0.0032279782462865114 0.0034033835399895906 
vn -0.008030029945075512 -0.002516494831070304 0.003625292330980301 
vn -0.00817587785422802 0.0019126845290884376 0.003667904296889901 
vn -0.008589174598455429 -0.000615664990618825 0.0031311148777604103 
vn -0.008042088709771633 0.002499327762052417 0.003610407467931509 
vn -0.007632378488779068 0.004436425864696503 0.0024539362639188766 
vn -0.007479202933609486 0.0044544958509504795 0.0028593495953828096 
vn -0.0060157328844070435 0.006833717692643404 0.0010335369734093547 
vn -0.0059949359856545925 0.0065004294738173485 0.0024004371371120214 
vn -0.007159234024584293 -0.0026579834520816803 0.005063338205218315 
vn -0.007485693320631981 -0.002077566459774971 0.004858497530221939 
vn -0.007655331864953041 -0.00044910539872944355 0.005015085451304913 
vn -0.0074763670563697815 -0.0012716440251097083 0.005142348352819681 
vn -0.006678029429167509 -0.0027315057814121246 0.005647983402013779 
vn -0.006389194633811712 0.005662360228598118 0.0033275815658271313 
vn -0.006616758182644844 0.005743738263845444 0.0026804665103554726 
vn -0.00198871991597116 0.008767833933234215 -0.001768359448760748 
vn -0.003029236104339361 0.008066353388130665 -0.0031168360728770494 
vn -0.007321682292968035 0.005183884408324957 0.0018647265387699008 
vn -0.00717635964974761 -0.0017872615717351437 0.005409478675574064 
vn -0.003453437704592943 0.007575695868581533 -0.0038261732552200556 
vn -0.007568632252514362 0.004983047489076853 0.0013571762247011065 
vn -0.003620280884206295 0.007323989178985357 -0.004148463252931833 
vn -0.006810071878135204 -0.0021867777686566114 0.005726939532905817 
vn -0.006418504752218723 -0.002840593922883272 0.005889885127544403 
vn -0.0062216115184128284 0.006724144797772169 0.0001853619614848867 
vn -0.00782991386950016 0.004319610074162483 0.0019975719042122364 
vn -0.008491051383316517 -0.0003301894757896662 0.0034278086386621 
vn -0.007575611583888531 -0.00500390725210309 0.0012360825203359127 
vn -0.006314171943813562 -0.006592233199626207 -0.0007941172225400805 
vn -0.006672058720141649 -0.00617842236533761 -0.0011258968152105808 
vn -0.007935441099107265 -0.004408435896039009 0.0012455275282263756 
vn -0.007794570177793503 -0.004661504179239273 -0.001213232520967722 
vn -0.008535223081707954 -0.00003585304875741713 0.0033324970863759518 
vn -0.008102165535092354 0.0038322503678500652 0.001904111704789102 
vn -0.0062007480300962925 0.006727278232574463 -0.000501380069181323 
vn -0.006099233869463205 -0.0031745273154228926 0.006056291051208973 
vn -0.00619092583656311 -0.0029799516778439283 0.00606211693957448 
vn -0.007616050541400909 0.004993049427866936 0.0010109985014423728 
vn -0.007706876378506422 0.004868671298027039 0.0009257318452000618 
vn -0.0043052672408521175 -0.004236785229295492 0.006889942567795515 
vn -0.005216394085437059 -0.003915145993232727 0.006435668095946312 
vn -0.005705920979380608 -0.003436983097344637 0.006291785277426243 
vn -0.006228819023817778 0.006631255615502596 -0.0010886647505685687 
vn -0.007856727577745914 0.004714611452072859 -0.00003381690112291835 
vn -0.008630918338894844 0.001106657786294818 -0.0028704358264803886 
vn -0.004785469733178616 -0.0038468625862151384 0.006801316048949957 
vn -0.004501168616116047 -0.0009361992706544697 0.007925906218588352 
vn -0.004693897441029549 0.003088946919888258 0.007237589918076992 
vn -0.009110617451369762 0.0008469974854961038 -0.0004858665633946657 
vn -0.006902647204697132 0.005934375338256359 -0.0010457333410158753 
vn -0.005369078833609819 0.0030764087568968534 0.006757636554539204 
vn -0.007690218277275562 -0.004923592787235975 -0.0007587242289446294 
vn 0.0008081325795501471 -0.009110276587307453 -0.0005538988625630736 
vn -0.004715790972113609 -0.006860071327537298 0.0038285378832370043 
vn -0.0005179595318622887 -0.008889096789062023 -0.002161641139537096 
vn -0.005347500089555979 -0.006721341051161289 0.0031913595739752054 
vn -0.005586846731603146 -0.006853608414530754 0.002402528654783964 
vn -0.00671441201120615 -0.0011143502779304981 0.006134477443993092 
vn -0.0068115731701254845 -0.0006254531908780336 0.006096571683883667 
vn -0.0037295890506356955 -0.006497596390545368 0.005275263451039791 
vn 0.0024100132286548615 -0.008678542450070381 0.001682777306996286 
vn -0.00314820883795619 -0.006343703251332045 0.005814052652567625 
vn 0.002972317859530449 -0.008277039043605328 0.0025715657975524664 
vn -0.0029777546878904104 -0.0062109134159982204 0.006042725872248411 
vn 0.0031977423932403326 -0.008083289489150047 0.0028968730475753546 
vn 0.0035718614235520363 -0.007685177028179169 0.003483798820525408 
vn -0.003093146486207843 -0.005910144653171301 0.006281690672039986 
vn -0.003197307698428631 -0.005345597863197327 0.006720030680298805 
vn -0.0031841902527958155 -0.0011712468694895506 0.008511528372764587 
vn -0.008780410513281822 -0.0011992896907031536 0.00232871831394732 
vn -0.0028614625334739685 0.002663623308762908 0.008286986500024796 
vn 0.003803519532084465 0.005700745154172182 0.006082082632929087 
vn 0.005507032386958599 -0.00017498662055004388 0.0073211281560361385 
vn -0.0075615933164954185 0.003193708136677742 0.004071782808750868 
vn -0.0079012056812644 0.003000265220180154 0.00353923998773098 
vn -0.007407145109027624 0.0027085221372544765 0.0046642255038022995 
vn -0.007298035081475973 0.0017925885040313005 0.005242347251623869 
vn -0.007046932354569435 0.0003720010572578758 0.005844593048095703 
vn -0.006600901018828154 0.0013584905536845326 0.006208021659404039 
vn -0.007421636022627354 0.002345350570976734 0.00483482563868165 
vn -0.007302520796656609 0.0022403676994144917 0.005060715600848198 
vn -0.006966449785977602 0.0020592431537806988 0.005584352649748325 
vn -0.007605361752212048 0.002712715184316039 0.004330881405621767 
vn -0.007877740077674389 0.002951177768409252 0.0036316164769232273 
vn -0.0017730675172060728 -0.007681746035814285 0.004669478628784418 
vn -0.0011018713703379035 -0.007702953647822142 0.00483812065795064 
vn -0.0008632938261143863 -0.007392013445496559 0.005345080513507128 
vn -0.0012916105333715677 -0.006303838454186916 0.006523065734654665 
vn -0.003076079534366727 -0.007628115825355053 0.00403814110904932 
vn -0.0037695239298045635 -0.006273692939430475 0.005512572359293699 
vn -0.003164002439007163 -0.006257662549614906 0.005898113828152418 
vn -0.0031906976364552975 -0.005691717844456434 0.006432790774852037 
vn -0.0008632629178464413 -0.0061357286758720875 0.006750158499926329 
vn -0.0015148931415751576 -0.0009087442304007709 0.00899090152233839 
vn -0.008782842196524143 -0.0009700928931124508 0.00242434348911047 
vn -0.007917300797998905 -0.00405574357137084 0.0021963987965136766 
vn -0.007889213971793652 -0.0044066160917282104 0.001516217365860939 
vn -0.0027789620216935873 0.0031183999963104725 0.008155363611876965 
vn -0.0027114308904856443 0.0033040540292859077 0.008104836568236351 
vn 0.003620280884206295 0.006068806163966656 0.005832679569721222 
vn -0.0029204178135842085 0.0034262819681316614 0.007980523630976677 
vn 0.003453437704592943 0.006392472889274359 0.005582746118307114 
vn -0.0032967734150588512 0.00385443982668221 0.007630961947143078 
vn 0.003029236104339361 0.007043482270091772 0.0050169797614216805 
vn -0.0038131840992718935 0.004646236076951027 0.006915858946740627 
vn 0.0019603928085416555 0.00805455632507801 0.0039035892114043236 
vn -0.004355582408607006 0.004727072548121214 0.006529982201755047 
vn 0.0012655772734433413 0.008561601862311363 0.0030090385116636753 
vn -0.004412672482430935 0.005083704367280006 0.006216208450496197 
vn -0.0007095991168171167 0.009108946658670902 0.0006932413671165705 
vn -0.005714266560971737 0.005896331276744604 0.00406661769375205 
vn 0.0004097562050446868 0.00894265715032816 0.001953971339389682 
vn -0.005432496778666973 0.006393373478204012 0.003683707443997264 
vn 0.004516536369919777 0.0011470519239082932 0.007889369502663612 
vn -0.0034092895220965147 0.0023031607270240784 0.008187135681509972 
vn 0.004410153720527887 -0.0003839040291495621 0.00802247691899538 
vn 0.005238736048340797 0.0022809088695794344 0.007163104135543108 
vn -0.008741569705307484 0.002254672348499298 0.0015678819036111236 
vn -0.004881959408521652 -0.00022898855968378484 0.007750548422336578 
vn -0.006623412948101759 -0.0009288243018090725 0.006262954790145159 
vn -0.006692433264106512 -0.0013922782381996512 0.006101623643189669 
vn -0.006741206627339125 -0.0019288393668830395 0.00589852686971426 
vn -0.006949204485863447 -0.0024307246785610914 0.0054550012573599815 
vn -0.007120942696928978 -0.003971106372773647 0.004180836025625467 
vn -0.0072124614380300045 -0.002941732993349433 0.004825298674404621 
vn -0.006745912600308657 -0.004104573279619217 0.004647800698876381 
vn -0.006585786119103432 -0.0036131744273006916 0.005246838554739952 
vn -0.006617375183850527 -0.003071125829592347 0.005543956067413092 
vn -0.003423315240070224 -0.002755816327407956 0.00804011058062315 
vn -0.004003031644970179 0.0031500759068876505 0.007616413291543722 
vn -0.008501536212861538 0.00233149784617126 0.0024989708326756954 
vn -0.0013765639159828424 0.0018770901951938868 0.008862202055752277 
vn -0.003062616800889373 0.0018150361720472574 0.008442927151918411 
vn 0.004054156132042408 -0.001598310424014926 0.008060161955654621 
vn -0.003740915795788169 -0.0001853297435445711 0.008362308144569397 
vn 0.003864845959469676 -0.002845032373443246 0.007805494591593742 
vn -0.003336338559165597 -0.003979078959673643 0.007549355737864971 
vn 0.004179969895631075 -0.003856784664094448 0.007184012793004513 
vn -0.003531202208250761 -0.005823665764182806 0.006129642948508263 
vn -0.003434473183006048 -0.005979299545288086 0.006034017540514469 
vn -0.008619096130132675 -0.0031092262361198664 0.000027039477572543547 
vn -0.00668335659429431 -0.005274375434964895 0.0033868306782096624 
vn -0.007302520796656609 -0.003423619782552123 0.004348438233137131 
vn -0.007081279065459967 0.0015925754560157657 0.005592503119260073 
vn -0.006383399944752455 0.0031651619356125593 0.005761152599006891 
vn -0.00447502126917243 0.005020269192755222 0.006223187316209078 
vn -0.005276271607726812 0.00248146615922451 0.007068255450576544 
vn -0.005451427306979895 0.0010654404759407043 0.007287230808287859 
vn -0.005822759587317705 -0.0037462792824953794 0.006001483649015427 
vn -0.005746753420680761 -0.0051562003791332245 0.004934102762490511 
vn -0.0050809141248464584 -0.006256348453462124 0.004358828067779541 
vn -0.008829592727124691 -0.0021480892319232225 -0.0011750886915251613 
vn -0.003892432665452361 -0.0058586434461176395 0.005872158799320459 
vn 0.003988882526755333 -0.005167484283447266 0.006429845467209816 
vn -0.006832519546151161 -0.005998227279633284 -0.0011379180941730738 
vn -0.0022192224860191345 -0.007634446024894714 -0.0045549203641712666 
vn 0.004657812882214785 -0.006083027459681034 0.005025786347687244 
vn 0.00609741872176528 -0.004920659586787224 0.0047503188252449036 
vn 0.001596525777131319 -0.004811579827219248 -0.007632615510374308 
vn 0.007306722458451986 -0.003942403011023998 -0.0038763585034757853 
vn 0.007079661823809147 -0.003965334035456181 -0.004255751613527536 
vn 0.006748099345713854 -0.0036239379551261663 0.005028632469475269 
vn 0.006937077268958092 -0.0036953540984541178 -0.004709375556558371 
vn 0.007347882259637117 -0.002365530002862215 0.004936576820909977 
vn 0.008155868388712406 -0.0018234207527711987 -0.003756834426894784 
vn 0.0076910350471735 0.002704357961192727 -0.004182260949164629 
vn 0.007225227542221546 -0.0013921220088377595 0.00546030979603529 
vn 0.00846992526203394 0.0034825343172997236 0.0002986174658872187 
vn 0.006624171976000071 -0.0007700280984863639 0.006283655297011137 
vn 0.006335901096463203 -0.000006300515451584943 0.0066191572695970535 
vn 0.008584048599004745 0.003201114945113659 -0.00015432252257596701 
vn 0.0077185723930597305 0.00415231566876173 -0.0026718522422015667 
vn 0.006251187063753605 0.0016750164795666933 0.006486440543085337 
vn 0.005794229451566935 0.0070953951217234135 0.00019802412134595215 
vn 0.005238736048340797 0.0022809088695794344 0.007163104135543108 
vn 0.0004097562050446868 0.00894265715032816 0.001953971339389682 
vn -0.0007095991168171167 0.009108946658670902 0.0006932413671165705 
vn 0.00414162315428257 0.007420903537422419 -0.0034255115315318108 
vn 0.0032678116112947464 0.0041249822825193405 -0.007500861771404743 
vn 0.0036921065766364336 0.004242421127855778 -0.007233754266053438 
vn 0.006163627840578556 0.005067004822194576 -0.004504673648625612 
vn 0.006434198934584856 0.0037749113980680704 -0.005320530850440264 
vn 0.005957488436251879 -0.001278603682294488 -0.006843277253210545 
vn 0.005273104645311832 -0.0032208540942519903 -0.006765901576727629 
vn 0.001087357522919774 -0.00020309892715886235 -0.009095791727304459 
vn 0.0010864960495382547 0.00007718243432464078 -0.00909783411771059 
vn 0.0027779145166277885 -0.004927738104015589 -0.007208161987364292 
vn -0.0024838601239025593 -0.007585098501294851 -0.004500414710491896 
vn -0.006610772106796503 -0.006342198234051466 0.0001764377229847014 
vn -0.005334177520126104 -0.002355413744226098 0.007067922968417406 
vn -0.004361923784017563 -0.0018134311540052295 0.007851245813071728 
vn -0.0033398077357560396 -0.007370173465460539 0.004299212712794542 
vn -0.006474606692790985 -0.00047028696280904114 0.006466468796133995 
vn -0.005290358792990446 -0.007099128793925047 0.0023603877052664757 
vn -0.005523147061467171 -0.006667667999863625 0.002998999087139964 
vn -0.005518380552530289 -0.006223257165402174 0.003843890503048897 
vn -0.004961961414664984 -0.0073186070658266544 0.002402892801910639 
vn -0.004249854478985071 -0.007547298446297646 0.002988980384543538 
vn -0.006413857918232679 0.0004863884823862463 0.00652554864063859 
vn -0.006681371014565229 -0.00123686995357275 0.006147060077637434 
vn -0.0044304183684289455 -0.006189682520925999 0.005100608337670565 
vn -0.005315884482115507 -0.004219474270939827 0.006155840586870909 
vn -0.0052736671641469 -0.0014291300904005766 0.007355473004281521 
vn -0.00520226638764143 -0.0012382552959024906 0.007440437562763691 
vn 0.001035174005664885 -0.0008374613244086504 0.009065544232726097 
vn -0.00015539088053628802 0.0044084289111196995 0.008031103760004044 
vn 0.00006907760689500719 0.0052248649299144745 0.007526821456849575 
vn -0.001494976575486362 0.0031503771897405386 0.008473321795463562 
vn -0.0035205590538680553 0.002387288259342313 0.008115633390843868 
vn -0.003450946183875203 0.0029241328593343496 0.00796852633357048 
vn -0.0004139929369557649 0.005389608908444643 0.0073984963819384575 
vn -0.0010996621567755938 0.00539937661960721 0.007320826407521963 
vn -0.007521668914705515 -0.003951471298933029 0.0034303434658795595 
vn -0.007624228950589895 -0.004022326320409775 0.0031062685884535313 
vn -0.0076598734594881535 -0.004352142568677664 0.002518348628655076 
vn -0.007503567263484001 -0.003656927961856127 0.0037789212074130774 
vn -0.007355984766036272 -0.003856909228488803 0.00386919011361897 
vn -0.002088898094370961 0.005462313070893288 0.007053839508444071 
vn -0.003802884602919221 0.003212632844224572 0.007692466955631971 
vn -0.0051833041943609715 0.0012811823980882764 0.007446401286870241 
vn -0.005014318041503429 -0.0017646346241235733 0.007463219575583935 
vn -0.0054746656678617 -0.003569147316738963 0.006422318518161774 
vn -0.00533225666731596 0.0007730851648375392 0.007411230355501175 
vn -0.005468086339533329 0.0009063652832992375 0.007296265102922916 
vn -0.005280475597828627 0.0019284883746877313 0.007235638797283173 
vn -0.004117387346923351 0.0033482545986771584 0.007469491101801395 
vn -0.004606479313224554 0.0038763899356126785 0.00690730893984437 
vn -0.0036717543844133615 0.005190072115510702 0.00659836083650589 
vn -0.0046223802492022514 0.004609823692589998 0.006429626606404781 
vn -0.004993659909814596 0.004321410786360502 0.006351829506456852 
vn -0.0017480608075857162 0.003232021816074848 0.008393767289817333 
vn -0.00470231007784605 0.004254844039678574 0.006613740231841803 
vn -0.005698876455426216 -0.003581799566745758 0.006216950248926878 
vn -0.005603360012173653 -0.004726727958768606 0.005497030448168516 
vn -0.005188805051147938 -0.006188817787915468 0.004328024107962847 
vn 0.004708660766482353 -0.00539186829701066 -0.005719549022614956 
vn 0.00543639762327075 -0.005208699032664299 -0.005222258623689413 
vn 0.0075733959674835205 0.001019033370539546 -0.005055900197476149 
vn 0.008378575555980206 -0.00028060071053914726 -0.0036983236204832792 
vn 0.006445400882512331 -0.004646647721529007 -0.004563156049698591 
vn 0.006956431549042463 -0.003301682649180293 -0.0049662720412015915 
vn 0.007748452480882406 -0.0017611626535654068 -0.004562528803944588 
vn 0.008000362664461136 0.0031243932899087667 -0.0031920578330755234 
vn 0.007498867344111204 0.004399274475872517 -0.0028931396082043648 
vn 0.006090350449085236 0.006543511990457773 -0.002011718228459358 
vn 0.007570917718112469 0.00493504898622632 -0.0015110854292288423 
vn 0.008509255945682526 0.0018637790344655514 -0.0028417855501174927 
vn 0.005998631939291954 0.006671014241874218 -0.0018630406120792031 
vn 0.0012655772734433413 0.008561601862311363 0.0030090385116636753 
vn 0.006376111879944801 0.006313938181847334 -0.0018537294818088412 
vn 0.0019603928085416555 0.00805455632507801 0.0039035892114043236 
vn 0.0077000088058412075 0.0013468527467921376 -0.004780452698469162 
vn 0.008963081985712051 -0.00018541261670179665 -0.0018935693660750985 
vn 0.007860495708882809 0.004662530962377787 0.0006559599423781037 
vn 0.006394864059984684 0.006057302467525005 -0.00252422783523798 
vn 0.007525211200118065 -0.00029019973590038717 -0.005219565238803625 
vn 0.007655331864953041 0.0008065896108746529 -0.004970130044966936 
vn 0.006606940645724535 0.0062327031046152115 -0.0012077537830919027 
vn 0.003029236104339361 0.007043482270091772 0.0050169797614216805 
vn 0.007327203638851643 0.005479920655488968 -0.0004893371369689703 
vn 0.003453437704592943 0.006392472889274359 0.005582746118307114 
vn 0.0075718495063483715 0.005159629508852959 -0.000046990786358946934 
vn 0.003620280884206295 0.006068806163966656 0.005832679569721222 
vn 0.00717635964974761 -0.0003922512987628579 -0.005683564115315676 
vn 0.0074763670563697815 0.00004117144999327138 -0.005297086667269468 
vn 0.007485693320631981 -0.0008099374244920909 -0.005221616942435503 
vn 0.006294265855103731 0.006337703205645084 -0.0020427110139280558 
vn 0.00662278663367033 0.005901264026761055 -0.0022958002518862486 
vn 0.007008947432041168 0.005517255049198866 -0.002095581265166402 
vn 0.007775719743221998 0.0038846582174301147 -0.0028990486171096563 
vn 0.008073505945503712 0.0028960425406694412 -0.0032230899669229984 
vn 0.00786769762635231 -0.0015831529162824154 -0.004421519581228495 
vn 0.007389542181044817 -0.002826648997142911 -0.004621861968189478 
vn 0.006068759132176638 -0.004501980729401112 -0.005182592663913965 
vn 0.005254879128187895 -0.005182584747672081 -0.0054299188777804375 
vn 0.004807007499039173 -0.005878085270524025 -0.005128133576363325 
vn 0.004760798066854477 -0.005636767949908972 -0.005433104000985622 
vn 0.007505429908633232 0.0029950030148029327 -0.0043191853910684586 
vn 0.005200318992137909 -0.006141048390418291 -0.0043819136917591095 
vn 0.006462295074015856 -0.004458777606487274 -0.004723872523754835 
vn 0.0070784143172204494 -0.004404697101563215 -0.0038015248719602823 
vn 0.0059949359856545925 0.0068923658691346645 -0.00071622064569965 
vn 0.008014819584786892 -0.0015366574516519904 -0.004166319500654936 
vn 0.007856051437556744 -0.002280921908095479 -0.004127555526793003 
vn 0.008589174598455429 0.00017875380581244826 -0.0031860587187111378 
vn 0.00816254410892725 0.002765263896435499 -0.003111759200692177 
vn 0.008055046200752258 0.0033114287070930004 -0.002847373252734542 
vn 0.008491051383316517 0.0005288006504997611 -0.0034028321970254183 
vn 0.007575611583888531 -0.004542055539786816 -0.0024365391582250595 
vn 0.0073142764158546925 -0.004518459085375071 -0.003168876748532057 
vn 0.005983985960483551 -0.006297909654676914 -0.0029129330068826675 
vn 0.007076057605445385 0.003844731952995062 -0.0043708509765565395 
vn 0.006475441157817841 0.004214056301862001 -0.004926186520606279 
vn 0.006297608837485313 -0.006465735845267773 -0.0015783892013132572 
vn 0.00631388695910573 -0.006579274777323008 -0.0008971620700322092 
vn 0.007935441099107265 -0.003962785936892033 -0.0022982540540397167 
vn 0.007794570177793503 -0.004816751927137375 0.00002129046515619848 
vn 0.008535223081707954 0.0007903737714514136 -0.0032376120798289776 
vn 0.008630918338894844 0.0003614941088017076 0.003055064007639885 
vn 0.009108324535191059 0.0006960193859413266 0.0007147027063183486 
vn 0.006902647204697132 0.005490681156516075 0.002482496201992035 
vn 0.007856727577745914 0.004559442400932312 0.0012000794522464275 
vn 0.008108028210699558 0.0041801235638558865 -0.0008621566812507808 
vn 0.006672058720141649 -0.006264815106987953 -0.00043890782399103045 
vn 0.007690218277275562 -0.004958145786076784 -0.0004839579632971436 
vn 0.006228819023817778 0.0061552333645522594 0.0026966349687427282 
vn 0.00782991386950016 0.0046797022223472595 -0.0008658595033921301 
vn 0.006193377543240786 0.006389465183019638 0.0021848888136446476 
vn 0.007624039426445961 0.004910056479275227 -0.0013123464304953814 
vn 0.007489209529012442 0.0050196340307593346 -0.0016345962649211287 
vn 0.0060166260227561 0.00687252776697278 0.0007249227492138743 
vn 0.006225133314728737 0.006564960815012455 0.0014511835761368275 
vn 0.006074128672480583 -0.0015732035972177982 -0.006677344441413879 
vn 0.006418504752218723 -0.001293840236030519 -0.00640981225296855 
vn 0.006678029429167509 -0.0012480424484238029 -0.006148432847112417 
vn 0.007159234024584293 -0.0013215647777542472 -0.005563788115978241 
vn 0.006810071878135204 -0.0007007261738181114 -0.006090058479458094 
vn 0.00619092583656311 -0.0013862153282389045 -0.00661118607968092 
vn 0.007617695722728968 0.005083593539893627 0.0002909957547672093 
vn 0.003803519532084465 0.005700745154172182 0.006082082632929087 
vn 0.007708192802965641 0.004941975232213736 0.0003428242343943566 
vn 0.005216394085437059 -0.0021998013835400343 -0.007204656023532152 
vn 0.005679579451680183 -0.0017693516565486789 -0.00696912594139576 
vn 0.004756578244268894 -0.0020407349802553654 -0.007560908328741789 
vn 0.004501168616116047 0.0010553674073889852 -0.007910920307040215 
vn 0.004722283687442541 0.00478230370208621 -0.006227887235581875 
vn 0.005369078833609819 0.004653779324144125 -0.005785523448139429 
vn 0.0058633387088775635 0.0042961109429597855 -0.005578677635639906 
vn 0.0060761189088225365 0.004235698841512203 -0.0053941234946250916 
vn 0.007170414552092552 0.002619146602228284 -0.00506775313988328 
vn 0.006341212894767523 0.0037876868154853582 -0.005422119051218033 
vn 0.005602754652500153 0.00466107577085495 -0.005553418304771185 
vn 0.005001774989068508 0.005050410516560078 -0.0057820905931293964 
vn 0.004722283687442541 0.00478230370208621 -0.006227887235581875 
vn 0.004621014464646578 0.0008878441876731813 -0.00786224752664566 
vn 0.004335085861384869 -0.0024011346977204084 -0.007707046344876289 
vn 0.007970720529556274 0.0045168581418693066 0.00014990984345786273 
vn 0.009078209288418293 0.000894306693226099 -0.0008620666922070086 
vn 0.005507032386958599 -0.00017498662055004388 0.0073211281560361385 
vn 0.0035718614235520363 -0.007685177028179169 0.003483798820525408 
vn 0.00810626707971096 -0.003739516716450453 -0.0020642958115786314 
vn 0.007775884121656418 -0.004379655700176954 -0.002076322678476572 
vn 0.0075632501393556595 -0.004718665964901447 -0.0021185660734772682 
vn 0.0031977423932403326 -0.008083289489150047 0.0028968730475753546 
vn 0.002972317859530449 -0.008277039043605328 0.0025715657975524664 
vn 0.00740708876401186 -0.004859377630054951 -0.0023405931424349546 
vn 0.0024100132286548615 -0.008678542450070381 0.001682777306996286 
vn 0.00707918219268322 -0.004931916482746601 -0.0030851715710014105 
vn 0.0008081325795501471 -0.009110276587307453 -0.0005538988625630736 
vn 0.005976255051791668 -0.00533765833824873 -0.004444177728146315 
vn 0.007591580506414175 0.0012897230917587876 -0.004966024775058031 
vn 0.007732631638646126 0.001916207023896277 -0.004526746459305286 
vn 0.008826063945889473 0.0003665814292617142 -0.0024337321519851685 
vn 0.006241724360734224 -0.005962979514151812 -0.003072568913921714 
vn 0.007530058268457651 0.0018031873041763902 -0.0048993490636348724 
vn -0.0008081325795501471 -0.009110276587307453 -0.0005538988625630736 
vn 0.0005487091257236898 -0.008891087956726551 -0.002145807258784771 
vn 0.004691396374255419 -0.006863139104098082 0.0038529334124177694 
vn 0.005347500089555979 -0.006721341051161289 0.0031913595739752054 
vn 0.00671441201120615 -0.0011143502779304981 0.006134477443993092 
vn 0.005586846731603146 -0.006853608414530754 0.002402528654783964 
vn 0.0037589867133647203 -0.006495320703834295 0.005257168784737587 
vn -0.0024100132286548615 -0.008678542450070381 0.001682777306996286 
vn 0.00314820883795619 -0.006343703251332045 0.005814052652567625 
vn -0.002972317859530449 -0.008277039043605328 0.0025715657975524664 
vn 0.0030094210524111986 -0.006209164392203093 0.006028819363564253 
vn -0.0031977423932403326 -0.008083289489150047 0.0028968730475753546 
vn -0.003544860053807497 -0.0076878853142261505 0.003505336120724678 
vn 0.003093146486207843 -0.005910144653171301 0.006281690672039986 
vn 0.003197307698428631 -0.005345597863197327 0.006720030680298805 
vn 0.0031841902527958155 -0.0011712468694895506 0.008511528372764587 
vn 0.008780410513281822 -0.0011992896907031536 0.00232871831394732 
vn 0.0028289523907005787 0.002662161597982049 0.008298610337078571 
vn -0.003831573063507676 0.005703260190784931 0.006062083877623081 
vn -0.005507032386958599 -0.00017498662055004388 0.0073211281560361385 
vn 0.007576522883027792 0.0031975966412574053 0.004040861502289772 
vn 0.007913891226053238 0.003004275029525161 0.0035073538310825825 
vn 0.007407145109027624 0.0027085221372544765 0.0046642255038022995 
vn 0.007278504781424999 0.0017890307353809476 0.005270638503134251 
vn 0.007046932354569435 0.0003720010572578758 0.005844593048095703 
vn 0.0068115731701254845 -0.0006254531908780336 0.006096571683883667 
vn 0.006600901018828154 0.0013584905536845326 0.006208021659404039 
vn 0.0069845388643443584 0.00202183541841805 0.005575419403612614 
vn 0.007321294862776995 0.002243991242721677 0.00503190141171217 
vn 0.0074395122937858105 0.0023490421008318663 0.004805469885468483 
vn 0.007589336019009352 0.002708892337977886 0.004361280705779791 
vn 0.007877740077674389 0.002951177768409252 0.0036316164769232273 
vn 0.0017730675172060728 -0.007681746035814285 0.004669478628784418 
vn 0.0011018713703379035 -0.007702953647822142 0.00483812065795064 
vn 0.0008632938261143863 -0.007392013445496559 0.005345080513507128 
vn 0.001325682271271944 -0.0063030715100467205 0.00651696790009737 
vn 0.003046578960493207 -0.007630384527146816 0.00405617943033576 
vn 0.003799107624217868 -0.0062714554369449615 0.0054947808384895325 
vn 0.0031327269971370697 -0.006259513087570667 0.0059128268621861935 
vn 0.0031906976364552975 -0.005691717844456434 0.006432790774852037 
vn 0.0008632629178464413 -0.0061357286758720875 0.006750158499926329 
vn 0.0015148931415751576 -0.0009087442304007709 0.00899090152233839 
vn 0.008782842196524143 -0.0009700928931124508 0.00242434348911047 
vn 0.00012086307106073946 0.0044083488173782825 0.008031741715967655 
vn -0.001035174005664885 -0.0008374613244086504 0.009065544232726097 
vn 0.005201471969485283 -0.0012778103118762374 0.007434302009642124 
vn 0.005301893223077059 -0.0014266358921304345 0.007335638627409935 
vn 0.005315884482115507 -0.004219474270939827 0.006155840586870909 
vn 0.004402812570333481 -0.006192285567522049 0.005121310241520405 
vn 0.004249854478985071 -0.007547298446297646 0.002988980384543538 
vn 0.006413857918232679 0.0004863884823862463 0.00652554864063859 
vn 0.006657682824879885 -0.001240016077645123 0.006172077730298042 
vn 0.0064524817280471325 -0.006491154432296753 0.00043280364479869604 
vn 0.0021755341440439224 -0.007902911864221096 -0.004094881471246481 
vn 0.0012131655821576715 -0.008444668725132942 -0.0033425765577703714 
vn -0.002801133319735527 -0.005530075635761023 -0.0067475116811692715 
vn -0.005862365942448378 -0.004825027193874121 0.005129202269017696 
vn -0.004949008114635944 -0.005880970973521471 0.0049878316931426525 
vn -0.0045589422807097435 -0.0047295247204601765 0.006387848872691393 
vn 0.005964918062090874 -0.006948677822947502 0.0003042339812964201 
vn 0.008776256814599037 -0.0026304705534130335 -0.00012155779404565692 
vn 0.0024164856877177954 -0.005729111842811108 0.006730147171765566 
vn -0.0045589422807097435 -0.0047295247204601765 0.006387848872691393 
vn 0.002967677777633071 -0.0057957833632826805 0.0064466106705367565 
vn -0.004705037921667099 -0.0035293048713356256 0.007025923579931259 
vn 0.0014609865611419082 0.003149595344439149 0.008479539304971695 
vn 0.008679790422320366 -0.0028976344037801027 0.00047095518675632775 
vn 0.006969134323298931 -0.005067451391369104 0.0031159280333667994 
vn 0.005727881565690041 -0.0056396359577775 0.004398047924041748 
vn 0.007372284773737192 -0.0033751195296645164 0.004267890006303787 
vn 0.007795580662786961 -0.0030732336454093456 0.0037068906240165234 
vn 0.007251597475260496 0.0017435562331229448 0.005322709679603577 
vn 0.008359222672879696 0.0014687208458781242 0.0034529848489910364 
vn -0.004223526921123266 -0.0024035966489464045 0.007767980918288231 
vn 0.005785432178527117 0.002298298291862011 0.006723358295857906 
vn -0.004497388377785683 -0.001372207305394113 0.00786431971937418 
vn 0.001851878478191793 0.001888334983959794 0.00877278484404087 
vn -0.004924576263874769 0.00009528956434223801 0.0077263470739126205 
vn 0.006936321966350079 0.002938593039289117 0.005216225981712341 
vn -0.004541426431387663 0.0014283854980021715 0.007828929461538792 
vn 0.006208222825080156 0.006146998610347509 0.0027621202170848846 
vn 0.005780932493507862 0.0058752973563969135 0.004002329893410206 
vn 0.008874858729541302 0.0022514881566166878 0.00035286732600070536 
vn 0.008865421637892723 0.0022083441726863384 0.0006959459278732538 
vn 0.006922610104084015 0.0032155727967619896 0.005068971309810877 
vn 0.005478811915963888 0.0010680754203349352 0.007266277447342873 
vn 0.005797077436000109 -0.0037491731345653534 0.006024494767189026 
vn 0.005770700518041849 -0.005153086502104998 0.004909344017505646 
vn 0.0050809141248464584 -0.006256348453462124 0.004358828067779541 
vn 0.005334177520126104 -0.002355413744226098 0.007067922968417406 
vn 0.006474606692790985 -0.00047028696280904114 0.006466468796133995 
vn 0.004392270464450121 -0.0018113615224137902 0.007834788411855698 
vn 0.0033398077357560396 -0.007370173465460539 0.004299212712794542 
vn 0.005290358792990446 -0.007099128793925047 0.0023603877052664757 
vn 0.004942730534821749 -0.0073221949860453606 0.002431426662951708 
vn 0.005518380552530289 -0.006223257165402174 0.003843890503048897 
vn 0.005503432359546423 -0.006671216804534197 0.0030272179283201694 
vn 0.005603360012173653 -0.004726727958768606 0.005497030448168516 
vn 0.005725038703531027 -0.0035789760295301676 0.006194497924298048 
vn 0.005468086339533329 0.0009063652832992375 0.007296265102922916 
vn 0.0054746656678617 -0.003569147316738963 0.006422318518161774 
vn 0.005043178331106901 -0.0017622568411752582 0.007444310933351517 
vn 0.0051833041943609715 0.0012811823980882764 0.007446401286870241 
vn 0.00533225666731596 0.0007730851648375392 0.007411230355501175 
vn 0.005280475597828627 0.0019284883746877313 0.007235638797283173 
vn 0.005249055102467537 0.002478804439306259 0.007089422084391117 
vn 0.00447502126917243 0.005020269192755222 0.006223187316209078 
vn 0.004003031644970179 0.0031500759068876505 0.007616413291543722 
vn 0.004881959408521652 -0.00022898855968378484 0.007750548422336578 
vn 0.004412672482430935 0.005083704367280006 0.006216208450496197 
vn 0.0007858898025006056 0.009098478592932224 0.0007463851943612099 
vn -0.0012271797750145197 0.00854276493191719 0.0030776956118643284 
vn 0.004355582408607006 0.004727072548121214 0.006529982201755047 
vn -0.00198871991597116 0.008056997321546078 0.0038841732311993837 
vn 0.0007989319274201989 0.009102070704102516 0.0006863278103992343 
vn -0.004541426431387663 0.0014283854980021715 0.007828929461538792 
vn -0.005151336081326008 0.0028213399928063154 0.007032833062112331 
vn 0.006623412948101759 -0.0009288243018090725 0.006262954790145159 
vn 0.003391292877495289 -0.00275745103135705 0.008053110912442207 
vn 0.0017480608075857162 0.003232021816074848 0.008393767289817333 
vn 0.005019733682274818 0.004324242938309908 0.006329309660941362 
vn 0.006617375183850527 -0.003071125829592347 0.005543956067413092 
vn 0.006692433264106512 -0.0013922782381996512 0.006101623643189669 
vn 0.0038131840992718935 0.004646236076951027 0.006915858946740627 
vn -0.003029236104339361 0.007043482270091772 0.0050169797614216805 
vn 0.003265411825850606 0.003852630965411663 0.007645346224308014 
vn -0.003453437704592943 0.006392472889274359 0.005582746118307114 
vn 0.002952583134174347 0.003427856834605336 0.007968001998960972 
vn -0.003620280884206295 0.006068806163966656 0.005832679569721222 
vn 0.006971131544560194 -0.002427385188639164 0.00542844645678997 
vn 0.006764360703527927 -0.0019256308441981673 0.005873013753443956 
vn 0.006585786119103432 -0.0036131744273006916 0.005246838554739952 
vn 0.004649344366043806 0.004612515680491924 0.006408218760043383 
vn 0.004729524254798889 0.004257503896951675 0.006592589430510998 
vn 0.00457844790071249 0.0038738723378628492 0.006927330046892166 
vn 0.0036717543844133615 0.005190072115510702 0.00659836083650589 
vn 0.006766787730157375 -0.004101129248738289 0.0046204146929085255 
vn 0.007120942696928978 -0.003971106372773647 0.004180836025625467 
vn 0.0072325230576097965 -0.0029382160864770412 0.00479733245447278 
vn 0.0027114308904856443 0.0033040540292859077 0.008104836568236351 
vn 0.0027789620216935873 0.0031183999963104725 0.008155363611876965 
vn 0.007889213971793652 -0.0044066160917282104 0.001516217365860939 
vn 0.00792834721505642 -0.004051651805639267 0.002163861645385623 
vn -0.00006907760689500719 0.0052248649299144745 0.007526821456849575 
vn 0.0035205590538680553 0.002387288259342313 0.008115633390843868 
vn 0.003450946183875203 0.0029241328593343496 0.00796852633357048 
vn 0.0004139929369557649 0.005389608908444643 0.0073984963819384575 
vn 0.007638882379978895 -0.004018416162580252 0.0030751731246709824 
vn 0.0076598734594881535 -0.004352142568677664 0.002518348628655076 
vn 0.007486589252948761 -0.0036606898065656424 0.0038088345900177956 
vn 0.007537524681538343 -0.003947633318603039 0.003399822860956192 
vn 0.0010996621567755938 0.00539937661960721 0.007320826407521963 
vn 0.003833427093923092 0.003214647062122822 0.00767644913867116 
vn 0.004117387346923351 0.0033482545986771584 0.007469491101801395 
vn 0.0021216729655861855 0.005463676992803812 0.007042992860078812 
vn 0.0073734368197619915 -0.0038531841710209846 0.003839569166302681 
vn 0.005188805051147938 -0.006188817787915468 0.004328024107962847 
vn -0.004708660766482353 -0.00539186829701066 -0.005719549022614956 
vn -0.00543639762327075 -0.005208699032664299 -0.005222258623689413 
vn -0.005976255051791668 -0.00533765833824873 -0.004444177728146315 
vn -0.0008081325795501471 -0.009110276587307453 -0.0005538988625630736 
vn -0.00707918219268322 -0.004931916482746601 -0.0030851715710014105 
vn -0.0024100132286548615 -0.008678542450070381 0.001682777306996286 
vn -0.00740708876401186 -0.004859377630054951 -0.0023405931424349546 
vn -0.002972317859530449 -0.008277039043605328 0.0025715657975524664 
vn -0.0075632501393556595 -0.004718665964901447 -0.0021185660734772682 
vn -0.0031977423932403326 -0.008083289489150047 0.0028968730475753546 
vn -0.003544860053807497 -0.0076878853142261505 0.003505336120724678 
vn -0.007769196294248104 -0.004375418182462454 -0.002110018627718091 
vn -0.00810626707971096 -0.003739516716450453 -0.0020642958115786314 
vn -0.009081807918846607 0.0008900132961571217 -0.0008279257453978062 
vn -0.004621014464646578 0.0008878441876731813 -0.00786224752664566 
vn -0.007968848571181297 0.004521167371422052 0.00011564471060410142 
vn -0.003831573063507676 0.005703260190784931 0.006062083877623081 
vn -0.005507032386958599 -0.00017498662055004388 0.0073211281560361385 
vn -0.005001774989068508 0.005050410516560078 -0.0057820905931293964 
vn -0.004693897441029549 0.004784760996699333 -0.006247428245842457 
vn -0.005602754652500153 0.00466107577085495 -0.005553418304771185 
vn -0.006341212894767523 0.0037876868154853582 -0.005422119051218033 
vn -0.007191053591668606 0.002615684410557151 -0.005040222313255072 
vn -0.00751063646748662 0.0018067604396492243 -0.004927762784063816 
vn -0.007591580506414175 0.0012897230917587876 -0.004966024775058031 
vn -0.0075733959674835205 0.001019033370539546 -0.005055900197476149 
vn -0.0031365288887172937 -0.005186222493648529 -0.006871847435832024 
vn -0.007460902910679579 -0.003290808293968439 -0.004178803414106369 
vn -0.005862365942448378 -0.004825027193874121 0.005129202269017696 
vn -0.008211834356188774 -0.0039522391743958 -0.0009499689331278205 
vn -0.006071641109883785 -0.003250734182074666 0.006043578032404184 
vn -0.006646061781793833 -0.0023234232794493437 0.005864168982952833 
vn -0.006449434440582991 -0.003955874592065811 -0.005168440286070108 
vn -0.003050213912501931 -0.0012997547164559364 -0.008541887626051903 
vn -0.0029060151427984238 -0.0008549353806301951 -0.008647610433399677 
vn -0.006445400882512331 -0.004646647721529007 -0.004563156049698591 
vn -0.008364741690456867 -0.000276642240351066 -0.003729801159352064 
vn -0.005456843879073858 -0.0033176932483911514 -0.006570594850927591 
vn -0.005302028730511665 -0.0008908435702323914 -0.0074196928180754185 
vn -0.007595128379762173 0.0029765740036964417 -0.0041726394556462765 
vn -0.006918935105204582 -0.001438892213627696 0.005832223687320948 
vn -0.006240702699869871 -0.0003785044245887548 0.006698305252939463 
vn -0.007431827485561371 0.004478181712329388 -0.0029446077533066273 
vn -0.007878929376602173 0.0042743561789393425 -0.0018997956067323685 
vn -0.006274678744375706 0.0015171915292739868 0.006502573844045401 
vn -0.00714835524559021 0.00466984324157238 -0.0033242260105907917 
vn -0.0032265365589410067 0.007595313247293234 -0.003982170484960079 
vn -0.002537303604185581 0.00433410843834281 -0.007663850672543049 
vn -0.0031885667704045773 0.004305131733417511 -0.007433430291712284 
vn -0.007561551872640848 0.00493919663131237 -0.001544070546515286 
vn -0.006096974015235901 0.005076921079307795 -0.004583526868373156 
vn -0.0065397475846111774 0.0038293732795864344 -0.005150196608155966 
vn -0.006397735793143511 -0.001452348893508315 -0.006396607030183077 
vn -0.006937532220035791 -0.003298066323623061 -0.004995028953999281 
vn -0.007765202317386866 -0.0017649397486820817 -0.0045324936509132385 
vn -0.008000362664461136 0.0031243932899087667 -0.0031920578330755234 
vn -0.007513144053518772 0.0043953461572527885 -0.0028619025833904743 
vn -0.006090350449085236 0.006543511990457773 -0.002011718228459358 
vn -0.00662278663367033 0.005901264026761055 -0.0022958002518862486 
vn -0.00630830368027091 0.006333764176815748 -0.0020113850478082895 
vn -0.0059949359856545925 0.0068923658691346645 -0.00071622064569965 
vn -0.006996180862188339 0.005521262064576149 -0.002127446001395583 
vn -0.007775719743221998 0.0038846582174301147 -0.0028990486171096563 
vn -0.008073505945503712 0.0028960425406694412 -0.0032230899669229984 
vn -0.007883907295763493 -0.0015869688941165805 -0.0043911742977797985 
vn -0.0073722777888178825 -0.0028229060117155313 -0.004651624709367752 
vn -0.006068759132176638 -0.004501980729401112 -0.005182592663913965 
vn -0.005254879128187895 -0.005182584747672081 -0.0054299188777804375 
vn -0.0047837127931416035 -0.005874894093722105 -0.005153511185199022 
vn -0.004760798066854477 -0.005636767949908972 -0.005433104000985622 
vn -0.006241724360734224 -0.005962979514151812 -0.003072568913921714 
vn -0.008826063945889473 0.0003665814292617142 -0.0024337321519851685 
vn -0.006379104219377041 0.006061136722564697 -0.002554715611040592 
vn -0.008030029945075512 -0.0015405348967760801 -0.004135485738515854 
vn -0.007732631638646126 0.001916207023896277 -0.004526746459305286 
vn -0.007523600943386555 0.002991334768012166 -0.0042900159023702145 
vn -0.005219876300543547 -0.0061446125619113445 -0.004353571683168411 
vn -0.006462295074015856 -0.004458777606487274 -0.004723872523754835 
vn -0.0070784143172204494 -0.004404697101563215 -0.0038015248719602823 
vn -0.00787108764052391 -0.0022848087828606367 -0.004096646327525377 
vn -0.008589174598455429 0.00017875380581244826 -0.0031860587187111378 
vn -0.00817587785422802 0.002761285984888673 -0.0030801270622760057 
vn -0.008042088709771633 0.003315427340567112 -0.0028791704680770636 
vn -0.008491051383316517 0.0005288006504997611 -0.0034028321970254183 
vn -0.007575611583888531 -0.004542055539786816 -0.0024365391582250595 
vn -0.0073142764158546925 -0.004518459085375071 -0.003168876748532057 
vn -0.005983985960483551 -0.006297909654676914 -0.0029129330068826675 
vn -0.007076057605445385 0.003844731952995062 -0.0043708509765565395 
vn -0.006497560068964958 0.004210741259157658 -0.0048998259007930756 
vn -0.0060761189088225365 0.004235698841512203 -0.0053941234946250916 
vn -0.006297608837485313 -0.006465735845267773 -0.0015783892013132572 
vn -0.006314171943813562 -0.006583594251424074 -0.0008628144860267639 
vn -0.007935441099107265 -0.003962785936892033 -0.0022982540540397167 
vn -0.007794570177793503 -0.004816751927137375 0.00002129046515619848 
vn -0.008535223081707954 0.0007903737714514136 -0.0032376120798289776 
vn -0.008630918338894844 0.0003614941088017076 0.003055064007639885 
vn -0.009110617451369762 0.0007003267528489232 0.0006804509903304279 
vn -0.007690218277275562 -0.004958145786076784 -0.0004839579632971436 
vn -0.004693897441029549 0.004784760996699333 -0.006247428245842457 
vn -0.005369078833609819 0.004653779324144125 -0.005785523448139429 
vn -0.006672058720141649 -0.006264815106987953 -0.00043890782399103045 
vn -0.0058881561271846294 0.004293107893317938 -0.005554798524826765 
vn -0.004501168616116047 0.0010553674073889852 -0.007910920307040215 
vn -0.006902647204697132 0.005490681156516075 0.002482496201992035 
vn -0.007856727577745914 0.004559442400932312 0.0012000794522464275 
vn -0.008102165535092354 0.004184376914054155 -0.0008959773695096374 
vn -0.006228819023817778 0.0061552333645522594 0.0026966349687427282 
vn -0.004785469733178616 -0.0020431112498044968 -0.007542012259364128 
vn -0.0043052672408521175 -0.002398949582129717 -0.00772442203015089 
vn -0.007706876378506422 0.004946284927427769 0.0003085521166212857 
vn -0.007616050541400909 0.005087901838123798 0.0002567357732914388 
vn -0.003620280884206295 0.006068806163966656 0.005832679569721222 
vn -0.007568632252514362 0.005163923837244511 -0.00008113959484035149 
vn -0.003453437704592943 0.006392472889274359 0.005582746118307114 
vn -0.007321682292968035 0.005484174005687237 -0.0005231603281572461 
vn -0.003029236104339361 0.007043482270091772 0.0050169797614216805 
vn -0.006616758182644844 0.006228569429367781 -0.0011748839169740677 
vn -0.00198871991597116 0.008056997321546078 0.0038841732311993837 
vn -0.006389194633811712 0.006309947930276394 -0.0018219989724457264 
vn -0.0012271797750145197 0.00854276493191719 0.0030776956118643284 
vn -0.006027816794812679 0.006642833352088928 -0.0018695255275815725 
vn 0.0007858898025006056 0.009098478592932224 0.0007463851943612099 
vn -0.004050996154546738 0.0074522485956549644 -0.003465603804215789 
vn 0.0007989319274201989 0.009102070704102516 0.0006863278103992343 
vn -0.005151336081326008 0.0028213399928063154 0.007032833062112331 
vn -0.006274678744375706 0.0015171915292739868 0.006502573844045401 
vn -0.008469044230878353 0.002024096203967929 -0.002852221019566059 
vn -0.007675166241824627 0.00139050732832402 -0.00480782613158226 
vn -0.007655331864953041 0.0008065896108746529 -0.004970130044966936 
vn -0.0074763670563697815 0.00004117144999327138 -0.005297086667269468 
vn -0.00717635964974761 -0.0003922512987628579 -0.005683564115315676 
vn -0.006678029429167509 -0.0012480424484238029 -0.006148432847112417 
vn -0.006810071878135204 -0.0007007261738181114 -0.006090058479458094 
vn -0.008970033377408981 -0.00018964217451866716 -0.0018599361646920443 
vn -0.007525211200118065 -0.00029019973590038717 -0.005219565238803625 
vn -0.007485693320631981 -0.0008099374244920909 -0.005221616942435503 
vn -0.007159234024584293 -0.0013215647777542472 -0.005563788115978241 
vn -0.00786011666059494 0.004658221732825041 0.0006902270251885056 
vn -0.0060157328844070435 0.006876838859170675 0.000690639833919704 
vn -0.007479202933609486 0.0050237602554261684 -0.001667407457716763 
vn -0.007632378488779068 0.004905874375253916 -0.001279091346077621 
vn -0.00782991386950016 0.0046797022223472595 -0.0008658595033921301 
vn -0.0062007480300962925 0.006393675226718187 0.0021514110267162323 
vn -0.005705920979380608 -0.0017721514450386167 -0.006946862209588289 
vn -0.005216394085437059 -0.0021998013835400343 -0.007204656023532152 
vn -0.00619092583656311 -0.0013862153282389045 -0.00661118607968092 
vn -0.0062216115184128284 0.006560673471540213 0.0014852759195491672 
vn -0.006099233869463205 -0.0015761747490614653 -0.006653717253357172 
vn -0.006418504752218723 -0.001293840236030519 -0.00640981225296855 
vn -0.0039647226221859455 -0.0014463115949183702 0.008133027702569962 
vn -0.009075013920664787 0.0010601913090795279 0.000690614921040833 
vn -0.003985104616731405 0.004373933654278517 0.0069960434921085835 
vn -0.0040525714866817 0.00817687064409256 0.0008200219599530101 
vn -0.0039350008592009544 0.0063720825128257275 -0.005279140081256628 
vn -0.004026140086352825 0.0005687582888640463 -0.008211193606257439 
vn -0.004254311788827181 -0.00457551795989275 -0.006702421233057976 
vn -0.004476269241422415 -0.007898674346506596 -0.0012373070931062102 
vn -0.0034962657373398542 -0.004902942571789026 -0.0069061038084328175 
vn -0.0036348882131278515 -0.008283386938273907 -0.0014594766544178128 
vn -0.004270586185157299 -0.006315587088465691 0.005082561168819666 
vn -0.003434706712141633 -0.006835581734776497 0.005043273326009512 
vn -0.0030859573744237423 -0.0017281847540289164 0.008452647365629673 
vn -0.0030156716238707304 0.0046639954671263695 0.0072876522317528725 
vn -0.0030453503131866455 0.008627519942820072 0.000498743262141943 
vn 0.006318795960396528 0.005150291137397289 0.004183807875961065 
vn 0.008540114387869835 -0.00019489458645693958 0.0033144094049930573 
vn 0.0008286508382298052 -0.000800223380792886 0.009090104140341282 
vn 0.006509251426905394 -0.005699336063116789 0.003017306560650468 
vn 0.0006903150351718068 -0.00851126667112112 0.003322473494336009 
vn -0.005687833297997713 -0.006064662244170904 0.003850372740998864 
vn -0.008043693378567696 -0.0008441076497547328 0.004306197632104158 
vn -0.006229078862816095 0.004567302763462067 0.004929021466523409 
vn -0.006518683396279812 0.004891800694167614 0.004187358543276787 
vn -0.00027567113284021616 0.008095753379166126 0.004282500594854355 
vn -0.00010355558333685622 0.007666944060474634 0.005016400013118982 
vn -0.008435194380581379 -0.0007034591399133205 0.0035084884148091078 
vn -0.006076580844819546 -0.006226823199540377 0.0028738074470311403 
vn 0.0004492106381803751 -0.008892115205526352 0.0021646087989211082 
vn 0.006648097187280655 -0.006033334415405989 0.0018326491117477417 
vn 0.008891765028238297 0.000024414315703324974 0.0022119577042758465 
vn 0.006454940885305405 0.005644186399877071 0.0032301433384418488 
vn 0.005645682103931904 0.0024804670829325914 0.006777205038815737 
vn 0.007241691462695599 -0.0002414691844023764 0.0056086089462041855 
vn 0.0057844119146466255 -0.003428506199270487 0.006224376615136862 
vn 0.001087175915017724 -0.0009223564411513507 -0.009051206521689892 
vn -0.007140452042222023 -0.004180613439530134 -0.00393615523353219 
vn 0.0028836808633059263 -0.006865710020065308 -0.005338858813047409 
vn 0.0010190492030233145 -0.009103954769670963 0.00019124100799672306 
vn -0.0024386902805417776 -0.007563669700175524 0.004560778848826885 
vn -0.0054437643848359585 -0.0037511938717216253 0.006344361696392298 
vn -0.007589278742671013 0.0010737143456935883 0.005020644515752792 
vn -0.00728518096730113 0.0055504655465483665 -0.00027452214271761477 
vn -0.003847218584269285 0.005144897382706404 -0.006533447187393904 
vn -0.0059620230458676815 0.0026713726110756397 -0.006424561608582735 
vn -0.0018363173585385084 -0.0019663148559629917 -0.008758912794291973 
vn 0.0028836808633059263 -0.006865710020065308 -0.005338858813047409 
vn -0.0011663867626339197 -0.007091652136296034 -0.005683751776814461 
vn 0.0010190492030233145 -0.009103954769670963 0.00019124100799672306 
vn -0.003215197240933776 -0.008399846032261848 -0.001749883289448917 
vn -0.0024386902805417776 -0.007563669700175524 0.004560778848826885 
vn -0.005446038208901882 -0.007240637671202421 0.0013677653623744845 
vn -0.0054437643848359585 -0.0037511938717216253 0.006344361696392298 
vn -0.007394670974463224 -0.0045183137990534306 0.002976671326905489 
vn -0.008701843209564686 0.0022117726039141417 -0.0018283383687958121 
vn -0.00728518096730113 0.0055504655465483665 -0.00027452214271761477 
vn -0.008905543945729733 -0.000986744067631662 0.0019168886356055737 
vn -0.007589278742671013 0.0010737143456935883 0.005020644515752792 
vn -0.007394670974463224 -0.0045183137990534306 0.002976671326905489 
vn -0.0054437643848359585 -0.0037511938717216253 0.006344361696392298 
vn -0.004988482687622309 -0.0018622499192133546 -0.007456811144948006 
vn -0.0073599377647042274 -0.0049615721218287945 0.0022739849518984556 
vn -0.0073049115017056465 0.0030693879816681147 -0.0046015228144824505 
vn -0.007380513474345207 0.005305787082761526 0.0011547865578904748 
vn -0.003960163798183203 0.0030707751866430044 0.007671012543141842 
vn 0.0005184942856431007 -0.0028002907056361437 0.008708992972970009 
vn -0.002123951679095626 -0.00370391714386642 0.008107209578156471 
vn -0.0010327649069949985 -0.00814164150506258 0.004074812401086092 
vn 0.0025158121716231108 -0.007907407358288765 0.0038859504275023937 
vn -0.0030694666784256697 -0.008622831664979458 -0.00042679300531744957 
vn 0.001125000650063157 -0.0087282108142972 -0.002551416866481304 
vn -0.005252063274383545 -0.006795173976570368 -0.003193493466824293 
vn -0.001890174113214016 -0.006021230481564999 -0.006642968859523535 
vn -0.007279366720467806 -0.003692369908094406 -0.004163426347076893 
vn -0.004988482687622309 -0.0018622499192133546 -0.007456811144948006 
vn -0.001890174113214016 -0.006021230481564999 -0.006642968859523535 
vn 0.001125000650063157 -0.0087282108142972 -0.002551416866481304 
vn 0.0025158121716231108 -0.007907407358288765 0.0038859504275023937 
vn -0.005830078385770321 0.0009026815532706678 0.007010870147496462 
vn -0.007380513474345207 0.005305787082761526 0.0011547865578904748 
vn -0.008746221661567688 0.0017584013985469937 0.002090087626129389 
vn -0.0073049115017056465 0.0030693879816681147 -0.0046015228144824505 
vn -0.008952533826231956 -0.00009778321691555902 -0.0019492068095132709 
vn -0.004988482687622309 -0.0018622499192133546 -0.007456811144948006 
vn -0.007279366720467806 -0.003692369908094406 -0.004163426347076893 
vn 0.0014872642932459712 -0.008035008795559406 0.0041453223675489426 
vn 0.007306813262403011 -0.004105085041373968 -0.003703464986756444 
vn 0.005082075949758291 -0.0038567790761590004 0.0065768323838710785 
vn 0.00743130873888731 0.0014102590503171086 0.005171432625502348 
vn 0.006994351278990507 0.00588392186909914 -0.0006445314502343535 
vn 0.003382681403309107 0.0051412577740848064 -0.006788367871195078 
vn -0.000914807606022805 -0.0002407352440059185 -0.009113846346735954 
vn 0.001395347760990262 -0.0012062398018315434 -0.008975244127213955 
vn 0.0009475570404902101 -0.006632719188928604 -0.006250295788049698 
vn -0.0027768819127231836 -0.006249536294490099 -0.0060982974246144295 
vn 0.002825011033564806 -0.008322876878082752 -0.0025896017905324697 
vn -0.0017422088421881199 -0.008945253677666187 -0.0009508750517852604 
vn 0.0048826695419847965 -0.0076873875223100185 0.001010234234854579 
vn 0.0014872642932459712 -0.008035008795559406 0.0041453223675489426 
vn 0.006999689154326916 -0.004640764556825161 0.003663954557850957 
vn 0.005082075949758291 -0.0038567790761590004 0.0065768323838710785 
vn -0.0017422088421881199 -0.008945253677666187 -0.0009508750517852604 
vn -0.0027768819127231836 -0.006249536294490099 -0.0060982974246144295 
vn 0.005378123372793198 0.0029928009025752544 -0.006787922233343124 
vn 0.006994351278990507 0.00588392186909914 -0.0006445314502343535 
vn 0.008466019295156002 0.0028943063225597143 -0.001976449741050601 
vn 0.00743130873888731 0.0014102590503171086 0.005171432625502348 
vn 0.008806390687823296 -0.0004543001123238355 0.0024895654059946537 
vn 0.005082075949758291 -0.0038567790761590004 0.0065768323838710785 
vn 0.006999689154326916 -0.004640764556825161 0.003663954557850957 
vn 0.004569966811686754 -0.0017884328262880445 -0.007737822365015745 
vn 0.007415827829390764 -0.0048887766897678375 0.0022499451879411936 
vn 0.001134426100179553 -0.006609429605305195 -0.006243840325623751 
vn -0.001504438230767846 -0.008944558911025524 -0.0012994452845305204 
vn -0.002311485353857279 -0.007570527959614992 0.004615317098796368 
vn -0.00015560229076072574 -0.0024953961838036776 0.008815090171992779 
vn 0.003615042893216014 0.003502395935356617 0.007656479720026255 
vn 0.005418428685516119 0.0014231133973225951 0.007250677794218063 
vn 0.008459254167973995 0.002268414944410324 0.00269298255443573 
vn 0.006645201239734888 0.006026244256645441 0.0018661736976355314 
vn 0.008825726807117462 0.0002076800010399893 -0.0024536203127354383 
vn 0.006954404525458813 0.003201426239684224 -0.005034286063164473 
vn 0.006927315145730972 -0.003574374597519636 -0.004815917462110519 
vn 0.004569966811686754 -0.0017884328262880445 -0.007737822365015745 
vn 0.006954404525458813 0.003201426239684224 -0.005034286063164473 
vn 0.006645201239734888 0.006026244256645441 0.0018661736976355314 
vn 0.001532674883492291 -0.0032014879398047924 0.008447390049695969 
vn -0.002311485353857279 -0.007570527959614992 0.004615317098796368 
vn 0.0007427298696711659 -0.007836784236133099 0.0046893698163330555 
vn -0.001504438230767846 -0.008944558911025524 -0.0012994452845305204 
vn 0.002825011033564806 -0.008704905398190022 0.00044826589873991907 
vn 0.001134426100179553 -0.006609429605305195 -0.006243840325623751 
vn 0.004856409039348364 -0.007189897354692221 -0.0029457826167345047 
vn 0.004569966811686754 -0.0017884328262880445 -0.007737822365015745 
vn 0.006927315145730972 -0.003574374597519636 -0.004815917462110519 
vn -0.004993659909814596 0.005759540479630232 -0.005084095057100058 
vn -0.0017480608075857162 0.005209645256400108 -0.007332182489335537 
vt 0.5094655156135559 0.05904734507203102 
vt 0.5283722877502441 0.05699252337217331 
vt 0.5298440456390381 0.07427721470594406 
vt 0.5368633270263672 0.056388162076473236 
vt 0.5386747717857361 0.07427721470594406 
vt 0.5570154190063477 0.07222239673137665 
vt 0.5549775958061218 0.052520256489515305 
vt 0.5345990657806396 0.03692777082324028 
vt 0.5530529022216797 0.034752074629068375 
vt 0.5348255038261414 0.014445577748119831 
vt 0.5421844124794006 0.01251162588596344 
vt 0.5719596743583679 0.032455507665872574 
vt 0.5524868369102478 0.00985244195908308 
vt 0.5914324522018433 0.030158938840031624 
vt 0.566525399684906 0.006105409935116768 
vt 0.5117298364639282 0.04067480191588402 
vt 0.5141072869300842 0.020730921998620033 
vt 0.595055341720581 0.043938346207141876 
vt 0.5760353803634644 0.0480479933321476 
vt 0.5763750076293945 0.07016757130622864 
vt 0.5832810401916504 0.09772638231515884 
vt 0.5619968175888062 0.10002295672893524 
vt 0.5635818243026733 0.11150579154491425 
vt 0.5409390330314636 0.10231952369213104 
vt 0.5306365489959717 0.09132017195224762 
vt 0.5148997902870178 0.07040931284427643 
vt 0.6012821197509766 0.06750838458538055 
vt 0.6084145903587341 0.09494633227586746 
vt 0.4927098751068115 0.07246413826942444 
vt 0.4953137934207916 0.09530894458293915 
vt 0.4607835114002228 0.09579243510961533 
vt 0.47255778312683105 0.07355198264122009 
vt 0.4552360475063324 0.08056256175041199 
vt 0.47210490703582764 0.061706531792879105 
vt 0.4471978545188904 0.061706531792879105 
vt 0.46191567182540894 0.046476658433675766 
vt 0.4374614357948303 0.046960145235061646 
vt 0.45116034150123596 0.030642425641417503 
vt 0.43474429845809937 0.05989345163106918 
vt 0.44470712542533875 0.0803208202123642 
vt 0.4518396258354187 0.10437434911727905 
vt 0.4982573688030243 0.10836312174797058 
vt 0.541618287563324 0.11331887543201447 
vt 0.5664122104644775 0.12697741389274597 
vt 0.5426372289657593 0.128790482878685 
vt 0.5000687837600708 0.11658241599798203 
vt 0.4588588774204254 0.12008770555257797 
vt 0.4122147262096405 0.10655004531145096 
vt 0.4099504351615906 0.07935383915901184 
vt 0.406440794467926 0.060135193169116974 
vt 0.4046293795108795 0.05046543478965759 
vt 0.4031575918197632 0.02749975398182869 
vt 0.43236681818962097 0.02749975398182869 
vt 0.3858358561992645 0.05143240839242935 
vt 0.3853830099105835 0.02749975398182869 
vt 0.36443841457366943 0.02749975398182869 
vt 0.36602339148521423 0.05058630555868149 
vt 0.3861754834651947 0.06025606766343117 
vt 0.38685476779937744 0.07862860709428787 
vt 0.38787370920181274 0.10679178684949875 
vt 0.3882133364677429 0.11767026782035828 
vt 0.41787540912628174 0.12057119607925415 
vt 0.4262532591819763 0.13713066279888153 
vt 0.46531209349632263 0.13447147607803345 
vt 0.41832825541496277 0.1518770456314087 
vt 0.47210490703582764 0.1497013419866562 
vt 0.5034651756286621 0.13157054781913757 
vt 0.4169697165489197 0.1378558874130249 
vt 0.4101768732070923 0.12673567235469818 
vt 0.38843977451324463 0.12298863381147385 
vt 0.4029311537742615 0.13024094700813293 
vt 0.409157931804657 0.13688892126083374 
vt 0.4010065197944641 0.14172379672527313 
vt 0.40666723251342773 0.14607518911361694 
vt 0.38911905884742737 0.14293251931667328 
vt 0.3869679868221283 0.14813001453876495 
vt 0.38719442486763 0.15550319850444794 
vt 0.38787370920181274 0.1681947559118271 
vt 0.3597966432571411 0.1494596004486084 
vt 0.3725898265838623 0.14402036368846893 
vt 0.3798355162143707 0.14051507413387299 
vt 0.38810011744499207 0.13688892126083374 
vt 0.39070406556129456 0.13749326765537262 
vt 0.3937608301639557 0.13713066279888153 
vt 0.3963647484779358 0.13592194020748138 
vt 0.39127013087272644 0.1358010619878769 
vt 0.3861754834651947 0.1358010619878769 
vt 0.3746276795864105 0.1358010619878769 
vt 0.3879869282245636 0.13459233939647675 
vt 0.390817254781723 0.13386711478233337 
vt 0.39410048723220825 0.13435059785842896 
vt 0.38968512415885925 0.12818613648414612 
vt 0.379156231880188 0.1307244449853897 
vt 0.366702675819397 0.13604280352592468 
vt 0.35187163949012756 0.1353175789117813 
vt 0.3713444471359253 0.12709827721118927 
vt 0.3595702052116394 0.12262602150440216 
vt 0.3599098324775696 0.10715439915657043 
vt 0.3599098324775696 0.07983732968568802 
vt 0.36466482281684875 0.06049780920147896 
vt 0.3343234956264496 0.04756450653076172 
vt 0.337153822183609 0.027378881350159645 
vt 0.3321724236011505 0.06073955446481705 
vt 0.32787027955055237 0.08128779381513596 
vt 0.3129260241985321 0.10401172935962677 
vt 0.30918997526168823 0.12117555737495422 
vt 0.3063596189022064 0.1330210119485855 
vt 0.30217069387435913 0.1493387371301651 
vt 0.2660554349422455 0.1309661865234375 
vt 0.26820650696754456 0.11899986118078232 
vt 0.2706972062587738 0.10401172935962677 
vt 0.2720557749271393 0.09591330587863922 
vt 0.30964282155036926 0.0963967964053154 
vt 0.31541675329208374 0.08177128434181213 
vt 0.32503992319107056 0.06110217049717903 
vt 0.3089635372161865 0.04865235462784767 
vt 0.3205113708972931 0.031005041673779488 
vt 0.2973025143146515 0.0664205402135849 
vt 0.29866108298301697 0.0734311118721962 
vt 0.27443328499794006 0.07173890620470047 
vt 0.24239371716976166 0.09252888709306717 
vt 0.2572247385978699 0.07173890620470047 
vt 0.24363906681537628 0.07040931284427643 
vt 0.2628854513168335 0.06025606766343117 
vt 0.24318620562553406 0.05239938572049141 
vt 0.2607343792915344 0.04381747543811798 
vt 0.23843123018741608 0.03789474442601204 
vt 0.25779080390930176 0.021093538030982018 
vt 0.23514801263809204 0.051553282886743546 
vt 0.23231767117977142 0.07016757130622864 
vt 0.23333659768104553 0.0988142341375351 
vt 0.23129874467849731 0.11694503575563431 
vt 0.23073267936706543 0.12915310263633728 
vt 0.2274494618177414 0.1448664665222168 
vt 0.2633382976055145 0.1470421552658081 
vt 0.2975289225578308 0.16613994538784027 
vt 0.3561737835407257 0.1677112728357315 
vt 0.3883265554904938 0.18076545000076294 
vt 0.41674327850341797 0.16867825388908386 
vt 0.4802563190460205 0.1679530143737793 
vt 0.5069748163223267 0.1474047750234604 
vt 0.543769359588623 0.1451082080602646 
vt 0.5706011056900024 0.1426907628774643 
vt 0.5934703350067139 0.14075681567192078 
vt 0.5763750076293945 0.1262521743774414 
vt 0.581696093082428 0.11005532741546631 
vt 0.6099995970726013 0.1011108011007309 
vt 0.6121506094932556 0.10920922458171844 
vt 0.5949420928955078 0.1148902103304863 
vt 0.5922249555587769 0.12504345178604126 
vt 0.6016217470169067 0.13362537324428558 
vt 0.6226795315742493 0.13483409583568573 
vt 0.6267552375793457 0.14196553826332092 
vt 0.6332084536552429 0.15320663154125214 
vt 0.6021878123283386 0.1563493013381958 
vt 0.6401144862174988 0.16517296433448792 
vt 0.5752428770065308 0.15888762474060059 
vt 0.5449015498161316 0.16166767477989197 
vt 0.5094655156135559 0.1587667465209961 
vt 0.49237021803855896 0.1725461483001709 
vt 0.4778788387775421 0.18064457178115845 
vt 0.4177621901035309 0.18076545000076294 
vt 0.3890058398246765 0.19406136870384216 
vt 0.35526806116104126 0.18088632822036743 
vt 0.3549284338951111 0.19369874894618988 
vt 0.2999064326286316 0.18100719153881073 
vt 0.27964112162590027 0.17339225113391876 
vt 0.2617533206939697 0.1563493013381958 
vt 0.2240530401468277 0.15997546911239624 
vt 0.19552311301231384 0.15804150700569153 
vt 0.19959881901741028 0.14305338263511658 
vt 0.2036745250225067 0.12782351672649384 
vt 0.20695772767066956 0.11561544239521027 
vt 0.20956166088581085 0.09784726053476334 
vt 0.21499592065811157 0.06968408077955246 
vt 0.2172602117061615 0.049498457461595535 
vt 0.21782627701759338 0.03547730669379234 
vt 0.23843123018741608 0.015412554144859314 
vt 0.23129874467849731 0.013478602282702923 
vt 0.20208953320980072 0.03366422653198242 
vt 0.2216755449771881 0.010940290056169033 
vt 0.18318279087543488 0.03136765956878662 
vt 0.20729736983776093 0.006951514165848494 
vt 0.17831459641456604 0.04526793956756592 
vt 0.19937239587306976 0.04756450653076172 
vt 0.19540990889072418 0.06920059770345688 
vt 0.1898624151945114 0.09700115770101547 
vt 0.18895670771598816 0.11235189437866211 
vt 0.41934719681739807 0.19442398846149445 
vt 0.16993676126003265 0.0685962364077568 
vt 0.1602003574371338 0.09579243510961533 
vt 0.15793606638908386 0.10183603316545486 
vt 0.17027640342712402 0.11634067445993423 
vt 0.1549925059080124 0.11005532741546631 
vt 0.39025118947029114 0.21932362020015717 
vt 0.18895670771598816 0.12709827721118927 
vt 0.17288032174110413 0.1262521743774414 
vt 0.1604267805814743 0.13386711478233337 
vt 0.1706160306930542 0.14111943542957306 
vt 0.14265218377113342 0.1353175789117813 
vt 0.13891611993312836 0.1424490213394165 
vt 0.16506855189800262 0.1559866964817047 
vt 0.1328025609254837 0.1538109928369522 
vt 0.12646257877349854 0.165777325630188 
vt 0.15986071527004242 0.169886976480484 
vt 0.119782954454422 0.17822714149951935 
vt 0.1914474070072174 0.17363400757312775 
vt 0.15465286374092102 0.1837872564792633 
vt 0.10732941329479218 0.20167630910873413 
vt 0.14684109389781952 0.2048189789056778 
vt 0.10008371621370316 0.21533484756946564 
vt 0.13416112959384918 0.21884013712406158 
vt 0.09385694563388824 0.22693856060504913 
vt 0.13031184673309326 0.23346564173698425 
vt 0.07925233989953995 0.25425562262535095 
vt 0.1508035808801651 0.2205323427915573 
vt 0.10834833979606628 0.2670680582523346 
vt 0.1534075140953064 0.27274903655052185 
vt 0.16755926609039307 0.24506935477256775 
vt 0.15510572493076324 0.23080645501613617 
vt 0.08706410229206085 0.27008986473083496 
vt 0.07449734956026077 0.26320016384124756 
vt 0.07925233989953995 0.27250730991363525 
vt 0.07427092641592026 0.26767241954803467 
vt 0.06691201031208038 0.2625958025455475 
vt 0.06759129464626312 0.2669471800327301 
vt 0.05876060575246811 0.2652549743652344 
vt 0.062157027423381805 0.2694855034351349 
vt 0.05366597697138786 0.27492472529411316 
vt 0.060911670327186584 0.2756499648094177 
vt 0.05943989008665085 0.2870119512081146 
vt 0.06747808307409286 0.2714194357395172 
vt 0.06928950548171997 0.27057334780693054 
vt 0.07121414691209793 0.2712985873222351 
vt 0.07245949655771255 0.27274903655052185 
vt 0.0697423666715622 0.27262815833091736 
vt 0.06736487150192261 0.27274903655052185 
vt 0.06510058790445328 0.27963873744010925 
vt 0.06883665174245834 0.273957759141922 
vt 0.06996878981590271 0.274199515581131 
vt 0.0715537890791893 0.2737160325050354 
vt 0.07778055965900421 0.27685868740081787 
vt 0.07189343124628067 0.2803639769554138 
vt 0.07585591822862625 0.28628671169281006 
vt 0.08627160638570786 0.27939701080322266 
vt 0.10155549645423889 0.28181445598602295 
vt 0.14604860544204712 0.28713279962539673 
vt 0.0921587347984314 0.29329729080200195 
vt 0.05389240384101868 0.2949894964694977 
vt 0.0413256511092186 0.312999427318573 
vt 0.08366768807172775 0.31843864917755127 
vt 0.03838208690285683 0.3172299265861511 
vt 0.08230911940336227 0.3226691782474518 
vt 0.12510401010513306 0.32810842990875244 
vt 0.12714186310768127 0.3239987790584564 
vt 0.16812533140182495 0.3335476517677307 
vt 0.18748492002487183 0.2919676899909973 
vt 0.13970862329006195 0.2995826303958893 
vt 0.18669243156909943 0.3058679699897766 
vt 0.17072924971580505 0.3296797573566437 
vt 0.21771305799484253 0.3354816138744354 
vt 0.21669413149356842 0.33959126472473145 
vt 0.25858330726623535 0.3449096381664276 
vt 0.25801724195480347 0.3409208357334137 
vt 0.30217069387435913 0.3410417139530182 
vt 0.3013782203197479 0.3451513648033142 
vt 0.3459845185279846 0.3411625921726227 
vt 0.3443995416164398 0.3455139994621277 
vt 0.38911905884742737 0.3458766043186188 
vt 0.38911905884742737 0.3412834703922272 
vt 0.43327251076698303 0.34140434861183167 
vt 0.43395179510116577 0.34611836075782776 
vt 0.4770863354206085 0.34648096561431885 
vt 0.4761806130409241 0.34152519702911377 
vt 0.5185226798057556 0.34140434861183167 
vt 0.5194283723831177 0.33693206310272217 
vt 0.5624496936798096 0.3313719630241394 
vt 0.5641478896141052 0.335965096950531 
vt 0.6105656623840332 0.33028411865234375 
vt 0.6070560216903687 0.32617446780204773 
vt 0.6504169702529907 0.32085609436035156 
vt 0.6539266109466553 0.3250866234302521 
vt 0.694117546081543 0.3156585991382599 
vt 0.6968346834182739 0.3198891282081604 
vt 0.7384974360466003 0.3148125112056732 
vt 0.7344217300415039 0.3108237087726593 
vt 0.6800790429115295 0.29559385776519775 
vt 0.7191378474235535 0.29365989565849304 
vt 0.6885700821876526 0.28689107298851013 
vt 0.7127978801727295 0.2858032286167145 
vt 0.2006177455186844 0.2929346561431885 
vt 0.20174989104270935 0.2787926495075226 
vt 0.6779279708862305 0.2803639769554138 
vt 0.6646819114685059 0.28157269954681396 
vt 0.6782675981521606 0.2696063816547394 
vt 0.6595873236656189 0.2647714912891388 
vt 0.6960422396659851 0.2623540461063385 
vt 0.6908343434333801 0.2534095346927643 
vt 0.6456620097160339 0.2302020937204361 
vt 0.6752108335494995 0.22609244287014008 
vt 0.640454113483429 0.21714791655540466 
vt 0.6685312390327454 0.21448874473571777 
vt 0.6286798715591431 0.20397287607192993 
vt 0.6607194542884827 0.20095106959342957 
vt 0.6161131262779236 0.181369811296463 
vt 0.6472469568252563 0.17750190198421478 
vt 0.6093202829360962 0.16904085874557495 
vt 0.5807903409004211 0.1726670265197754 
vt 0.5582607984542847 0.17556795477867126 
vt 0.5367501378059387 0.16759039461612701 
vt 0.5107108950614929 0.16432686150074005 
vt 0.5141072869300842 0.16904085874557495 
vt 0.5305233597755432 0.17097482085227966 
vt 0.5349386930465698 0.177260160446167 
vt 0.5442222356796265 0.17738103866577148 
vt 0.5486375689506531 0.1911604404449463 
vt 0.5850924849510193 0.18523772060871124 
vt 0.591658890247345 0.20276415348052979 
vt 0.618037760257721 0.21291740238666534 
vt 0.6242645382881165 0.21896100044250488 
vt 0.6249437928199768 0.2280264049768448 
vt 0.6132827997207642 0.2437397688627243 
vt 0.6223399043083191 0.27093595266342163 
vt 0.6301516890525818 0.28616583347320557 
vt 0.6375105977058411 0.30030786991119385 
vt 0.5893946290016174 0.3057470917701721 
vt 0.5903003215789795 0.2916050851345062 
vt 0.5753560662269592 0.2787926495075226 
vt 0.5770543217658997 0.2923302948474884 
vt 0.5707142949104309 0.24011360108852386 
vt 0.533806562423706 0.24071796238422394 
vt 0.544109046459198 0.2756499648094177 
vt 0.5640347003936768 0.28386926651000977 
vt 0.5459204316139221 0.28205618262290955 
vt 0.608980655670166 0.23588308691978455 
vt 0.6061502695083618 0.23189429938793182 
vt 0.6188302636146545 0.22718030214309692 
vt 0.6029803156852722 0.22718030214309692 
vt 0.6090938448905945 0.22452111542224884 
vt 0.618037760257721 0.21980710327625275 
vt 0.5815828442573547 0.23201517760753632 
vt 0.5872435569763184 0.2299603521823883 
vt 0.5807903409004211 0.2253672182559967 
vt 0.5913192629814148 0.22391675412654877 
vt 0.5949420928955078 0.22597157955169678 
vt 0.6012821197509766 0.2228289097547531 
vt 0.6084145903587341 0.22125756740570068 
vt 0.6123770475387573 0.21485134959220886 
vt 0.6062635183334351 0.21920274198055267 
vt 0.5991310477256775 0.21811489760875702 
vt 0.5931307077407837 0.22041146457195282 
vt 0.5836207270622253 0.21799401938915253 
vt 0.5727521777153015 0.22669680416584015 
vt 0.5564493536949158 0.22923512756824493 
vt 0.5306365489959717 0.22971861064434052 
vt 0.5263344049453735 0.21509309113025665 
vt 0.4990498423576355 0.23165255784988403 
vt 0.4920305907726288 0.24494847655296326 
vt 0.5178433656692505 0.28447362780570984 
vt 0.5324479937553406 0.2870119512081146 
vt 0.5495433211326599 0.28918763995170593 
vt 0.5596193671226501 0.28918763995170593 
vt 0.5687896609306335 0.2945060133934021 
vt 0.5583739876747131 0.29571473598480225 
vt 0.5552039742469788 0.293901652097702 
vt 0.5516943335533142 0.29402250051498413 
vt 0.5410522222518921 0.29136332869529724 
vt 0.5481847524642944 0.2948686182498932 
vt 0.5362972617149353 0.29631906747817993 
vt 0.5272401571273804 0.2961982190608978 
vt 0.5530529022216797 0.29631906747817993 
vt 0.5565625429153442 0.29801130294799805 
vt 0.5646007657051086 0.3009122312068939 
vt 0.5531661510467529 0.2987365126609802 
vt 0.5498829483985901 0.29801130294799805 
vt 0.5472790002822876 0.2961982190608978 
vt 0.5436561703681946 0.3017583191394806 
vt 0.5362972617149353 0.3063514530658722 
vt 0.5538454055786133 0.3036922812461853 
vt 0.5545247197151184 0.3091315031051636 
vt 0.5737711191177368 0.30502185225486755 
vt 0.5571286082267761 0.31638383865356445 
vt 0.5241833329200745 0.31130722165107727 
vt 0.5129751563072205 0.297406941652298 
vt 0.4710859954357147 0.31396639347076416 
vt 0.4682556390762329 0.2986156642436981 
vt 0.46576493978500366 0.2855614721775055 
vt 0.45976459980010986 0.2526842951774597 
vt 0.45874565839767456 0.24917900562286377 
vt 0.4846716821193695 0.24301452934741974 
vt 0.4920305907726288 0.23274041712284088 
vt 0.4722181260585785 0.23999272286891937 
vt 0.45693424344062805 0.24325627088546753 
vt 0.4419899880886078 0.24059708416461945 
vt 0.4276118278503418 0.24458587169647217 
vt 0.4190075397491455 0.24748679995536804 
vt 0.42727217078208923 0.28640758991241455 
vt 0.43553680181503296 0.2994617521762848 
vt 0.4263664782047272 0.31626296043395996 
vt 0.4156111478805542 0.31130722165107727 
vt 0.4228568375110626 0.30079135298728943 
vt 0.4164036214351654 0.29075896739959717 
vt 0.39285510778427124 0.28193530440330505 
vt 0.39308154582977295 0.2873745560646057 
vt 0.4088183045387268 0.29583558440208435 
vt 0.4122147262096405 0.301274836063385 
vt 0.40610116720199585 0.3068349361419678 
vt 0.3986290395259857 0.30308791995048523 
vt 0.4010065197944641 0.301274836063385 
vt 0.40010082721710205 0.2997035086154938 
vt 0.3944401144981384 0.29353901743888855 
vt 0.39511939883232117 0.2987365126609802 
vt 0.3955722451210022 0.301274836063385 
vt 0.3944401144981384 0.3033296465873718 
vt 0.3921758234500885 0.3078019320964813 
vt 0.39149653911590576 0.3021209239959717 
vt 0.3900247812271118 0.3011539578437805 
vt 0.390817254781723 0.29994523525238037 
vt 0.3798355162143707 0.3011539578437805 
vt 0.38243943452835083 0.2966817021369934 
vt 0.3833451569080353 0.30478012561798096 
vt 0.3893454968929291 0.3131202757358551 
vt 0.3885529935359955 0.3198891282081604 
vt 0.3736087381839752 0.3085271418094635 
vt 0.36885374784469604 0.301274836063385 
vt 0.37406158447265625 0.2920885682106018 
vt 0.3573059141635895 0.2883415222167969 
vt 0.3519848585128784 0.30296704173088074 
vt 0.3567398488521576 0.31360378861427307 
vt 0.3069256842136383 0.31203243136405945 
vt 0.2564322352409363 0.3105819821357727 
vt 0.22201518714427948 0.3173508048057556 
vt 0.20231595635414124 0.3041757643222809 
vt 0.22371339797973633 0.3100984990596771 
vt 0.2420540750026703 0.30731841921806335 
vt 0.22450590133666992 0.30502185225486755 
vt 0.21216557919979095 0.3017583191394806 
vt 0.2096748650074005 0.2949894964694977 
vt 0.2198641300201416 0.2966817021369934 
vt 0.22110947966575623 0.2988573908805847 
vt 0.2248455435037613 0.2998243570327759 
vt 0.2344687283039093 0.3032087981700897 
vt 0.25099799036979675 0.2972860634326935 
vt 0.26582902669906616 0.29813215136528015 
vt 0.3087371289730072 0.30054959654808044 
vt 0.3111146092414856 0.28652843832969666 
vt 0.3567398488521576 0.24760766327381134 
vt 0.3165488839149475 0.2534095346927643 
vt 0.26322507858276367 0.28459450602531433 
vt 0.3913833498954773 0.24748679995536804 
vt 0.4142525792121887 0.2344326227903366 
vt 0.4250079095363617 0.23431174457073212 
vt 0.43791428208351135 0.23431174457073212 
vt 0.44810354709625244 0.23382826149463654 
vt 0.45070746541023254 0.23648744821548462 
vt 0.4572739005088806 0.23370738327503204 
vt 0.45693424344062805 0.23830051720142365 
vt 0.44855639338493347 0.23080645501613617 
vt 0.43893322348594666 0.22693856060504913 
vt 0.42489469051361084 0.22258716821670532 
vt 0.41810184717178345 0.21932362020015717 
vt 0.390817254781723 0.2346743643283844 
vt 0.36387234926223755 0.23503698408603668 
vt 0.4555756747722626 0.2280264049768448 
vt 0.46350064873695374 0.22959773242473602 
vt 0.4544435441493988 0.22234541177749634 
vt 0.3593437671661377 0.21920274198055267 
vt 0.45331138372421265 0.21207129955291748 
vt 0.4539906680583954 0.21521396934986115 
vt 0.47131243348121643 0.22681768238544464 
vt 0.46734994649887085 0.23358651995658875 
vt 0.46395352482795715 0.2367291897535324 
vt 0.47697311639785767 0.23322390019893646 
vt 0.4798034727573395 0.2233123928308487 
vt 0.4904455840587616 0.21666443347930908 
vt 0.49078524112701416 0.19381962716579437 
vt 0.4912380874156952 0.18052370846271515 
vt 0.5018802285194397 0.17387574911117554 
vt 0.5167112350463867 0.17387574911117554 
vt 0.5231644511222839 0.1749635934829712 
vt 0.5246362090110779 0.17750190198421478 
vt 0.5179566144943237 0.17750190198421478 
vt 0.5223719477653503 0.1794358640909195 
vt 0.53041011095047 0.18294113874435425 
vt 0.5391275882720947 0.18596294522285461 
vt 0.5215794444084167 0.19877538084983826 
vt 0.5190887451171875 0.19031433761119843 
vt 0.5182962417602539 0.18535858392715454 
vt 0.506521999835968 0.18354550004005432 
vt 0.5133148431777954 0.1795567274093628 
vt 0.5103712677955627 0.17786452174186707 
vt 0.5115033984184265 0.17593057453632355 
vt 0.5002952218055725 0.1790732443332672 
vt 0.49972912669181824 0.18741340935230255 
vt 0.5178433656692505 0.18052370846271515 
vt 0.560185432434082 0.21340088546276093 
vt 0.5935835242271423 0.20892862975597382 
vt 0.5964139103889465 0.21315914392471313 
vt 0.5755825042724609 0.21678531169891357 
vt 0.8891853094100952 0.711030900478363 
vt 0.8637121319770813 0.7204589247703552 
vt 0.8345029354095459 0.7061960101127625 
vt 0.8333708047866821 0.7184041142463684 
vt 0.8015576601028442 0.7162284255027771 
vt 0.7768769860267639 0.7031742334365845 
vt 0.7729145288467407 0.7148988246917725 
vt 0.7444977760314941 0.7140527367591858 
vt 0.7169867753982544 0.7036577463150024 
vt 0.717552900314331 0.7136901021003723 
vt 0.6906079649925232 0.7140527367591858 
vt 0.717779278755188 0.7190084457397461 
vt 0.7417806386947632 0.7192502021789551 
vt 0.7694048881530762 0.7202171683311462 
vt 0.7991801500320435 0.7215467691421509 
vt 0.8306536674499512 0.7236015796661377 
vt 0.6581155061721802 0.7036577463150024 
vt 0.8000859022140503 0.726019024848938 
vt 0.7688388228416443 0.7246894240379333 
vt 0.7417806386947632 0.7237224578857422 
vt 0.7181189656257629 0.7233598828315735 
vt 0.6940043568611145 0.7192502021789551 
vt 0.6636630296707153 0.715019702911377 
vt 0.6363784074783325 0.7162284255027771 
vt 0.6030935049057007 0.7069212794303894 
vt 0.6673990488052368 0.7200962901115417 
vt 0.6947968602180481 0.7236015796661377 
vt 0.7187982201576233 0.7290408611297607 
vt 0.7447242140769958 0.729282557964325 
vt 0.7709898948669434 0.7300078272819519 
vt 0.7987273335456848 0.7317000031471252 
vt 0.829068660736084 0.7280738949775696 
vt 0.8638253808021545 0.7258981466293335 
vt 0.9039031267166138 0.7231181263923645 
vt 0.9461319446563721 0.7256564497947693 
vt 0.9436412453651428 0.7126022577285767 
vt 0.90277099609375 0.7286782264709473 
vt 0.8633725047111511 0.7303704619407654 
vt 0.8279365301132202 0.733996570110321 
vt 0.9448865652084351 0.7318208813667297 
vt 0.8994877934455872 0.7332713603973389 
vt 0.9423958659172058 0.7372601628303528 
vt 0.8980159759521484 0.7402819395065308 
vt 0.9380937218666077 0.7441498637199402 
vt 0.8982424139976501 0.7420949935913086 
vt 0.9373012185096741 0.7458420395851135 
vt 0.8619007468223572 0.7371392846107483 
vt 0.8435600399971008 0.7370184063911438 
vt 0.8608818054199219 0.7387105822563171 
vt 0.8665425181388855 0.7565996646881104 
vt 0.8983556032180786 0.7625223994255066 
vt 0.9314141273498535 0.7665111422538757 
vt 0.9263194799423218 0.7771478891372681 
vt 0.8980159759521484 0.7746095657348633 
vt 0.9164698719978333 0.7924986481666565 
vt 0.8922420740127563 0.7885098457336426 
vt 0.9035634994506836 0.8074867725372314 
vt 0.8739014267921448 0.7715877890586853 
vt 0.8531832695007324 0.7711042761802673 
vt 0.8722031712532043 0.7862132787704468 
vt 0.8509189486503601 0.7602258324623108 
vt 0.8399372100830078 0.7452377080917358 
vt 0.8050673007965088 0.7488638758659363 
vt 0.8268043994903564 0.7355679273605347 
vt 0.7982744574546814 0.7332713603973389 
vt 0.8373332619667053 0.7506769299507141 
vt 0.8174076080322266 0.7538195848464966 
vt 0.8091430068016052 0.7601049542427063 
vt 0.7955573201179504 0.757929265499115 
vt 0.7840095162391663 0.7667528986930847 
vt 0.7814055681228638 0.7565996646881104 
vt 0.7865002155303955 0.7476551532745361 
vt 0.7688388228416443 0.7460837960243225 
vt 0.7711030840873718 0.7315791249275208 
vt 0.7450639009475708 0.7308539152145386 
vt 0.7971423268318176 0.7675989866256714 
vt 0.7444977760314941 0.7434245944023132 
vt 0.7468752861022949 0.7520065307617188 
vt 0.7660084366798401 0.7555118203163147 
vt 0.7742730975151062 0.766148567199707 
vt 0.7776694893836975 0.7732799649238586 
vt 0.7872927188873291 0.7737634778022766 
vt 0.7725749015808105 0.7796862125396729 
vt 0.7819716334342957 0.7802905440330505 
vt 0.7746127247810364 0.7889933586120605 
vt 0.7849152088165283 0.789355993270874 
vt 0.7744995355606079 0.8009597063064575 
vt 0.7859341502189636 0.7990257143974304 
vt 0.7868398427963257 0.8097833395004272 
vt 0.7930666208267212 0.8059154152870178 
vt 0.8098222613334656 0.8051902055740356 
vt 0.8134451508522034 0.8134095072746277 
vt 0.8446921706199646 0.8061571717262268 
vt 0.8297479748725891 0.7997509837150574 
vt 0.8635989427566528 0.7968500256538391 
vt 0.8495603799819946 0.7934656143188477 
vt 0.8552210927009583 0.7846419811248779 
vt 0.7191378474235535 0.7453585863113403 
vt 0.8799017667770386 0.8012014031410217 
vt 0.8852227926254272 0.8216288089752197 
vt 0.8623535633087158 0.8130468726158142 
vt 0.8623535633087158 0.8340786099433899 
vt 0.8382390141487122 0.8225957751274109 
vt 0.8176340460777283 0.8279141187667847 
vt 0.7926137447357178 0.8167939186096191 
vt 0.772688090801239 0.8077285289764404 
vt 0.7691784501075745 0.7967291474342346 
vt 0.8411825895309448 0.842056155204773 
vt 0.7636309862136841 0.7946743369102478 
vt 0.7594420313835144 0.7973335385322571 
vt 0.7637441754341125 0.8007179498672485 
vt 0.7618195414543152 0.7909272909164429 
vt 0.7679331302642822 0.7883889675140381 
vt 0.766348123550415 0.7789610028266907 
vt 0.7703105807304382 0.7729173898696899 
vt 0.7622724175453186 0.7662694454193115 
vt 0.7519699335098267 0.7663902640342712 
vt 0.7588759660720825 0.772433876991272 
vt 0.744158148765564 0.772192120552063 
vt 0.7360067367553711 0.7783566117286682 
vt 0.7558192014694214 0.7772687673568726 
vt 0.7318178415298462 0.7848836779594421 
vt 0.7508378028869629 0.783916711807251 
vt 0.7544606328010559 0.789114236831665 
vt 0.7483471035957336 0.7905647158622742 
vt 0.7384974360466003 0.7895976901054382 
vt 0.7461960315704346 0.7937073707580566 
vt 0.7283082008361816 0.7892351150512695 
vt 0.7186850309371948 0.7902020812034607 
vt 0.7187982201576233 0.7852463126182556 
vt 0.7189114689826965 0.780894935131073 
vt 0.7250249981880188 0.777389645576477 
vt 0.7336292862892151 0.7754557132720947 
vt 0.7420070767402649 0.7715877890586853 
vt 0.7476677894592285 0.7662694454193115 
vt 0.7459695935249329 0.7601049542427063 
vt 0.7401956915855408 0.7536987066268921 
vt 0.7305724620819092 0.7511604428291321 
vt 0.7292138934135437 0.7523691654205322 
vt 0.7379313707351685 0.754665732383728 
vt 0.7432524561882019 0.7605884075164795 
vt 0.7448374629020691 0.7662694454193115 
vt 0.7397428154945374 0.7709833979606628 
vt 0.7328367829322815 0.7742469906806946 
vt 0.7244589328765869 0.7763018012046814 
vt 0.7189114689826965 0.7784774899482727 
vt 0.7189114689826965 0.777389645576477 
vt 0.712684690952301 0.7760600447654724 
vt 0.7118921875953674 0.7771478891372681 
vt 0.7055521607398987 0.7740052342414856 
vt 0.7044200301170349 0.7752139568328857 
vt 0.6986461281776428 0.7712251543998718 
vt 0.6964950561523438 0.7718295454978943 
vt 0.6929854154586792 0.7660276889801025 
vt 0.6901550889015198 0.766148567199707 
vt 0.6946836709976196 0.7604675889015198 
vt 0.6920797228813171 0.7599840760231018 
vt 0.7001179456710815 0.754665732383728 
vt 0.6979668736457825 0.7535778284072876 
vt 0.7099675536155701 0.7521274089813232 
vt 0.7086089849472046 0.7507978081703186 
vt 0.7191378474235535 0.7509186863899231 
vt 0.6912872195243835 0.7518856525421143 
vt 0.6859661936759949 0.766148567199707 
vt 0.6936647295951843 0.7719504237174988 
vt 0.7018161416053772 0.7781148552894592 
vt 0.7057785987854004 0.7847628593444824 
vt 0.7091750502586365 0.789114236831665 
vt 0.7186850309371948 0.7949160933494568 
vt 0.7269496321678162 0.7945534586906433 
vt 0.7369124889373779 0.7935864925384521 
vt 0.7483471035957336 0.7962456941604614 
vt 0.7380446195602417 0.7987839579582214 
vt 0.7278553247451782 0.7996301054954529 
vt 0.7185717821121216 0.7996301054954529 
vt 0.7104203701019287 0.7945534586906433 
vt 0.7480074167251587 0.8033771514892578 
vt 0.7296667695045471 0.8047066926956177 
vt 0.7185717821121216 0.804344117641449 
vt 0.7092882394790649 0.7996301054954529 
vt 0.7528756260871887 0.7979378700256348 
vt 0.7423467636108398 0.8135303854942322 
vt 0.7312517762184143 0.8176400065422058 
vt 0.7183453440666199 0.8170356750488281 
vt 0.7073636054992676 0.8045858144760132 
vt 0.6992121934890747 0.7985422611236572 
vt 0.7004575729370117 0.7934656143188477 
vt 0.6898154616355896 0.7960039377212524 
vt 0.6891361474990845 0.8031353950500488 
vt 0.6849472522735596 0.7974544167518616 
vt 0.6782675981521606 0.7968500256538391 
vt 0.6733993887901306 0.8003553152084351 
vt 0.6643422842025757 0.807365894317627 
vt 0.6680783629417419 0.7963665723800659 
vt 0.6745315790176392 0.7944325804710388 
vt 0.6760033369064331 0.7905647158622742 
vt 0.6695501208305359 0.7881472706794739 
vt 0.6867586374282837 0.7836750149726868 
vt 0.6835886836051941 0.788872480392456 
vt 0.6895890235900879 0.7903229594230652 
vt 0.698985755443573 0.7894768714904785 
vt 0.691740095615387 0.7933447360992432 
vt 0.7054389715194702 0.8175191283226013 
vt 0.6944572329521179 0.8134095072746277 
vt 0.6818904876708984 0.7770270109176636 
vt 0.6789469122886658 0.772192120552063 
vt 0.6713615655899048 0.7785983681678772 
vt 0.6559644341468811 0.7790818214416504 
vt 0.6675122976303101 0.7725547552108765 
vt 0.6505301594734192 0.7732799649238586 
vt 0.6755504608154297 0.7660276889801025 
vt 0.6636630296707153 0.7657859325408936 
vt 0.6721540689468384 0.7551491856575012 
vt 0.6525680422782898 0.788872480392456 
vt 0.6407938003540039 0.7671155333518982 
vt 0.6293591856956482 0.7593796849250793 
vt 0.6567569375038147 0.7562370300292969 
vt 0.6695501208305359 0.7458420395851135 
vt 0.693891167640686 0.7433037161827087 
vt 0.6935514807701111 0.7308539152145386 
vt 0.6676254868507385 0.731458306312561 
vt 0.6405673623085022 0.7327878475189209 
vt 0.6518887281417847 0.7472925186157227 
vt 0.6333216428756714 0.7483803629875183 
vt 0.6208680868148804 0.7533361315727234 
vt 0.5984517335891724 0.7446333169937134 
vt 0.6008292436599731 0.7499517202377319 
vt 0.5871303677558899 0.7595005631446838 
vt 0.5715067982673645 0.7558744549751282 
vt 0.5846396088600159 0.7703790664672852 
vt 0.7191378474235535 0.7493473291397095 
vt 0.5949420928955078 0.7362931370735168 
vt 0.611697793006897 0.7348427176475525 
vt 0.6098863482475281 0.7332713603973389 
vt 0.6393219828605652 0.731216549873352 
vt 0.6670594215393066 0.7297660708427429 
vt 0.6929854154586792 0.729282557964325 
vt 0.7192510962486267 0.7307330369949341 
vt 0.6686444282531738 0.7245686054229736 
vt 0.6405673623085022 0.726019024848938 
vt 0.6107920408248901 0.7279530167579651 
vt 0.5761485695838928 0.7303704619407654 
vt 0.5758089423179626 0.7361723184585571 
vt 0.5772807002067566 0.7378644943237305 
vt 0.5398069024085999 0.7412489056587219 
vt 0.5398069024085999 0.7393149733543396 
vt 0.49972912669181824 0.7433037161827087 
vt 0.49599307775497437 0.737501859664917 
vt 0.5393540263175964 0.7333922386169434 
vt 0.5006348490715027 0.7451168298721313 
vt 0.5396936535835266 0.7616763114929199 
vt 0.506748378276825 0.7656650543212891 
vt 0.5118430256843567 0.7763018012046814 
vt 0.5399200916290283 0.7737634778022766 
vt 0.5214661955833435 0.7915316820144653 
vt 0.5454676151275635 0.7876637578010559 
vt 0.5339197516441345 0.8063989281654358 
vt 0.5575814843177795 0.8002344369888306 
vt 0.5518075823783875 0.8205409646034241 
vt 0.5639214515686035 0.7708625793457031 
vt 0.5655064582824707 0.7853671908378601 
vt 0.5738843083381653 0.7960039377212524 
vt 0.5824885964393616 0.783916711807251 
vt 0.5879228711128235 0.7927404046058655 
vt 0.6075088381767273 0.7991465926170349 
vt 0.5925646424293518 0.8054319620132446 
vt 0.6272081136703491 0.8047066926956177 
vt 0.5746768116950989 0.812079906463623 
vt 0.5742239356040955 0.8331116437911987 
vt 0.5985649824142456 0.8217496871948242 
vt 0.6212077736854553 0.812321662902832 
vt 0.6500773429870605 0.8094207048416138 
vt 0.6439637541770935 0.8054319620132446 
vt 0.6513226628303528 0.7986631393432617 
vt 0.66264408826828 0.7986631393432617 
vt 0.6441901922225952 0.8163104057312012 
vt 0.618943452835083 0.8271889090538025 
vt 0.595055341720581 0.8412100672721863 
vt 0.6495112776756287 0.8473745584487915 
vt 0.6549455523490906 0.8344412446022034 
vt 0.6675122976303101 0.8252549767494202 
vt 0.6902682781219482 0.839034378528595 
vt 0.6935514807701111 0.8317820429801941 
vt 0.7056654095649719 0.8176400065422058 
vt 0.6883436441421509 0.8477371335029602 
vt 0.6542662382125854 0.8607913255691528 
vt 0.5940364003181458 0.8551103472709656 
vt 0.6166791915893555 0.8687688708305359 
vt 0.5732049942016602 0.8629670143127441 
vt 0.5955081582069397 0.8757794499397278 
vt 0.5715067982673645 0.8855701088905334 
vt 0.5506754517555237 0.8751751184463501 
vt 0.5547511577606201 0.8970529437065125 
vt 0.531655490398407 0.8889545202255249 
vt 0.541391909122467 0.9104697108268738 
vt 0.5159187316894531 0.9034591317176819 
vt 0.5332404971122742 0.9240073561668396 
vt 0.5048237442970276 0.9191725254058838 
vt 0.53041011095047 0.9339188933372498 
vt 0.49938949942588806 0.9301718473434448 
vt 0.4922569990158081 0.9514453411102295 
vt 0.5321083664894104 0.9557967185974121 
vt 0.49135130643844604 0.9532583951950073 
vt 0.5329008102416992 0.9578515291213989 
vt 0.48716238141059875 0.9593020081520081 
vt 0.5319951176643372 0.9640160202980042 
vt 0.4842188060283661 0.9649829864501953 
vt 0.5282590389251709 0.9688509106636047 
vt 0.48252061009407043 0.9715100526809692 
vt 0.526787281036377 0.9746527671813965 
vt 0.541618287563324 0.9872234463691711 
vt 0.5689029097557068 0.977795422077179 
vt 0.5974327921867371 0.9918165802955627 
vt 0.4830866754055023 0.9835972785949707 
vt 0.5691293478012085 0.9721144437789917 
vt 0.5698086023330688 0.9674004316329956 
vt 0.5696954131126404 0.9615985751152039 
vt 0.5702614784240723 0.959543764591217 
vt 0.5689029097557068 0.9417755603790283 
vt 0.5646007657051086 0.92763352394104 
vt 0.5659593343734741 0.9177220463752747 
vt 0.571393609046936 0.9028548002243042 
vt 0.5915457010269165 0.8924598097801208 
vt 0.5827149748802185 0.9064809083938599 
vt 0.5809035897254944 0.9217107892036438 
vt 0.5819224715232849 0.92763352394104 
vt 0.5835074782371521 0.9382702708244324 
vt 0.5922249555587769 0.9524123072624207 
vt 0.5951685309410095 0.9469730854034424 
vt 0.613848865032196 0.943105161190033 
vt 0.6230191588401794 0.9481817483901978 
vt 0.6294723749160767 0.9334353804588318 
vt 0.640454113483429 0.9366989135742188 
vt 0.6467941403388977 0.9236447811126709 
vt 0.654153048992157 0.9255787134170532 
vt 0.6593608856201172 0.916150689125061 
vt 0.6507565975189209 0.9140958786010742 
vt 0.6493980288505554 0.9061183333396912 
vt 0.6584551930427551 0.9078105092048645 
vt 0.6580023169517517 0.8981407880783081 
vt 0.6495112776756287 0.8983824849128723 
vt 0.6422655582427979 0.890163242816925 
vt 0.6467941403388977 0.8871414065361023 
vt 0.6200756430625916 0.88520747423172 
vt 0.6418126821517944 0.8803725838661194 
vt 0.6672858595848083 0.8713071942329407 
vt 0.6908343434333801 0.8564399480819702 
vt 0.6945704221725464 0.8645383715629578 
vt 0.62505704164505 0.8902840614318848 
vt 0.6021878123283386 0.8974155187606812 
vt 0.7178925275802612 0.8558355569839478 
vt 0.717779278755188 0.862241804599762 
vt 0.7047597169876099 0.8792847394943237 
vt 0.6928722262382507 0.8853283524513245 
vt 0.6624176502227783 0.8894379734992981 
vt 0.664115846157074 0.9007999300956726 
vt 0.717552900314331 0.8797682523727417 
vt 0.6731730103492737 0.8951189517974854 
vt 0.6891361474990845 0.893668532371521 
vt 0.7045332789421082 0.8792847394943237 
vt 0.6772487163543701 0.8991077542304993 
vt 0.6712483167648315 0.9021295309066772 
vt 0.6728333234786987 0.9063600897789001 
vt 0.6661537289619446 0.9096236228942871 
vt 0.6673990488052368 0.9173594117164612 
vt 0.6637762188911438 0.9272709488868713 
vt 0.6548323035240173 0.9402042031288147 
vt 0.6481527090072632 0.9495113492012024 
vt 0.6059238910675049 0.9629281759262085 
vt 0.5890550017356873 0.9613568186759949 
vt 0.6052445769309998 0.9647412300109863 
vt 0.6851736903190613 0.8992286324501038 
vt 0.636265218257904 0.9652247428894043 
vt 0.6669462323188782 0.9512035846710205 
vt 0.6686444282531738 0.9425007700920105 
vt 0.6737390756607056 0.9287213683128357 
vt 0.6800790429115295 0.9189307689666748 
vt 0.6833622455596924 0.9139750003814697 
vt 0.6822301149368286 0.9080522656440735 
vt 0.6882304549217224 0.9061183333396912 
vt 0.6988725662231445 0.9073270559310913 
vt 0.6899286508560181 0.9035800099372864 
vt 0.7009103894233704 0.9026130437850952 
vt 0.689022958278656 0.9011625647544861 
vt 0.6986461281776428 0.8983824849128723 
vt 0.7064579129219055 0.8924598097801208 
vt 0.717552900314331 0.8798890709877014 
vt 0.7174396514892578 0.8925806283950806 
vt 0.7284213900566101 0.8925806283950806 
vt 0.7268364429473877 0.8975363969802856 
vt 0.7360067367553711 0.8985033631324768 
vt 0.7457431554794312 0.8937893509864807 
vt 0.7305724620819092 0.8794056177139282 
vt 0.7421203255653381 0.885449230670929 
vt 0.7079296708106995 0.8974155187606812 
vt 0.7173264622688293 0.8974155187606812 
vt 0.7101939916610718 0.9023712873458862 
vt 0.7080429196357727 0.90768963098526 
vt 0.7173264622688293 0.9021295309066772 
vt 0.7243456840515137 0.9023712873458862 
vt 0.7336292862892151 0.9027339220046997 
vt 0.7458563446998596 0.9012834429740906 
vt 0.7501584887504578 0.8993495106697083 
vt 0.7572909593582153 0.8993495106697083 
vt 0.7615931034088135 0.8953607082366943 
vt 0.7704238295555115 0.9010416865348816 
vt 0.762951672077179 0.9024921655654907 
vt 0.7603477835655212 0.9068435430526733 
vt 0.7682727575302124 0.9098653793334961 
vt 0.7510642409324646 0.9142167568206787 
vt 0.7533285021781921 0.9082940220832825 
vt 0.7461960315704346 0.9062392115592957 
vt 0.7356671094894409 0.9074479341506958 
vt 0.7443845868110657 0.9037008881568909 
vt 0.7172132134437561 0.9070852994918823 
vt 0.7264967560768127 0.90768963098526 
vt 0.7304592728614807 0.9124036431312561 
vt 0.7542341947555542 0.9191725254058838 
vt 0.7669141888618469 0.9176011681556702 
vt 0.7760844826698303 0.9080522656440735 
vt 0.7749523520469666 0.91639244556427 
vt 0.776650607585907 0.8977781534194946 
vt 0.7724616527557373 0.8898006081581116 
vt 0.7680463194847107 0.8715489506721497 
vt 0.7304592728614807 0.8794056177139282 
vt 0.7409881949424744 0.8646592497825623 
vt 0.7449506521224976 0.8566816449165344 
vt 0.7476677894592285 0.8479788899421692 
vt 0.7180057168006897 0.8480997681617737 
vt 0.7181189656257629 0.8403639793395996 
vt 0.7181189656257629 0.8341994881629944 
vt 0.7183453440666199 0.8171565532684326 
vt 0.7310253381729126 0.8176400065422058 
vt 0.7427995800971985 0.8319029211997986 
vt 0.7812923789024353 0.8611539602279663 
vt 0.7865002155303955 0.8478580117225647 
vt 0.7812923789024353 0.8349246978759766 
vt 0.769065260887146 0.8254966735839844 
vt 0.7458563446998596 0.8391552567481995 
vt 0.8185397386550903 0.8693732619285583 
vt 0.8416354060173035 0.8559564352035522 
vt 0.8621271252632141 0.8640548586845398 
vt 0.8394843339920044 0.87650465965271 
vt 0.8631460666656494 0.8865370750427246 
vt 0.8840906620025635 0.8762629628181458 
vt 0.8794488906860352 0.8980199098587036 
vt 0.9026577472686768 0.8900423645973206 
vt 0.8923552632331848 0.9114366769790649 
vt 0.9179416298866272 0.904667854309082 
vt 0.900053858757019 0.924853503704071 
vt 0.9283573627471924 0.9202603697776794 
vt 0.9025445580482483 0.9347649812698364 
vt 0.9334519505500793 0.931380569934845 
vt 0.9395655393600464 0.9525331854820251 
vt 0.9001670479774475 0.9562802314758301 
vt 0.9402447938919067 0.9542253613471985 
vt 0.8990349173545837 0.9582141637802124 
vt 0.9448865652084351 0.9612359404563904 
vt 0.9007331132888794 0.9653456211090088 
vt 0.9474905133247375 0.9669169187545776 
vt 0.9041295647621155 0.9700596332550049 
vt 0.948849081993103 0.9732022881507874 
vt 0.9052616953849792 0.9758614897727966 
vt 0.8902042508125305 0.9883112907409668 
vt 0.8640517592430115 0.9785206317901611 
vt 0.8338236212730408 0.9931461811065674 
vt 0.7931798100471497 0.8808560967445374 
vt 0.948849081993103 0.9866190552711487 
vt 0.8642781972885132 0.9729605317115784 
vt 0.8638253808021545 0.9683673977851868 
vt 0.8623535633087158 0.9615985751152039 
vt 0.8625800013542175 0.9597854614257812 
vt 0.8642781972885132 0.9422590732574463 
vt 0.8689199686050415 0.9282379150390625 
vt 0.8677878379821777 0.9184472560882568 
vt 0.8628064393997192 0.9037008881568909 
vt 0.842993974685669 0.8930641412734985 
vt 0.8112940788269043 0.884965717792511 
vt 0.7880852222442627 0.8875040411949158 
vt 0.78514164686203 0.8987451195716858 
vt 0.7925005555152893 0.8905258178710938 
vt 0.8095958828926086 0.8908884525299072 
vt 0.8322386741638184 0.8981407880783081 
vt 0.851485013961792 0.9072061777114868 
vt 0.8528435826301575 0.9223151803016663 
vt 0.8517114520072937 0.9282379150390625 
vt 0.850013256072998 0.9386329054832458 
vt 0.8409561514854431 0.9526540637016296 
vt 0.8382390141487122 0.9473356604576111 
vt 0.8440129160881042 0.9614776968955994 
vt 0.8273704648017883 0.9646203517913818 
vt 0.8286157846450806 0.9705430865287781 
vt 0.8300876021385193 0.9752570986747742 
vt 0.8329179286956787 0.9804546236991882 
vt 0.8003122806549072 0.9826303124427795 
vt 0.7748391628265381 0.9956844449043274 
vt 0.7980480194091797 0.9771910309791565 
vt 0.799066960811615 0.9725978970527649 
vt 0.7977083921432495 0.9669169187545776 
vt 0.7974819540977478 0.9652247428894043 
vt 0.8273704648017883 0.9629281759262085 
vt 0.8106147646903992 0.9483026266098022 
vt 0.8197851181030273 0.9433469176292419 
vt 0.7934062480926514 0.9369406700134277 
vt 0.8045012354850769 0.9336771368980408 
vt 0.7857077121734619 0.9496322274208069 
vt 0.7669141888618469 0.951324462890625 
vt 0.7791413068771362 0.9403250813484192 
vt 0.7800469994544983 0.9258204698562622 
vt 0.7874059081077576 0.9238864779472351 
vt 0.7835566401481628 0.9143376350402832 
vt 0.7850283980369568 0.9064809083938599 
vt 0.7704238295555115 0.9275126457214355 
vt 0.7654423713684082 0.942621648311615 
vt 0.7604609727859497 0.9288422465324402 
vt 0.7357802987098694 0.919655978679657 
vt 0.7172132134437561 0.9119201898574829 
vt 0.7039672136306763 0.9122827649116516 
vt 0.6986461281776428 0.9195351004600525 
vt 0.7171000242233276 0.9160298109054565 
vt 0.7087221741676331 0.919655978679657 
vt 0.7171000242233276 0.9189307689666748 
vt 0.7171000242233276 0.9202603697776794 
vt 0.7255910634994507 0.9197768568992615 
vt 0.7257042527198792 0.9213482141494751 
vt 0.7339689135551453 0.9220734238624573 
vt 0.7328367829322815 0.9232821464538574 
vt 0.7421203255653381 0.9265456795692444 
vt 0.7391767501831055 0.9270291924476624 
vt 0.746309220790863 0.9310179352760315 
vt 0.7430260181427002 0.931622326374054 
vt 0.746309220790863 0.9379076361656189 
vt 0.7412145733833313 0.9369406700134277 
vt 0.7396296262741089 0.9429842829704285 
vt 0.736346423625946 0.9416546821594238 
vt 0.7301196455955505 0.9469730854034424 
vt 0.7278553247451782 0.9450390934944153 
vt 0.7169867753982544 0.9487861394882202 
vt 0.7169867753982544 0.9466104507446289 
vt 0.7061182856559753 0.9451599717140198 
vt 0.703853964805603 0.9469730854034424 
vt 0.6977404356002808 0.9416546821594238 
vt 0.6944572329521179 0.9429842829704285 
vt 0.6929854154586792 0.9369406700134277 
vt 0.6878908276557922 0.9377867579460144 
vt 0.6912872195243835 0.931622326374054 
vt 0.6880040168762207 0.930897057056427 
vt 0.6952497363090515 0.9269083142280579 
vt 0.6921929121017456 0.9264248013496399 
vt 0.7014764547348022 0.9231612682342529 
vt 0.7003443241119385 0.9219525456428528 
vt 0.7098543047904968 0.9208647012710571 
vt 0.6827961802482605 0.9295675158500671 
vt 0.6834754347801208 0.9439512491226196 
vt 0.7169867753982544 0.9526540637016296 
vt 0.7504981756210327 0.9440721273422241 
vt 0.7514038681983948 0.9296883344650269 
vt 0.7457431554794312 0.9522914290428162 
vt 0.7697445154190063 0.9667960405349731 
vt 0.7695180773735046 0.9684882760047913 
vt 0.7673670053482056 0.9736857414245605 
vt 0.7677066922187805 0.9782789349555969 
vt 0.7711030840873718 0.9837181568145752 
vt 0.7423467636108398 0.9844433665275574 
vt 0.7110996842384338 0.9961679577827454 
vt 0.7397428154945374 0.9791250228881836 
vt 0.7397428154945374 0.9746527671813965 
vt 0.7427995800971985 0.969092607498169 
vt 0.7432524561882019 0.9674004316329956 
vt 0.7168735861778259 0.9675213098526001 
vt 0.7164207100868225 0.969092607498169 
vt 0.7157414555549622 0.9748944640159607 
vt 0.715401828289032 0.9793667793273926 
vt 0.7151753902435303 0.9846851229667664 
vt 0.687777578830719 0.9844433665275574 
vt 0.6542662382125854 0.9952009916305542 
vt 0.6599269509315491 0.9835972785949707 
vt 0.6319630742073059 0.9822676777839661 
vt 0.6008292436599731 0.9802128672599792 
vt 0.6039992570877075 0.974773645401001 
vt 0.6911740303039551 0.9791250228881836 
vt 0.6637762188911438 0.9782789349555969 
vt 0.6358123421669006 0.9769493341445923 
vt 0.6918532848358154 0.9746527671813965 
vt 0.6901550889015198 0.9689717888832092 
vt 0.6906079649925232 0.9674004316329956 
vt 0.6882304549217224 0.9521705508232117 
vt 0.664115846157074 0.9667960405349731 
vt 0.6352462768554688 0.9670377969741821 
vt 0.6058106422424316 0.9700596332550049 
vt 0.6363784074783325 0.9722353219985962 
vt 0.6651347875595093 0.9736857414245605 
vt 0.6635497808456421 0.9684882760047913 
vt 0.37870335578918457 0.9547088742256165 
vt 0.375986248254776 0.9315014481544495 
vt 0.39387404918670654 0.9348858594894409 
vt 0.4020254611968994 0.9331936240196228 
vt 0.37247660756111145 0.9741692543029785 
vt 0.3403238356113434 0.974531888961792 
vt 0.34122952818870544 0.9562802314758301 
vt 0.36987268924713135 0.9889156222343445 
vt 0.3393048942089081 0.9889156222343445 
vt 0.3121335506439209 0.9889156222343445 
vt 0.30885031819343567 0.9748944640159607 
vt 0.3038689196109772 0.9579724073410034 
vt 0.3111146092414856 0.9317432045936584 
vt 0.34224846959114075 0.9296883344650269 
vt 0.31541675329208374 0.9023712873458862 
vt 0.3453052341938019 0.9006791114807129 
vt 0.3160960376262665 0.8028936386108398 
vt 0.34247487783432007 0.8028936386108398 
vt 0.3413427472114563 0.7863341569900513 
vt 0.3697594702243805 0.789114236831665 
vt 0.36885374784469604 0.8027727603912354 
vt 0.3453052341938019 0.9006791114807129 
vt 0.3772315979003906 0.9126453995704651 
vt 0.2975289225578308 0.9412920475006104 
vt 0.2673007845878601 0.9412920475006104 
vt 0.39330798387527466 0.8024101257324219 
vt 0.3939872682094574 0.7898394465446472 
vt 0.4142525792121887 0.9331936240196228 
vt 0.41470542550086975 0.8027727603912354 
vt 0.4346310794353485 0.8031353950500488 
vt 0.4365557134151459 0.7934656143188477 
vt 0.4150450527667999 0.7915316820144653 
vt 0.4406314194202423 0.7903229594230652 
vt 0.39410048723220825 0.7879055142402649 
vt 0.36851412057876587 0.7864550352096558 
vt 0.34224846959114075 0.783916711807251 
vt 0.3126996159553528 0.7829497456550598 
vt 0.27035757899284363 0.8025310039520264 
vt 0.2498658448457718 0.9412920475006104 
vt 0.2522433400154114 0.8028936386108398 
vt 0.2294873148202896 0.9412920475006104 
vt 0.22937411069869995 0.8031353950500488 
vt 0.18771135807037354 0.9225569367408752 
vt 0.18839064240455627 0.9329519271850586 
vt 0.20141024887561798 0.9412920475006104 
vt 0.19574955105781555 0.9603898525238037 
vt 0.15657749772071838 0.9596646428108215 
vt 0.1568039357662201 0.928117036819458 
vt 0.1252172291278839 0.931138813495636 
vt 0.4307818114757538 0.9323475360870361 
vt 0.15657749772071838 0.9180846214294434 
vt 0.12544365227222443 0.9208647012710571 
vt 0.10721620172262192 0.9359737038612366 
vt 0.1215943768620491 0.9590602517127991 
vt 0.1560114324092865 0.9757406115531921 
vt 0.1275947242975235 0.9781580567359924 
vt 0.13133077323436737 0.9897617697715759 
vt 0.15612465143203735 0.9897617697715759 
vt 0.1870320737361908 0.9897617697715759 
vt 0.18929634988307953 0.9781580567359924 
vt 0.09895157814025879 0.9357319474220276 
vt 0.12714186310768127 0.8030145168304443 
vt 0.26979151368141174 0.7857298254966736 
vt 0.24952620267868042 0.7885098457336426 
vt 0.09951764345169067 0.8033771514892578 
vt 0.08763017505407333 0.9352484941482544 
vt 0.08038447797298431 0.8037397265434265 
vt 0.07053486257791519 0.9346441030502319 
vt 0.056949183344841 0.8045858144760132 
vt 0.07744091749191284 0.7939491271972656 
vt 0.05581704154610634 0.7949160933494568 
vt 0.07619556039571762 0.7910481691360474 
vt 0.05536418780684471 0.7911690473556519 
vt 0.051628123968839645 0.7532152533531189 
vt 0.07653520256280899 0.7504351735115051 
vt 0.054232046008110046 0.7272277474403381 
vt 0.09781943261623383 0.7917734384536743 
vt 0.09883835911750793 0.7943117022514343 
vt 0.12748150527477264 0.7950369715690613 
vt 0.1257832944393158 0.7922568917274475 
vt 0.09951764345169067 0.7524899840354919 
vt 0.08491303771734238 0.7500725984573364 
vt 0.10019692778587341 0.7472925186157227 
vt 0.10008371621370316 0.7512812614440918 
vt 0.12623615562915802 0.7523691654205322 
vt 0.14978466928005219 0.7922568917274475 
vt 0.15329429507255554 0.7949160933494568 
vt 0.1534075140953064 0.8028936386108398 
vt 0.1800128072500229 0.8026518821716309 
vt 0.22790232300758362 0.7906855344772339 
vt 0.1794467270374298 0.7944325804710388 
vt 0.17729566991329193 0.792136013507843 
vt 0.17774851620197296 0.734480082988739 
vt 0.15352071821689606 0.7515230178833008 
vt 0.1268022209405899 0.7511604428291321 
vt 0.11015976220369339 0.7458420395851135 
vt 0.09940443187952042 0.7454794049263 
vt 0.11015976220369339 0.7440289855003357 
vt 0.12567007541656494 0.7477760314941406 
vt 0.1257832944393158 0.7465673089027405 
vt 0.14072753489017487 0.7506769299507141 
vt 0.1523885875940323 0.7390732169151306 
vt 0.15250179171562195 0.7290408611297607 
vt 0.17786173522472382 0.7291617393493652 
vt 0.22960053384304047 0.7277112603187561 
vt 0.22393983602523804 0.7854880690574646 
vt 0.24601656198501587 0.7854880690574646 
vt 0.267866849899292 0.7824662923812866 
vt 0.3115674555301666 0.7756974101066589 
vt 0.3425880968570709 0.769412100315094 
vt 0.36964625120162964 0.7651815414428711 
vt 0.3950061798095703 0.7598631978034973 
vt 0.41787540912628174 0.7894768714904785 
vt 0.43666893243789673 0.7523691654205322 
vt 0.417196124792099 0.7555118203163147 
vt 0.12487757951021194 0.7422158718109131 
vt 0.12725508213043213 0.7284364700317383 
vt 0.4133468568325043 0.7278321385383606 
vt 0.43949928879737854 0.7269859910011292 
vt 0.4281778931617737 0.6534958481788635 
vt 0.40712007880210876 0.6526497602462769 
vt 0.428404301404953 0.6515619158744812 
vt 0.40610116720199585 0.6502323150634766 
vt 0.42478147149086 0.6372990012168884 
vt 0.40474259853363037 0.6316180229187012 
vt 0.4080258011817932 0.6296840310096741 
vt 0.428404301404953 0.6348815560340881 
vt 0.40666723251342773 0.5813352465629578 
vt 0.4276118278503418 0.5849614143371582 
vt 0.4134600758552551 0.5373378396034241 
vt 0.39025118947029114 0.5366126298904419 
vt 0.3849301338195801 0.4885055720806122 
vt 0.4036104381084442 0.4910438656806946 
vt 0.3858358561992645 0.48717597126960754 
vt 0.4049690067768097 0.48959341645240784 
vt 0.384024441242218 0.48028627038002014 
vt 0.4013461768627167 0.48282456398010254 
vt 0.3864019215106964 0.47835230827331543 
vt 0.402817964553833 0.4810115098953247 
vt 0.3767787218093872 0.4330253005027771 
vt 0.3989686667919159 0.43399229645729065 
vt 0.3530037999153137 0.39930203557014465 
vt 0.3733823001384735 0.3960384726524353 
vt 0.35243773460388184 0.39748895168304443 
vt 0.3671555519104004 0.3939836621284485 
vt 0.36183449625968933 0.3896322548389435 
vt 0.3241342306137085 0.37657809257507324 
vt 0.3399841785430908 0.3751276135444641 
vt 0.3189263641834259 0.3727101981639862 
vt 0.3319459855556488 0.370655357837677 
vt 0.30658605694770813 0.37391892075538635 
vt 0.3123599588871002 0.3777868151664734 
vt 0.3363613486289978 0.39942288398742676 
vt 0.33681419491767883 0.4007524847984314 
vt 0.35628700256347656 0.432904452085495 
vt 0.36126840114593506 0.4744844138622284 
vt 0.36149483919143677 0.47750622034072876 
vt 0.3633062541484833 0.4834289252758026 
vt 0.36387234926223755 0.4862090051174164 
vt 0.3717973232269287 0.5332282185554504 
vt 0.3702123165130615 0.5364917516708374 
vt 0.38345834612846375 0.5775882005691528 
vt 0.38391122221946716 0.6238821744918823 
vt 0.295943945646286 0.3751276135444641 
vt 0.3543623685836792 0.5738412141799927 
vt 0.3509659469127655 0.5369752049446106 
vt 0.3505130708217621 0.5355247855186462 
vt 0.3317195475101471 0.5343160629272461 
vt 0.3317195475101471 0.5367335081100464 
vt 0.33387061953544617 0.5704568028450012 
vt 0.35741913318634033 0.6200143098831177 
vt 0.3809676468372345 0.6266622543334961 
vt 0.38526979088783264 0.6474522352218628 
vt 0.38526979088783264 0.6497488021850586 
vt 0.3905908465385437 0.7296451926231384 
vt 0.3633062541484833 0.7327878475189209 
vt 0.3423616886138916 0.7356888055801392 
vt 0.3184735178947449 0.737985372543335 
vt 0.3011517822742462 0.7353261709213257 
vt 0.2686593532562256 0.7302495837211609 
vt 0.2504318952560425 0.723239004611969 
vt 0.24703548848628998 0.6276292204856873 
vt 0.22654375433921814 0.6218273639678955 
vt 0.18114493787288666 0.6628029942512512 
vt 0.14627502858638763 0.6597811579704285 
vt 0.18306957185268402 0.6127619743347168 
vt 0.16133248805999756 0.6096193194389343 
vt 0.16552141308784485 0.606960117816925 
vt 0.14423717558383942 0.6028504967689514 
vt 0.14265218377113342 0.6049053072929382 
vt 0.15589821338653564 0.6562758684158325 
vt 0.13891611993312836 0.6532540917396545 
vt 0.1534075140953064 0.6576054692268372 
vt 0.1380104124546051 0.6543419361114502 
vt 0.1361989825963974 0.6578472256660461 
vt 0.13597255945205688 0.6603855490684509 
vt 0.1007630005478859 0.7286782264709473 
vt 0.07630877941846848 0.7274695038795471 
vt 0.08978123962879181 0.6584516167640686 
vt 0.06747808307409286 0.6534958481788635 
vt 0.06996878981590271 0.6522871255874634 
vt 0.09000767022371292 0.656638503074646 
vt 0.0707612931728363 0.6381450891494751 
vt 0.09068695455789566 0.6424964666366577 
vt 0.07223307341337204 0.6351233124732971 
vt 0.09227194637060165 0.6400790214538574 
vt 0.08468661457300186 0.5866536498069763 
vt 0.10212156921625137 0.5942685604095459 
vt 0.10732941329479218 0.5928180813789368 
vt 0.10619727522134781 0.5884667038917542 
vt 0.1067633405327797 0.5864118933677673 
vt 0.08140340447425842 0.5409640073776245 
vt 0.1059708446264267 0.5433814525604248 
vt 0.09464944154024124 0.49624136090278625 
vt 0.11989616602659225 0.5024058222770691 
vt 0.09781943261623383 0.4952743947505951 
vt 0.12125473469495773 0.5009554028511047 
vt 0.09838550537824631 0.4886264204978943 
vt 0.12295294553041458 0.4927360713481903 
vt 0.09838550537824631 0.48669248819351196 
vt 0.12374544143676758 0.49128562211990356 
vt 0.10812190920114517 0.44076111912727356 
vt 0.12691543996334076 0.4447498917579651 
vt 0.1414068192243576 0.40860918164253235 
vt 0.12906649708747864 0.4028073251247406 
vt 0.18408849835395813 0.6115532517433167 
vt 0.1471807360649109 0.4486178159713745 
vt 0.14276538789272308 0.4947909116744995 
vt 0.14253896474838257 0.4973292052745819 
vt 0.14265218377113342 0.506394624710083 
vt 0.13936898112297058 0.5082076787948608 
vt 0.12272651493549347 0.5450736284255981 
vt 0.1252172291278839 0.5807309150695801 
vt 0.12397187203168869 0.5879831910133362 
vt 0.12465115636587143 0.590521514415741 
vt 0.1231793686747551 0.5978947281837463 
vt 0.1189904510974884 0.598982572555542 
vt 0.11332975327968597 0.6462435126304626 
vt 0.1137826070189476 0.6480566263198853 
vt 0.11174476146697998 0.657122015953064 
vt 0.11095225811004639 0.659902036190033 
vt 0.14604860544204712 0.5925763249397278 
vt 0.14604860544204712 0.5899171829223633 
vt 0.14729395508766174 0.5778299570083618 
vt 0.16472890973091125 0.5942685604095459 
vt 0.1820506453514099 0.5965651273727417 
vt 0.2268833965063095 0.6212230324745178 
vt 0.25020548701286316 0.6267831325531006 
vt 0.22699661552906036 0.6012791395187378 
vt 0.2448844164609909 0.6044217944145203 
vt 0.2284683883190155 0.5982573628425598 
vt 0.18397529423236847 0.5936642289161682 
vt 0.16597425937652588 0.5908841490745544 
vt 0.1669931858778 0.5750499367713928 
vt 0.18454135954380035 0.5751708149909973 
vt 0.22710981965065002 0.5746873021125793 
vt 0.2474883496761322 0.6004330515861511 
vt 0.26718756556510925 0.6075645089149475 
vt 0.2730747163295746 0.6298049092292786 
vt 0.26979151368141174 0.6327058672904968 
vt 0.27182936668395996 0.7209424376487732 
vt 0.27160292863845825 0.7219094038009644 
vt 0.2607343792915344 0.7245686054229736 
vt 0.2725086510181427 0.7286782264709473 
vt 0.30262356996536255 0.734480082988739 
vt 0.318360298871994 0.7361723184585571 
vt 0.34179559350013733 0.7343592047691345 
vt 0.363532692193985 0.7315791249275208 
vt 0.3611552119255066 0.6458808779716492 
vt 0.3613816201686859 0.6439469456672668 
vt 0.35707950592041016 0.6231569647789001 
vt 0.3359084725379944 0.6172342300415039 
vt 0.34066346287727356 0.6432217359542847 
vt 0.3423616886138916 0.6414086222648621 
vt 0.33624812960624695 0.6194099187850952 
vt 0.3410031199455261 0.7273486256599426 
vt 0.31779423356056213 0.7263816595077515 
vt 0.3173413872718811 0.7254146933555603 
vt 0.31779423356056213 0.6394746899604797 
vt 0.3184735178947449 0.6377824544906616 
vt 0.314737468957901 0.6166298985481262 
vt 0.31462424993515015 0.6140915751457214 
vt 0.3107749819755554 0.567314088344574 
vt 0.3069256842136383 0.5347995162010193 
vt 0.30817103385925293 0.533107340335846 
vt 0.30500105023384094 0.5257341265678406 
vt 0.33047419786453247 0.5280306935310364 
vt 0.3505130708217621 0.5320194959640503 
vt 0.36726874113082886 0.5349203944206238 
vt 0.35243773460388184 0.5287559628486633 
vt 0.33126670122146606 0.5268219709396362 
vt 0.3073785603046417 0.5235584378242493 
vt 0.34802237153053284 0.48475852608680725 
vt 0.325492799282074 0.48234108090400696 
vt 0.3093031942844391 0.4787149429321289 
vt 0.3471166491508484 0.4812532365322113 
vt 0.32662492990493774 0.47798970341682434 
vt 0.3111146092414856 0.47593486309051514 
vt 0.3261720836162567 0.47508877515792847 
vt 0.34643739461898804 0.4766601026058197 
vt 0.3483620285987854 0.47315481305122375 
vt 0.32685136795043945 0.47110000252723694 
vt 0.31224673986434937 0.47122088074684143 
vt 0.3111146092414856 0.4740009307861328 
vt 0.3038689196109772 0.4741217792034149 
vt 0.2954910695552826 0.47327569127082825 
vt 0.29266074299812317 0.5215036273002625 
vt 0.2907360792160034 0.5234375596046448 
vt 0.2889246642589569 0.5318986177444458 
vt 0.28858503699302673 0.5339534282684326 
vt 0.29141536355018616 0.564292311668396 
vt 0.2680932879447937 0.6057513952255249 
vt 0.2482808381319046 0.572753369808197 
vt 0.24816763401031494 0.5587322115898132 
vt 0.2665082812309265 0.5711820125579834 
vt 0.2693386375904083 0.561028778553009 
vt 0.27318793535232544 0.5314151048660278 
vt 0.24963940680027008 0.5271846055984497 
vt 0.22756268084049225 0.5241628289222717 
vt 0.22982695698738098 0.5549851655960083 
vt 0.18646599352359772 0.5193279385566711 
vt 0.18612635135650635 0.5501502752304077 
vt 0.16971032321453094 0.5170313715934753 
vt 0.1662006974220276 0.5480954647064209 
vt 0.14616180956363678 0.5465241074562073 
vt 0.1542000025510788 0.5125591158866882 
vt 0.15816250443458557 0.5105042457580566 
vt 0.1560114324092865 0.49890056252479553 
vt 0.17231424152851105 0.5137678384780884 
vt 0.1878245621919632 0.5160644054412842 
vt 0.22812874615192413 0.5223497152328491 
vt 0.25099799036979675 0.5257341265678406 
vt 0.27341434359550476 0.529843807220459 
vt 0.27658432722091675 0.5198113918304443 
vt 0.25156405568122864 0.5157017707824707 
vt 0.23220445215702057 0.5123173594474792 
vt 0.19076812267303467 0.5040980577468872 
vt 0.17231424152851105 0.5010762214660645 
vt 0.15827570855617523 0.49660399556159973 
vt 0.16325712203979492 0.45200222730636597 
vt 0.1748049557209015 0.4980544447898865 
vt 0.19212669134140015 0.501197099685669 
vt 0.23435552418231964 0.5102625489234924 
vt 0.2519036829471588 0.5131634473800659 
vt 0.2769239842891693 0.5187235474586487 
vt 0.27703720331192017 0.47073736786842346 
vt 0.2537151277065277 0.4671112298965454 
vt 0.23843123018741608 0.4649355113506317 
vt 0.19869311153888702 0.4576832056045532 
vt 0.1812581568956375 0.4553866386413574 
vt 0.1708424687385559 0.41574060916900635 
vt 0.1575964242219925 0.41320231556892395 
vt 0.15918143093585968 0.40873003005981445 
vt 0.14355789124965668 0.40607085824012756 
vt 0.18793778121471405 0.41960853338241577 
vt 0.17310674488544464 0.4101805090904236 
vt 0.20118381083011627 0.42226770520210266 
vt 0.23582729697227478 0.425289511680603 
vt 0.2514508366584778 0.42661911249160767 
vt 0.26956507563591003 0.4286739230155945 
vt 0.28462255001068115 0.4304870069026947 
vt 0.29764214158058167 0.43133309483528137 
vt 0.31519031524658203 0.432420939207077 
vt 0.33704060316085815 0.4327835738658905 
vt 0.3167753219604492 0.39978551864624023 
vt 0.31620925664901733 0.39906027913093567 
vt 0.3013782203197479 0.40002724528312683 
vt 0.2881321609020233 0.4001481235027313 
vt 0.2763579189777374 0.3999063968658447 
vt 0.287905752658844 0.39930203557014465 
vt 0.30058571696281433 0.39930203557014465 
vt 0.3009253442287445 0.3797207474708557 
vt 0.2842828929424286 0.3773033320903778 
vt 0.28824537992477417 0.3820173442363739 
vt 0.27420684695243835 0.37875378131866455 
vt 0.2769239842891693 0.3844347596168518 
vt 0.2641308009624481 0.3804459869861603 
vt 0.26877257227897644 0.386247843503952 
vt 0.2542811930179596 0.38322603702545166 
vt 0.2763579189777374 0.39906027913093567 
vt 0.2636779546737671 0.3999063968658447 
vt 0.2586965262889862 0.38794004917144775 
vt 0.24760155379772186 0.3914453387260437 
vt 0.24454477429389954 0.3863687217235565 
vt 0.23503480851650238 0.38830268383026123 
vt 0.23503480851650238 0.370897114276886 
vt 0.2529226243495941 0.3820173442363739 
vt 0.2576776146888733 0.37669897079467773 
vt 0.26039475202560425 0.37138059735298157 
vt 0.2574511766433716 0.3660622239112854 
vt 0.2498658448457718 0.36062297224998474 
vt 0.24194085597991943 0.3566341996192932 
vt 0.22914767265319824 0.3549419939517975 
vt 0.2156752049922943 0.3573594391345978 
vt 0.20718416571617126 0.36231520771980286 
vt 0.20095738768577576 0.36715006828308105 
vt 0.19993846118450165 0.3733145594596863 
vt 0.20627844333648682 0.379116415977478 
vt 0.2146562784910202 0.3839512765407562 
vt 0.21193914115428925 0.3889070451259613 
vt 0.23492158949375153 0.3939836621284485 
vt 0.21239200234413147 0.3939836621284485 
vt 0.1990327537059784 0.3885444104671478 
vt 0.19948561489582062 0.393621027469635 
vt 0.1860131472349167 0.38757744431495667 
vt 0.18431493639945984 0.3915662169456482 
vt 0.1760503053665161 0.3841930329799652 
vt 0.17265388369560242 0.3891487717628479 
vt 0.16925747692584991 0.3799625039100647 
vt 0.16246463358402252 0.3845556378364563 
vt 0.16178534924983978 0.3753693699836731 
vt 0.1534075140953064 0.37923726439476013 
vt 0.15204894542694092 0.3955549895763397 
vt 0.13529327511787415 0.39507150650024414 
vt 0.16789890825748444 0.39543411135673523 
vt 0.18216386437416077 0.3962802290916443 
vt 0.19801382720470428 0.39724719524383545 
vt 0.19733454287052155 0.3986976742744446 
vt 0.2112598568201065 0.398214191198349 
vt 0.16654033958911896 0.39688459038734436 
vt 0.18114493787288666 0.3978515565395355 
vt 0.15136966109275818 0.3966428339481354 
vt 0.13710469007492065 0.398214191198349 
vt 0.1268022209405899 0.3986976742744446 
vt 0.19156062602996826 0.409455269575119 
vt 0.20469345152378082 0.4103013873100281 
vt 0.23582729697227478 0.40002724528312683 
vt 0.24884691834449768 0.4003898799419403 
vt 0.26254579424858093 0.4011151194572449 
vt 0.24873369932174683 0.39918115735054016 
vt 0.23571409285068512 0.3989394009113312 
vt 0.21159949898719788 0.39954376220703125 
vt 0.6400012969970703 0.7214258909225464 
vt 0.6061502695083618 0.7181623578071594 
vt 0.5753560662269592 0.7203380465507507 
vt 0.549203634262085 0.7111517786979675 
vt 0.6090938448905945 0.7233598828315735 
vt 0.5754693150520325 0.725777268409729 
vt 0.5347122550010681 0.7231181263923645 
vt 0.5359576344490051 0.7286782264709473 
vt 0.4920305907726288 0.725777268409729 
vt 0.49338915944099426 0.7319417595863342 
vt 0.49293628334999084 0.7140527367591858 
vt 0.28756609559059143 0.19684141874313354 
vt 0.3217567205429077 0.21122519671916962 
vt 0.2829243242740631 0.18112806975841522 
vt 0.272735059261322 0.1791941076517105 
vt 0.27001792192459106 0.17508447170257568 
vt 0.2602815330028534 0.16517296433448792 
vt 0.23797836899757385 0.16831563413143158 
vt 0.2130712866783142 0.17617231607437134 
vt 0.18737171590328217 0.188742995262146 
vt 0.18386207520961761 0.20179717242717743 
vt 0.15952107310295105 0.21315914392471313 
vt 0.16506855189800262 0.21799401938915253 
vt 0.16065320372581482 0.22198280692100525 
vt 0.16427604854106903 0.22718030214309692 
vt 0.17231424152851105 0.23564134538173676 
vt 0.17355960607528687 0.2299603521823883 
vt 0.19054169952869415 0.23382826149463654 
vt 0.20401416718959808 0.24059708416461945 
vt 0.1716349571943283 0.22440023720264435 
vt 0.17016318440437317 0.2229497730731964 
vt 0.1714085340499878 0.22198280692100525 
vt 0.1742388904094696 0.22355413436889648 
vt 0.1742388904094696 0.2251254767179489 
vt 0.1828431487083435 0.22887250781059265 
vt 0.20016489923000336 0.2256089597940445 
vt 0.21499592065811157 0.22693856060504913 
vt 0.20016489923000336 0.21726879477500916 
vt 0.18952277302742004 0.22452111542224884 
vt 0.18952277302742004 0.22004884481430054 
vt 0.1792203038930893 0.22355413436889648 
vt 0.1794467270374298 0.22270803153514862 
vt 0.17537102103233337 0.22174106538295746 
vt 0.1784278005361557 0.21666443347930908 
vt 0.18306957185268402 0.21037909388542175 
vt 0.17695602774620056 0.22464197874069214 
vt 0.2148827165365219 0.21243391931056976 
vt 0.24873369932174683 0.21714791655540466 
vt 0.24579013884067535 0.22935599088668823 
vt 0.2422804981470108 0.24265190958976746 
vt 0.2336762398481369 0.2766169607639313 
vt 0.21431663632392883 0.28423187136650085 
vt 0.21793949604034424 0.2900337278842926 
vt 0.2222416251897812 0.2952312231063843 
vt 0.2248455435037613 0.2975277900695801 
vt 0.22801554203033447 0.2992199957370758 
vt 0.24114835262298584 0.29764866828918457 
vt 0.23061946034431458 0.297406941652298 
vt 0.2302798181772232 0.2961982190608978 
vt 0.22620411217212677 0.2952312231063843 
vt 0.22880803048610687 0.2896711230278015 
vt 0.23209123313426971 0.2832649052143097 
vt 0.23922371864318848 0.2924511730670929 
vt 0.24771477282047272 0.2882206439971924 
vt 0.2858678996562958 0.24506935477256775 
vt 0.2790750563144684 0.2321360558271408 
vt 0.28598111867904663 0.21726879477500916 
vt 0.2526961863040924 0.20155543088912964 
vt 0.2206566333770752 0.19418224692344666 
vt 0.23039303719997406 0.17822714149951935 
vt 0.23763872683048248 0.18765515089035034 
vt 0.2553001046180725 0.19128131866455078 
vt 0.27296149730682373 0.1883803904056549 
vt 0.3205113708972931 0.21944448351860046 
vt 0.33828598260879517 0.22730116546154022 
vt 0.33964455127716064 0.23588308691978455 
vt 0.3330781161785126 0.24253104627132416 
vt 0.31779423356056213 0.24567371606826782 
vt 0.29617035388946533 0.24108058214187622 
vt 0.29039645195007324 0.23298215866088867 
vt 0.2983214259147644 0.22246628999710083 
vt 0.3176810145378113 0.2251254767179489 
vt 0.3040953576564789 0.2276637852191925 
vt 0.2999064326286316 0.23298215866088867 
vt 0.3047746419906616 0.23757529258728027 
vt 0.31700173020362854 0.23999272286891937 
vt 0.32560601830482483 0.23769615590572357 
vt 0.33024778962135315 0.2345534861087799 
vt 0.3303609788417816 0.22971861064434052 
vt 0.32085102796554565 0.23177343606948853 
vt 0.32085102796554565 0.23334476351737976 
vt 0.3191528022289276 0.2344326227903366 
vt 0.31643566489219666 0.23527872562408447 
vt 0.31258639693260193 0.2345534861087799 
vt 0.31066176295280457 0.23310302197933197 
vt 0.31202033162117004 0.23128995299339294 
vt 0.3168885111808777 0.2304438352584839 
vt 0.3160960376262665 0.23322390019893646 
vt 0.061590954661369324 0.044663578271865845 
vt 0.05751525238156319 0.04961932823061943 
vt 0.061817385256290436 0.05010281875729561 
vt 0.06068524345755577 0.05602554604411125 
vt 0.05185455083847046 0.054816827178001404 
vt 0.05411883071064949 0.04828973859548569 
vt 0.045401353389024734 0.05215764045715332 
vt 0.05185455083847046 0.04635578766465187 
vt 0.040759578347206116 0.04828973859548569 
vt 0.051288481801748276 0.044180091470479965 
vt 0.03996708244085312 0.04369660094380379 
vt 0.05242062360048294 0.04200439527630806 
vt 0.042344577610492706 0.039345208555459976 
vt 0.0551377572119236 0.040312185883522034 
vt 0.048344917595386505 0.03608166426420212 
vt 0.05898703262209892 0.03922433778643608 
vt 0.056609541177749634 0.034026842564344406 
vt 0.06340237706899643 0.0388617217540741 
vt 0.0655534490942955 0.03378509730100632 
vt 0.06759129464626312 0.03946608304977417 
vt 0.07110093533992767 0.04079567268490791 
vt 0.07325199991464615 0.04272962734103203 
vt 0.07879948616027832 0.037290386855602264 
vt 0.08310161530971527 0.04079567268490791 
vt 0.08412054181098938 0.03318073973059654 
vt 0.07291235774755478 0.034752074629068375 
vt 0.0775541290640831 0.029191961511969566 
vt 0.06861022114753723 0.029191961511969566 
vt 0.05547739937901497 0.02955457754433155 
vt 0.0431370735168457 0.03160940110683441 
vt 0.03158924728631973 0.03620253875851631 
vt 0.028306040912866592 0.043454859405756 
vt 0.028985323384404182 0.051553282886743546 
vt 0.03668387606739998 0.056388162076473236 
vt 0.0465334951877594 0.06086042523384094 
vt 0.058307748287916183 0.06206914782524109 
vt 0.07200664281845093 0.062190018594264984 
vt 0.06906308233737946 0.05566293001174927 
vt 0.0853658989071846 0.05747601017355919 
vt 0.06611951440572739 0.04986107349395752 
vt 0.07698805630207062 0.05336636304855347 
vt 0.09498908370733261 0.05167415365576744 
vt 0.08287518471479416 0.049740202724933624 
vt 0.06996878981590271 0.04877322539687157 
vt 0.07268592715263367 0.04708101972937584 
vt 0.07381806522607803 0.044905323535203934 
vt 0.09046052396297455 0.037773873656988144 
vt 0.09498908370733261 0.04357573017477989 
vt 0.08468661457300186 0.044905323535203934 
vt 0.05570382624864578 0.10292388498783112 
vt 0.04823170229792595 0.09808900207281113 
vt 0.04517492651939392 0.09978120774030685 
vt 0.041099220514297485 0.0939793512225151 
vt 0.0491374172270298 0.09216627478599548 
vt 0.05219419300556183 0.09724289923906326 
vt 0.057854894548654556 0.09192453324794769 
vt 0.056609541177749634 0.09712202847003937 
vt 0.06600630283355713 0.09337499737739563 
vt 0.06068524345755577 0.09796813130378723 
vt 0.06396844983100891 0.09941859543323517 
vt 0.08287518471479416 0.09252888709306717 
vt 0.07257271558046341 0.0963967964053154 
vt 0.07211985439062119 0.08805662393569946 
vt 0.05910024791955948 0.08624354749917984 
vt 0.045740995556116104 0.08696877956390381 
vt 0.03294781222939491 0.08986970782279968 
vt 0.0353253073990345 0.09724289923906326 
vt 0.025362476706504822 0.09530894458293915 
vt 0.03238174319267273 0.10135254263877869 
vt 0.02151319943368435 0.10171516239643097 
vt 0.0327213853597641 0.1055830642580986 
vt 0.022532125934958458 0.10739614814519882 
vt 0.043703142553567886 0.10183603316545486 
vt 0.043929573148489 0.10401172935962677 
vt 0.045740995556116104 0.10606655478477478 
vt 0.03634423390030861 0.10957184433937073 
vt 0.027173899114131927 0.11319800466299057 
vt 0.035098880529403687 0.11670328676700592 
vt 0.042457789182662964 0.11235189437866211 
vt 0.049024201929569244 0.10751701891422272 
vt 0.05309990420937538 0.10836312174797058 
vt 0.050609197467565536 0.11392323672771454 
vt 0.04743920639157295 0.11924160271883011 
vt 0.05943989008665085 0.11380235850811005 
vt 0.060911670327186584 0.119362473487854 
vt 0.05751525238156319 0.10824225097894669 
vt 0.061477743089199066 0.10727527737617493 
vt 0.06747808307409286 0.11211015284061432 
vt 0.07370485365390778 0.117307648062706 
vt 0.0733652114868164 0.10884661227464676 
vt 0.08310161530971527 0.11198928207159042 
vt 0.06442130357027054 0.1057039350271225 
vt 0.06600630283355713 0.10364911705255508 
vt 0.06577987223863602 0.10147342085838318 
vt 0.07642199099063873 0.10473696142435074 
vt 0.07619556039571762 0.10038556903600693 
vt 0.08819624781608582 0.1057039350271225 
vt 0.08819624781608582 0.09893510490655899 
vt 0.6569833755493164 0.39035749435424805 
vt 0.6510962247848511 0.3735562860965729 
vt 0.6704558730125427 0.38830268383026123 
vt 0.6671726703643799 0.37694069743156433 
vt 0.677475094795227 0.37609460949897766 
vt 0.6686444282531738 0.36715006828308105 
vt 0.6870983242988586 0.40208208560943604 
vt 0.6797394156455994 0.3868522047996521 
vt 0.69049471616745 0.4011151194572449 
vt 0.6843811869621277 0.38612696528434753 
vt 0.6947968602180481 0.39978551864624023 
vt 0.6981932520866394 0.3986976742744446 
vt 0.7134771943092346 0.41344404220581055 
vt 0.7103071808815002 0.4151362478733063 
vt 0.7087221741676331 0.4161032438278198 
vt 0.7149489521980286 0.4192458987236023 
vt 0.706571102142334 0.4239599108695984 
vt 0.6746447682380676 0.40594998002052307 
vt 0.7165339589118958 0.4183998107910156 
vt 0.7197039127349854 0.4167076051235199 
vt 0.7272892594337463 0.42287206649780273 
vt 0.7271760702133179 0.4243225157260895 
vt 0.7267231941223145 0.4325418174266815 
vt 0.7515170574188232 0.42287206649780273 
vt 0.7427995800971985 0.41827893257141113 
vt 0.7500452995300293 0.41525712609291077 
vt 0.7731409668922424 0.4031699299812317 
vt 0.783896267414093 0.40655434131622314 
vt 0.7923873066902161 0.38769832253456116 
vt 0.806312620639801 0.389753133058548 
vt 0.7974819540977478 0.37923726439476013 
vt 0.8148037195205688 0.37645721435546875 
vt 0.8004255294799805 0.37005099654197693 
vt 0.8182001113891602 0.3643700182437897 
vt 0.8005387187004089 0.3641282618045807 
vt 0.8012180328369141 0.36038124561309814 
vt 0.7944251894950867 0.36013948917388916 
vt 0.799066960811615 0.3573594391345978 
vt 0.7768769860267639 0.35615071654319763 
vt 0.7804998755455017 0.3596560060977936 
vt 0.7923873066902161 0.3635239005088806 
vt 0.7913684248924255 0.36497437953948975 
vt 0.7913684248924255 0.36956751346588135 
vt 0.787858784198761 0.37827029824256897 
vt 0.7834433913230896 0.386489599943161 
vt 0.7683859467506409 0.40159860253334045 
vt 0.7484602928161621 0.4144110381603241 
vt 0.7415542602539062 0.41767457127571106 
vt 0.813897967338562 0.35977688431739807 
vt 0.799066960811615 0.3573594391345978 
vt 0.8171811699867249 0.3563924729824066 
vt 0.7380446195602417 0.41586148738861084 
vt 0.7274025082588196 0.42009201645851135 
vt 0.7276289463043213 0.41731196641921997 
vt 0.7220814228057861 0.41537800431251526 
vt 0.7254778742790222 0.41344404220581055 
vt 0.7158546447753906 0.4123561978340149 
vt 0.720270037651062 0.41066399216651917 
vt 0.7026086449623108 0.39724719524383545 
vt 0.6893625855445862 0.38540175557136536 
vt 0.6824565529823303 0.3757319748401642 
vt 0.6773619055747986 0.36702919006347656 
vt 0.6711351275444031 0.358930766582489 
vt 0.6510962247848511 0.3596560060977936 
vt 0.6510962247848511 0.3519201874732971 
vt 0.6295856237411499 0.35385414958000183 
vt 0.6260759830474854 0.3504697382450104 
vt 0.6510962247848511 0.34672269225120544 
vt 0.6754372715950012 0.3497444987297058 
vt 0.6739654541015625 0.35349154472351074 
vt 0.679286539554596 0.35385414958000183 
vt 0.679286539554596 0.3585681617259979 
vt 0.6795129776000977 0.36001864075660706 
vt 0.6821168661117554 0.36702919006347656 
vt 0.6895890235900879 0.36690834164619446 
vt 0.6887965202331543 0.3752484917640686 
vt 0.6944572329521179 0.36690834164619446 
vt 0.6934382915496826 0.374765008687973 
vt 0.6936647295951843 0.3846765160560608 
vt 0.7106468081474304 0.38600611686706543 
vt 0.7094014883041382 0.3702927529811859 
vt 0.6935514807701111 0.36001864075660706 
vt 0.6899286508560181 0.3618316948413849 
vt 0.6831358075141907 0.36207345128059387 
vt 0.6933251023292542 0.35844728350639343 
vt 0.6954761147499084 0.355062872171402 
vt 0.7022689580917358 0.35143670439720154 
vt 0.7087221741676331 0.35530462861061096 
vt 0.7287610769271851 0.355062872171402 
vt 0.7291007041931152 0.35107409954071045 
vt 0.7088354229927063 0.3586890399456024 
vt 0.7283082008361816 0.3596560060977936 
vt 0.7274025082588196 0.3707762360572815 
vt 0.7261571288108826 0.38576436042785645 
vt 0.7255910634994507 0.39289581775665283 
vt 0.7160810828208923 0.39736807346343994 
vt 0.7280817627906799 0.40860918164253235 
vt 0.7289875149726868 0.3976098299026489 
vt 0.73294997215271 0.3932584226131439 
vt 0.7360067367553711 0.38564348220825195 
vt 0.7408749461174011 0.39736807346343994 
vt 0.7532152533531189 0.38528087735176086 
vt 0.7568381428718567 0.39797243475914 
vt 0.7417806386947632 0.3711388409137726 
vt 0.761479914188385 0.37162232398986816 
vt 0.7692916989326477 0.3843139111995697 
vt 0.7723484635353088 0.37681981921195984 
vt 0.7743862867355347 0.38515999913215637 
vt 0.7774430513381958 0.3773033320903778 
vt 0.7788016200065613 0.38576436042785645 
vt 0.7609138488769531 0.39918115735054016 
vt 0.7749523520469666 0.3687213957309723 
vt 0.7681595087051392 0.3618316948413849 
vt 0.7459695935249329 0.36074385046958923 
vt 0.7474413514137268 0.3569968342781067 
vt 0.7489131689071655 0.35361242294311523 
vt 0.771442711353302 0.359172523021698 
vt 0.7782355546951294 0.36243605613708496 
vt 0.7780091762542725 0.3643700182437897 
vt 0.7871794700622559 0.3663039803504944 
vt 0.7870662808418274 0.36932575702667236 
vt 0.7836698293685913 0.3779076933860779 
vt 0.7640838027000427 0.4002690017223358 
vt 0.7449506521224976 0.4125979542732239 
vt 0.7430260181427002 0.4115101099014282 
vt 0.7395163774490356 0.409697026014328 
vt 0.73294997215271 0.41320231556892395 
vt 0.7278553247451782 0.4121144711971283 
vt 0.7277421355247498 0.4147736430168152 
vt 0.736346423625946 0.4148945212364197 
vt 0.6345670223236084 0.3679961860179901 
vt 0.6363784074783325 0.3775450587272644 
vt 0.6340009570121765 0.3885444104671478 
vt 0.6474733948707581 0.39023661613464355 
vt 0.6190567016601562 0.4026864469051361 
vt 0.6312838196754456 0.40594998002052307 
vt 0.5986781716346741 0.4169493317604065 
vt 0.6011688709259033 0.42456427216529846 
vt 0.5897342562675476 0.4216633439064026 
vt 0.5811300277709961 0.425289511680603 
vt 0.5809035897254944 0.4238390326499939 
vt 0.5675443410873413 0.42057549953460693 
vt 0.5571286082267761 0.42444339394569397 
vt 0.58260178565979 0.4330253005027771 
vt 0.5970931649208069 0.41598236560821533 
vt 0.5883756875991821 0.42057549953460693 
vt 0.6155470609664917 0.40171948075294495 
vt 0.62505704164505 0.3874565660953522 
vt 0.6260759830474854 0.37694069743156433 
vt 0.6260759830474854 0.3681170642375946 
vt 0.6310573816299438 0.35977688431739807 
vt 0.6244909763336182 0.3544585108757019 
vt 0.6079617142677307 0.3562715947628021 
vt 0.5990177989006042 0.35312891006469727 
vt 0.622905969619751 0.3596560060977936 
vt 0.622905969619751 0.3611064851284027 
vt 0.6207548975944519 0.3681170642375946 
vt 0.6210945248603821 0.37669897079467773 
vt 0.62018883228302 0.3868522047996521 
vt 0.6111317276954651 0.4005107581615448 
vt 0.593809962272644 0.4144110381603241 
vt 0.5859981775283813 0.41852065920829773 
vt 0.5841867923736572 0.417070209980011 
vt 0.5914324522018433 0.41332316398620605 
vt 0.607735276222229 0.39954376220703125 
vt 0.6152074337005615 0.386247843503952 
vt 0.6148677468299866 0.37633633613586426 
vt 0.6133959889411926 0.3682379126548767 
vt 0.6086410284042358 0.3682379126548767 
vt 0.6102259755134583 0.37609460949897766 
vt 0.6109052896499634 0.38576436042785645 
vt 0.6032067537307739 0.3983350396156311 
vt 0.5870171189308167 0.4117518365383148 
vt 0.5815828442573547 0.4148945212364197 
vt 0.5798846483230591 0.41852065920829773 
vt 0.5803375244140625 0.421179860830307 
vt 0.5708275437355042 0.41779544949531555 
vt 0.5684500336647034 0.41985026001930237 
vt 0.5583739876747131 0.4169493317604065 
vt 0.5340330004692078 0.4047412574291229 
vt 0.524070143699646 0.40909266471862793 
vt 0.5009744763374329 0.39313754439353943 
vt 0.5141072869300842 0.39023661613464355 
vt 0.5093523263931274 0.3825008273124695 
vt 0.49135130643844604 0.3803251087665558 
vt 0.5058426856994629 0.37367716431617737 
vt 0.486483097076416 0.3687213957309723 
vt 0.5048237442970276 0.3679961860179901 
vt 0.4906720221042633 0.3643700182437897 
vt 0.5048237442970276 0.3642491400241852 
vt 0.4870491623878479 0.3611064851284027 
vt 0.5047105550765991 0.3614690899848938 
vt 0.5047105550765991 0.3613482117652893 
vt 0.512861967086792 0.3636447787284851 
vt 0.5126355290412903 0.36727094650268555 
vt 0.5175037384033203 0.35989776253700256 
vt 0.524070143699646 0.36291953921318054 
vt 0.5263344049453735 0.3660622239112854 
vt 0.5360708236694336 0.36509525775909424 
vt 0.5262212157249451 0.36739182472229004 
vt 0.5133148431777954 0.3684796690940857 
vt 0.5141072869300842 0.3730728030204773 
vt 0.5184094309806824 0.38153383135795593 
vt 0.522598385810852 0.3890278935432434 
vt 0.5386747717857361 0.4034116864204407 
vt 0.5597325563430786 0.4161032438278198 
vt 0.5630157589912415 0.4141692817211151 
vt 0.5648272037506104 0.41308143734931946 
vt 0.5721861124038696 0.4165867269039154 
vt 0.5794317722320557 0.41598236560821533 
vt 0.542863667011261 0.4022029638290405 
vt 0.5747900009155273 0.4145318865776062 
vt 0.5681104063987732 0.41126835346221924 
vt 0.5788657069206238 0.41332316398620605 
vt 0.5790921449661255 0.4099387526512146 
vt 0.5904135704040527 0.39797243475914 
vt 0.5943760275840759 0.38600611686706543 
vt 0.5939232110977173 0.370655357837677 
vt 0.6088674068450928 0.3614690899848938 
vt 0.6127167344093323 0.3631612956523895 
vt 0.6193963289260864 0.363282173871994 
vt 0.608980655670166 0.36001864075660706 
vt 0.5925646424293518 0.3569968342781067 
vt 0.5711671710014343 0.35337066650390625 
vt 0.5720728635787964 0.35748031735420227 
vt 0.5922249555587769 0.36062297224998474 
vt 0.5572418570518494 0.359414279460907 
vt 0.5557700395584106 0.35602983832359314 
vt 0.5730918049812317 0.36219432950019836 
vt 0.5754693150520325 0.37198495864868164 
vt 0.5785260796546936 0.3867313265800476 
vt 0.5803375244140625 0.39446714520454407 
vt 0.5772807002067566 0.3989394009113312 
vt 0.5661857724189758 0.39978551864624023 
vt 0.5499961376190186 0.40002724528312683 
vt 0.5460336804389954 0.401235967874527 
vt 0.5275797843933105 0.38830268383026123 
vt 0.5220323204994202 0.38105034828186035 
vt 0.5180698037147522 0.3727101981639862 
vt 0.517730176448822 0.36968839168548584 
vt 0.5241833329200745 0.36968839168548584 
vt 0.525315523147583 0.37222668528556824 
vt 0.5281458497047424 0.3803251087665558 
vt 0.5319951176643372 0.38769832253456116 
vt 0.5367501378059387 0.3869730830192566 
vt 0.5730918049812317 0.39507150650024414 
vt 0.5300704836845398 0.37186408042907715 
vt 0.5451279282569885 0.37416064739227295 
vt 0.5330140590667725 0.3797207474708557 
vt 0.5530529022216797 0.38781920075416565 
vt 0.5691293478012085 0.3870939612388611 
vt 0.5648272037506104 0.3728310465812683 
vt 0.558940052986145 0.363282173871994 
vt 0.5359576344490051 0.3618316948413849 
vt 0.5377690196037292 0.35820555686950684 
vt 0.6589080095291138 0.48004451394081116 
vt 0.6652479767799377 0.4628807008266449 
vt 0.6456620097160339 0.4772644639015198 
vt 0.6489452123641968 0.46638599038124084 
vt 0.6387559175491333 0.4650563895702362 
vt 0.6478130221366882 0.45671623945236206 
vt 0.6376237869262695 0.4851211607456207 
vt 0.6510962247848511 0.4881429374217987 
vt 0.6281138062477112 0.49152734875679016 
vt 0.640454113483429 0.49587875604629517 
vt 0.6152074337005615 0.4999884068965912 
vt 0.6256231069564819 0.5047023892402649 
vt 0.6066031455993652 0.5142512917518616 
vt 0.6051313877105713 0.505911111831665 
vt 0.5951685309410095 0.5107460021972656 
vt 0.5855453610420227 0.5142512917518616 
vt 0.5854321122169495 0.5128008127212524 
vt 0.5718464255332947 0.5089329481124878 
vt 0.5608646869659424 0.5125591158866882 
vt 0.5861114263534546 0.5227123498916626 
vt 0.6035463809967041 0.5049441456794739 
vt 0.5942628383636475 0.5095372796058655 
vt 0.6131695508956909 0.4990214407444 
vt 0.6243777275085449 0.4906812608242035 
vt 0.6316234469413757 0.4836706817150116 
vt 0.6363784074783325 0.47545138001441956 
vt 0.6316234469413757 0.474967896938324 
vt 0.626868486404419 0.48282456398010254 
vt 0.6200756430625916 0.48923078179359436 
vt 0.6095467209815979 0.4970874786376953 
vt 0.6002631783485413 0.503131091594696 
vt 0.5918853282928467 0.5072407126426697 
vt 0.6169056296348572 0.4879012107849121 
vt 0.6070560216903687 0.4956369996070862 
vt 0.5979989171028137 0.5020432472229004 
vt 0.5905267596244812 0.5055485367774963 
vt 0.6227927803993225 0.4817367196083069 
vt 0.6121506094932556 0.48669248819351196 
vt 0.602867066860199 0.49406567215919495 
vt 0.5934703350067139 0.5002301335334778 
vt 0.5874699950218201 0.5033727884292603 
vt 0.5850924849510193 0.5069989562034607 
vt 0.585318922996521 0.509899914264679 
vt 0.5769410729408264 0.506394624710083 
vt 0.57286536693573 0.5080868005752563 
vt 0.5626761317253113 0.5047023892402649 
vt 0.5499961376190186 0.49841707944869995 
vt 0.5407125949859619 0.5026475787162781 
vt 0.5382218956947327 0.49128562211990356 
vt 0.528032660484314 0.4955161511898041 
vt 0.5264476537704468 0.4830663204193115 
vt 0.5145601630210876 0.48669248819351196 
vt 0.5194283723831177 0.47545138001441956 
vt 0.5051634311676025 0.47798970341682434 
vt 0.5146734118461609 0.4671112298965454 
vt 0.4966723620891571 0.46396854519844055 
vt 0.5121826529502869 0.4576832056045532 
vt 0.49372878670692444 0.4512769877910614 
vt 0.512861967086792 0.4516395926475525 
vt 0.5130884051322937 0.44801345467567444 
vt 0.5194283723831177 0.44740909337997437 
vt 0.5130884051322937 0.44535425305366516 
vt 0.5321083664894104 0.44305768609046936 
vt 0.5330140590667725 0.4465629756450653 
vt 0.544109046459198 0.4419698417186737 
vt 0.4982573688030243 0.4470464587211609 
vt 0.5130884051322937 0.44535425305366516 
vt 0.4953137934207916 0.44342032074928284 
vt 0.5212398171424866 0.4510352313518524 
vt 0.5220323204994202 0.45260658860206604 
vt 0.5215794444084167 0.4576832056045532 
vt 0.5246362090110779 0.46590250730514526 
vt 0.5288251042366028 0.4744844138622284 
vt 0.5344858169555664 0.48197847604751587 
vt 0.5393540263175964 0.4808906316757202 
vt 0.5438826084136963 0.4901977777481079 
vt 0.533806562423706 0.4738800525665283 
vt 0.528938353061676 0.4655398726463318 
vt 0.5261080265045166 0.45756232738494873 
vt 0.5261080265045166 0.4539361596107483 
vt 0.5351651310920715 0.45200222730636597 
vt 0.5349386930465698 0.45006826519966125 
vt 0.5442222356796265 0.44559600949287415 
vt 0.581356406211853 0.4393106698989868 
vt 0.5712803602218628 0.44269508123397827 
vt 0.5908663868904114 0.4419698417186737 
vt 0.616226315498352 0.4394315183162689 
vt 0.6102259755134583 0.44317856431007385 
vt 0.6244909763336182 0.4437829256057739 
vt 0.608074963092804 0.4470464587211609 
vt 0.6243777275085449 0.44801345467567444 
vt 0.6384162902832031 0.444145530462265 
vt 0.6384162902832031 0.4396732747554779 
vt 0.5906399488449097 0.4472882151603699 
vt 0.5725257396697998 0.44801345467567444 
vt 0.5451279282569885 0.4491012990474701 
vt 0.5383350849151611 0.4563536047935486 
vt 0.5523736476898193 0.45937541127204895 
vt 0.575016438961029 0.4585292935371399 
vt 0.5900738835334778 0.4579249322414398 
vt 0.6069427728652954 0.45901280641555786 
vt 0.6239249110221863 0.4494639039039612 
vt 0.6373973488807678 0.44849693775177 
vt 0.6462280750274658 0.44342032074928284 
vt 0.6384162902832031 0.4396732747554779 
vt 0.6652479767799377 0.4417280852794647 
vt 0.6652479767799377 0.4379810690879822 
vt 0.6932118535041809 0.4437829256057739 
vt 0.686305820941925 0.44547513127326965 
vt 0.6932118535041809 0.4466838538646698 
vt 0.6652479767799377 0.4486178159713745 
vt 0.6454355716705322 0.4487386643886566 
vt 0.6372841596603394 0.44982650876045227 
vt 0.6336612701416016 0.4516395926475525 
vt 0.6273213028907776 0.4511561095714569 
vt 0.6343405842781067 0.45695796608924866 
vt 0.6270948648452759 0.4563536047935486 
vt 0.6223399043083191 0.4559909999370575 
vt 0.6225663423538208 0.46396854519844055 
vt 0.6275477409362793 0.46396854519844055 
vt 0.626868486404419 0.47375917434692383 
vt 0.6337745189666748 0.4646937847137451 
vt 0.6390955448150635 0.45683708786964417 
vt 0.6182641983032227 0.4810115098953247 
vt 0.5983385443687439 0.48669248819351196 
vt 0.5854321122169495 0.4980544447898865 
vt 0.5847528576850891 0.5016806125640869 
vt 0.5849792957305908 0.5044606924057007 
vt 0.57773357629776 0.5050650238990784 
vt 0.5703746676445007 0.5010762214660645 
vt 0.5803375244140625 0.5027684569358826 
vt 0.5736578702926636 0.4990214407444 
vt 0.5643743276596069 0.4929778277873993 
vt 0.560185432434082 0.494911789894104 
vt 0.5520340204238892 0.4882638156414032 
vt 0.5576947331428528 0.49599963426589966 
vt 0.5683368444442749 0.5021641254425049 
vt 0.5642611384391785 0.5038563013076782 
vt 0.5535057783126831 0.4972083568572998 
vt 0.5488640069961548 0.48923078179359436 
vt 0.5435429811477661 0.48016539216041565 
vt 0.5562229156494141 0.48681336641311646 
vt 0.5727521777153015 0.486450731754303 
vt 0.5850924849510193 0.48681336641311646 
vt 0.5887153148651123 0.4818575978279114 
vt 0.5811300277709961 0.48222023248672485 
vt 0.5785260796546936 0.47351744771003723 
vt 0.560411810874939 0.47375917434692383 
vt 0.5480715036392212 0.47907754778862 
vt 0.543769359588623 0.4726713299751282 
vt 0.5385615229606628 0.47351744771003723 
vt 0.5356179475784302 0.4654190242290497 
vt 0.5335801243782043 0.45719972252845764 
vt 0.5323347449302673 0.4541779160499573 
vt 0.5408258438110352 0.4648146629333496 
vt 0.5891681909561157 0.47339656949043274 
vt 0.6043388843536377 0.47508877515792847 
vt 0.6217738389968872 0.4738800525665283 
vt 0.6810979843139648 0.45756232738494873 
vt 0.679286539554596 0.4668694734573364 
vt 0.6848340034484863 0.44982650876045227 
vt 0.6923061609268188 0.45006826519966125 
vt 0.7043068408966064 0.45031002163887024 
vt 0.7054389715194702 0.4468047320842743 
vt 0.7198171615600586 0.4462003707885742 
vt 0.7259306907653809 0.44317856431007385 
vt 0.7353274822235107 0.44523337483406067 
vt 0.7545738220214844 0.4471673369407654 
vt 0.7557060122489929 0.4442664086818695 
vt 0.7848019599914551 0.4468047320842743 
vt 0.7782355546951294 0.4494639039039612 
vt 0.7869530320167542 0.45018914341926575 
vt 0.8061994314193726 0.4494639039039612 
vt 0.7998594641685486 0.4511561095714569 
vt 0.8061994314193726 0.45200222730636597 
vt 0.7996330261230469 0.45466139912605286 
vt 0.7859341502189636 0.4534526765346527 
vt 0.7860473394393921 0.45490315556526184 
vt 0.7761977314949036 0.45272743701934814 
vt 0.7531020641326904 0.4513978660106659 
vt 0.7353274822235107 0.45043087005615234 
vt 0.7192510962486267 0.45006826519966125 
vt 0.7045332789421082 0.4516395926475525 
vt 0.6921929121017456 0.4513978660106659 
vt 0.6891361474990845 0.4581666886806488 
vt 0.6892493963241577 0.46614423394203186 
vt 0.6820036768913269 0.47738534212112427 
vt 0.6690973043441772 0.4791984260082245 
vt 0.6885700821876526 0.48451679944992065 
vt 0.6760033369064331 0.48693421483039856 
vt 0.6972875595092773 0.4909229874610901 
vt 0.6855133175849915 0.49430742859840393 
vt 0.6932118535041809 0.4437829256057739 
vt 0.7074768543243408 0.44342032074928284 
vt 0.6943439841270447 0.4834289252758026 
vt 0.6906079649925232 0.4762974977493286 
vt 0.69536292552948 0.47557225823402405 
vt 0.6940043568611145 0.46578162908554077 
vt 0.694117546081543 0.4582875669002533 
vt 0.69536292552948 0.4533317983150482 
vt 0.7013632655143738 0.4530900716781616 
vt 0.7009103894233704 0.4579249322414398 
vt 0.6998915076255798 0.4654190242290497 
vt 0.7001179456710815 0.474967896938324 
vt 0.7043068408966064 0.4650563895702362 
vt 0.7053257822990417 0.4578040838241577 
vt 0.7193642854690552 0.45961716771125793 
vt 0.7347614169120789 0.4587710499763489 
vt 0.7501584887504578 0.45949628949165344 
vt 0.7694048881530762 0.4622763395309448 
vt 0.7825376987457275 0.45925453305244446 
vt 0.7872927188873291 0.45961716771125793 
vt 0.7883116006851196 0.45707884430885315 
vt 0.7947648167610168 0.45707884430885315 
vt 0.799066960811615 0.455870121717453 
vt 0.8071051239967346 0.4553866386413574 
vt 0.8212568759918213 0.451760470867157 
vt 0.8249929547309875 0.4486178159713745 
vt 0.8061994314193726 0.4494639039039612 
vt 0.825445830821991 0.4555075168609619 
vt 0.8065390586853027 0.4609467387199402 
vt 0.8212568759918213 0.4671112298965454 
vt 0.7983876466751099 0.4603423774242401 
vt 0.7944251894950867 0.4601006507873535 
vt 0.7849152088165283 0.4677155911922455 
vt 0.7800469994544983 0.4672320783138275 
vt 0.7767637968063354 0.4743635356426239 
vt 0.7608006000518799 0.47545138001441956 
vt 0.7450639009475708 0.47363829612731934 
vt 0.7345349788665771 0.47327569127082825 
vt 0.7203832268714905 0.4744844138622284 
vt 0.7043068408966064 0.4743635356426239 
vt 0.7071371674537659 0.4811323583126068 
vt 0.7030614614486694 0.4818575978279114 
vt 0.698985755443573 0.48258283734321594 
vt 0.7048729062080383 0.4887472987174988 
vt 0.7006840109825134 0.4899560213088989 
vt 0.7086089849472046 0.49865880608558655 
vt 0.6987593770027161 0.5028893351554871 
vt 0.7159678936004639 0.5120756030082703 
vt 0.7180057168006897 0.5045815110206604 
vt 0.7242324948310852 0.5077242255210876 
vt 0.7355539202690125 0.5124382376670837 
vt 0.7345349788665771 0.5201740264892578 
vt 0.7589892148971558 0.5113503932952881 
vt 0.749932050704956 0.5069989562034607 
vt 0.7356671094894409 0.5109877586364746 
vt 0.7257042527198792 0.5068780779838562 
vt 0.7194775342941284 0.5036145448684692 
vt 0.710533618927002 0.4978127181529999 
vt 0.7142696380615234 0.49624136090278625 
vt 0.7081561088562012 0.4877803325653076 
vt 0.7124582529067993 0.486450731754303 
vt 0.7249118089675903 0.4859672486782074 
vt 0.7345349788665771 0.48234108090400696 
vt 0.7416674494743347 0.48282456398010254 
vt 0.7377049922943115 0.48693421483039856 
vt 0.7486867308616638 0.48741772770881653 
vt 0.7645366787910461 0.48741772770881653 
vt 0.7723484635353088 0.48040714859962463 
vt 0.776310920715332 0.4813741147518158 
vt 0.7815187573432922 0.47508877515792847 
vt 0.7858209013938904 0.47581401467323303 
vt 0.7910287380218506 0.46831995248794556 
vt 0.7946516275405884 0.46868255734443665 
vt 0.7906891107559204 0.4765392243862152 
vt 0.7801601886749268 0.48234108090400696 
vt 0.8035954833030701 0.4696495234966278 
vt 0.7989537119865417 0.47786882519721985 
vt 0.8124262094497681 0.47992363572120667 
vt 0.8034822940826416 0.4879012107849121 
vt 0.7913684248924255 0.48500028252601624 
vt 0.7848019599914551 0.4834289252758026 
vt 0.7904626727104187 0.49587875604629517 
vt 0.7797073721885681 0.4923734664916992 
vt 0.7782355546951294 0.5022849440574646 
vt 0.77540522813797 0.4909229874610901 
vt 0.7713295221328735 0.48959341645240784 
vt 0.7683859467506409 0.4886264204978943 
vt 0.7564985156059265 0.4929778277873993 
vt 0.7366860508918762 0.4974500834941864 
vt 0.7207228541374207 0.4934613108634949 
vt 0.7169867753982544 0.4950326383113861 
vt 0.7247985601425171 0.5009554028511047 
vt 0.7291007041931152 0.4993840456008911 
vt 0.7345349788665771 0.5022849440574646 
vt 0.7371388673782349 0.5007136464118958 
vt 0.7475546002388 0.49853792786598206 
vt 0.760574221611023 0.4947909116744995 
vt 0.7628384828567505 0.4957578778266907 
vt 0.766348123550415 0.4972083568572998 
vt 0.7688388228416443 0.49829620122909546 
vt 0.7572909593582153 0.5039771795272827 
vt 0.7487999200820923 0.506394624710083 
vt 0.7560456395149231 0.503131091594696 
vt 0.7523095607757568 0.5015597343444824 
vt 0.7504981756210327 0.5004718899726868 
vt 0.7403088808059692 0.5022849440574646 
vt 0.7366860508918762 0.5033727884292603 
vt 0.7452902793884277 0.5047023892402649 
vt 0.7360067367553711 0.5084494352340698 
vt 0.7288742661476135 0.5053067803382874 
vt 0.7364596128463745 0.5057902336120605 
vt 0.7437053322792053 0.5038563013076782 
vt 0.7225342988967896 0.5020432472229004 
vt 0.7311385273933411 0.5040980577468872 
vt 0.6559644341468811 0.5680393576622009 
vt 0.642605185508728 0.5658636689186096 
vt 0.6620780229568481 0.5513589978218079 
vt 0.6462280750274658 0.5547434091567993 
vt 0.6448695063591003 0.5450736284255981 
vt 0.6360387802124023 0.5538973212242126 
vt 0.6335480809211731 0.5644131898880005 
vt 0.6351330876350403 0.5731159448623657 
vt 0.6483791470527649 0.5758960247039795 
vt 0.6258495450019836 0.5794013142585754 
vt 0.6379634141921997 0.5832692384719849 
vt 0.613848865032196 0.587257981300354 
vt 0.6236984729766846 0.5918511152267456 
vt 0.6054710149765015 0.6011582612991333 
vt 0.6039992570877075 0.5930598378181458 
vt 0.5944892764091492 0.5976529717445374 
vt 0.5852057337760925 0.6010373830795288 
vt 0.5850924849510193 0.5997077822685242 
vt 0.5720728635787964 0.595960795879364 
vt 0.5615440011024475 0.59946608543396 
vt 0.5857717990875244 0.6092566847801208 
vt 0.6025274395942688 0.5920928716659546 
vt 0.5932438969612122 0.5965651273727417 
vt 0.6118109822273254 0.5862910151481628 
vt 0.6224530935287476 0.5783134698867798 
vt 0.6293591856956482 0.5717863440513611 
vt 0.6290194988250732 0.5636879205703735 
vt 0.6081881523132324 0.5845987796783447 
vt 0.6182641983032227 0.5769838690757751 
vt 0.6248306035995483 0.5708193778991699 
vt 0.5993574857711792 0.5904006361961365 
vt 0.5910928249359131 0.5943894386291504 
vt 0.6149809956550598 0.5758960247039795 
vt 0.6054710149765015 0.5833900570869446 
vt 0.5970931649208069 0.5893127918243408 
vt 0.5893946290016174 0.5928180813789368 
vt 0.6206417083740234 0.5699732899665833 
vt 0.6106788516044617 0.5745664238929749 
vt 0.6018481850624084 0.5816978812217712 
vt 0.5927910208702087 0.5876206159591675 
vt 0.5870171189308167 0.5906423926353455 
vt 0.5847528576850891 0.5941476821899414 
vt 0.5849792957305908 0.5969277620315552 
vt 0.5758089423179626 0.5931807160377502 
vt 0.5730918049812317 0.5952355265617371 
vt 0.5631289482116699 0.5919719934463501 
vt 0.5514679551124573 0.5861701369285583 
vt 0.5420711636543274 0.5900380611419678 
vt 0.5405994057655334 0.5797639489173889 
vt 0.5298440456390381 0.5831483602523804 
vt 0.528938353061676 0.5720281004905701 
vt 0.5169376730918884 0.5748081803321838 
vt 0.5215794444084167 0.564534068107605 
vt 0.5076541304588318 0.5665888786315918 
vt 0.5162583589553833 0.5559521317481995 
vt 0.49859699606895447 0.5534138083457947 
vt 0.5130884051322937 0.5465241074562073 
vt 0.4928230941295624 0.541326642036438 
vt 0.5130884051322937 0.5401179194450378 
vt 0.4954270124435425 0.5360082387924194 
vt 0.5124090909957886 0.5354039072990417 
vt 0.5169376730918884 0.5322612524032593 
vt 0.5205605030059814 0.5357665419578552 
vt 0.5387879610061646 0.532382071018219 
vt 0.4910116493701935 0.5333490967750549 
vt 0.5220323204994202 0.5395135283470154 
vt 0.522824764251709 0.541084885597229 
vt 0.522598385810852 0.5464032292366028 
vt 0.5261080265045166 0.5549851655960083 
vt 0.5305233597755432 0.5632044672966003 
vt 0.5361840724945068 0.5703359246253967 
vt 0.5407125949859619 0.5692480802536011 
vt 0.5453543663024902 0.5783134698867798 
vt 0.5351651310920715 0.5624791979789734 
vt 0.53041011095047 0.5545016527175903 
vt 0.5271269083023071 0.5461615324020386 
vt 0.5271269083023071 0.5425353646278381 
vt 0.5367501378059387 0.540601372718811 
vt 0.5366368889808655 0.5385465621948242 
vt 0.5369765162467957 0.5357665419578552 
vt 0.543769359588623 0.5355247855186462 
vt 0.5675443410873413 0.529360294342041 
vt 0.5686764717102051 0.5332282185554504 
vt 0.5871303677558899 0.529360294342041 
vt 0.5872435569763184 0.5332282185554504 
vt 0.6131695508956909 0.52960205078125 
vt 0.6066031455993652 0.533107340335846 
vt 0.619283139705658 0.5329864621162415 
vt 0.6210945248603821 0.5366126298904419 
vt 0.6046785116195679 0.5364917516708374 
vt 0.5872435569763184 0.5369752049446106 
vt 0.570148229598999 0.5374587178230286 
vt 0.5470525622367859 0.538063108921051 
vt 0.5395804643630981 0.5450736284255981 
vt 0.5532793402671814 0.5482163429260254 
vt 0.5733182430267334 0.5480954647064209 
vt 0.5875831842422485 0.5479745864868164 
vt 0.6049049496650696 0.5478537082672119 
vt 0.6208680868148804 0.538063108921051 
vt 0.6344537734985352 0.5368543863296509 
vt 0.6342273950576782 0.532865583896637 
vt 0.638076663017273 0.529118537902832 
vt 0.640227735042572 0.532382071018219 
vt 0.6620780229568481 0.5311733484268188 
vt 0.6620780229568481 0.5265802145004272 
vt 0.6856265068054199 0.529360294342041 
vt 0.685060441493988 0.5327447056770325 
vt 0.6903815269470215 0.5333490967750549 
vt 0.7069107294082642 0.5343160629272461 
vt 0.7121186256408691 0.5306898951530457 
vt 0.7178925275802612 0.5344369411468506 
vt 0.7375917434692383 0.5309316515922546 
vt 0.7372521162033081 0.5349203944206238 
vt 0.7534416913986206 0.5349203944206238 
vt 0.7545738220214844 0.5309316515922546 
vt 0.77540522813797 0.5370960831642151 
vt 0.7728012800216675 0.5337116718292236 
vt 0.7935194373130798 0.5344369411468506 
vt 0.7876323461532593 0.5375795960426331 
vt 0.8000859022140503 0.5379422307014465 
vt 0.8100486993789673 0.5338325500488281 
vt 0.8097090721130371 0.537821352481842 
vt 0.8323518633842468 0.5362499952316284 
vt 0.8269175887107849 0.5390300750732422 
vt 0.8298611640930176 0.544106662273407 
vt 0.8095958828926086 0.5422936081886292 
vt 0.8009915947914124 0.5416892170906067 
vt 0.7860473394393921 0.5409640073776245 
vt 0.7758581042289734 0.5404804944992065 
vt 0.7520831227302551 0.5392718315124512 
vt 0.7370256781578064 0.5385465621948242 
vt 0.7197039127349854 0.5377004742622375 
vt 0.7030614614486694 0.5374587178230286 
vt 0.6895890235900879 0.5375795960426331 
vt 0.6816640496253967 0.5377004742622375 
vt 0.6620780229568481 0.5377004742622375 
vt 0.6420391201972961 0.5370960831642151 
vt 0.6343405842781067 0.5381839275360107 
vt 0.6307177543640137 0.5402387976646423 
vt 0.6242645382881165 0.5398761630058289 
vt 0.6316234469413757 0.5450736284255981 
vt 0.6243777275085449 0.5450736284255981 
vt 0.6197359561920166 0.5450736284255981 
vt 0.6204152703285217 0.5524468421936035 
vt 0.6249437928199768 0.5529303550720215 
vt 0.624151349067688 0.5628418326377869 
vt 0.6311705708503723 0.5534138083457947 
vt 0.636265218257904 0.5450736284255981 
vt 0.6164527535438538 0.5691272020339966 
vt 0.5973196029663086 0.5745664238929749 
vt 0.5850924849510193 0.5854449272155762 
vt 0.5844132304191589 0.5890710949897766 
vt 0.5846396088600159 0.5917302370071411 
vt 0.5772807002067566 0.5920928716659546 
vt 0.5702614784240723 0.5883458256721497 
vt 0.5802242755889893 0.5900380611419678 
vt 0.5737711191177368 0.5865327715873718 
vt 0.5648272037506104 0.5806100368499756 
vt 0.5605250597000122 0.5824230909347534 
vt 0.5528265237808228 0.576016902923584 
vt 0.5581475496292114 0.5833900570869446 
vt 0.5682235956192017 0.5893127918243408 
vt 0.5647139549255371 0.5911259055137634 
vt 0.5545247197151184 0.5848405361175537 
vt 0.5496565103530884 0.5769838690757751 
vt 0.5445618629455566 0.5684019327163696 
vt 0.5569022297859192 0.5748081803321838 
vt 0.5727521777153015 0.5743246674537659 
vt 0.5846396088600159 0.5746873021125793 
vt 0.5881492495536804 0.5700941681861877 
vt 0.5807903409004211 0.5700941681861877 
vt 0.5779600143432617 0.5627209544181824 
vt 0.5608646869659424 0.5622375011444092 
vt 0.5489771962165833 0.567314088344574 
vt 0.5447883009910583 0.5611496567726135 
vt 0.5395804643630981 0.5618748664855957 
vt 0.5367501378059387 0.5538973212242126 
vt 0.5347122550010681 0.5459197759628296 
vt 0.5336933135986328 0.5427770614624023 
vt 0.5419579744338989 0.5534138083457947 
vt 0.5878096222877502 0.5629627108573914 
vt 0.6030935049057007 0.5633253455162048 
vt 0.6198492050170898 0.5621166229248047 
vt 0.6786072850227356 0.5457988977432251 
vt 0.6771354675292969 0.5553478002548218 
vt 0.6869850754737854 0.5456780195236206 
vt 0.6895890235900879 0.5389091968536377 
vt 0.7034011483192444 0.5390300750732422 
vt 0.7189114689826965 0.5477328300476074 
vt 0.7360067367553711 0.5485789179801941 
vt 0.749026358127594 0.549304187297821 
vt 0.7696313261985779 0.5503920316696167 
vt 0.7828773260116577 0.5471284985542297 
vt 0.7862737774848938 0.5424144864082336 
vt 0.8004255294799805 0.5430188179016113 
vt 0.8085769414901733 0.5485789179801941 
vt 0.8232947587966919 0.555589497089386 
vt 0.8050673007965088 0.5578860640525818 
vt 0.813897967338562 0.5684019327163696 
vt 0.7997462153434753 0.5480954647064209 
vt 0.7956705093383789 0.5444692969322205 
vt 0.7888776659965515 0.5447110533714294 
vt 0.7879719734191895 0.5473702549934387 
vt 0.7955573201179504 0.5478537082672119 
vt 0.7957837581634521 0.5569190979003906 
vt 0.8001990914344788 0.5663471221923828 
vt 0.8048408627510071 0.5765003561973572 
vt 0.7925005555152893 0.5735994577407837 
vt 0.7918212413787842 0.5847196578979492 
vt 0.7807263135910034 0.5810934901237488 
vt 0.7793677449226379 0.5913676619529724 
vt 0.7858209013938904 0.5720281004905701 
vt 0.7918212413787842 0.5650175213813782 
vt 0.7920476794242859 0.5565565228462219 
vt 0.7857077121734619 0.555831253528595 
vt 0.7806130647659302 0.5553478002548218 
vt 0.7774430513381958 0.5627209544181824 
vt 0.7611402869224548 0.5639296770095825 
vt 0.7447242140769958 0.5635671019554138 
vt 0.7349878549575806 0.5633253455162048 
vt 0.7197039127349854 0.5630835890769958 
vt 0.7030614614486694 0.5534138083457947 
vt 0.7040804028511047 0.5456780195236206 
vt 0.6985329389572144 0.5536555647850037 
vt 0.6994386315345764 0.5456780195236206 
vt 0.6923061609268188 0.5541390776634216 
vt 0.6988725662231445 0.5635671019554138 
vt 0.7031747102737427 0.5629627108573914 
vt 0.7061182856559753 0.5698524117469788 
vt 0.7823112607002258 0.5635671019554138 
vt 0.7344217300415039 0.5713028907775879 
vt 0.7245721220970154 0.5748081803321838 
vt 0.7377049922943115 0.5758960247039795 
vt 0.7416674494743347 0.5713028907775879 
vt 0.7489131689071655 0.576258659362793 
vt 0.7366860508918762 0.5865327715873718 
vt 0.720270037651062 0.5825439691543579 
vt 0.7117789387702942 0.5754125118255615 
vt 0.7019293308258057 0.5706984996795654 
vt 0.6940043568611145 0.564292311668396 
vt 0.6977404356002808 0.5715446472167969 
vt 0.7072504162788391 0.5767421126365662 
vt 0.7165339589118958 0.584236204624176 
vt 0.7289875149726868 0.5885875821113586 
vt 0.7344217300415039 0.5916093587875366 
vt 0.7364596128463745 0.5899171829223633 
vt 0.7362331748008728 0.5926972031593323 
vt 0.7361199855804443 0.5951146483421326 
vt 0.7435920834541321 0.5935433506965637 
vt 0.7401956915855408 0.5917302370071411 
vt 0.7478942275047302 0.587741494178772 
vt 0.7246853709220886 0.590279757976532 
vt 0.7310253381729126 0.5934224724769592 
vt 0.7512906193733215 0.5895545482635498 
vt 0.7570645809173584 0.5819396376609802 
vt 0.7611402869224548 0.5837526917457581 
vt 0.765102744102478 0.5761377811431885 
vt 0.7730277180671692 0.5690063238143921 
vt 0.7771034240722656 0.5699732899665833 
vt 0.769065260887146 0.5774673819541931 
vt 0.7635177373886108 0.5847196578979492 
vt 0.7721220254898071 0.5784343481063843 
vt 0.7809526920318604 0.5708193778991699 
vt 0.7867266535758972 0.5641714334487915 
vt 0.776310920715332 0.5797639489173889 
vt 0.7671406269073486 0.5862910151481628 
vt 0.7697445154190063 0.5873788595199585 
vt 0.7589892148971558 0.6011582612991333 
vt 0.7580834627151489 0.5931807160377502 
vt 0.756611704826355 0.5924555063247681 
vt 0.7532152533531189 0.590521514415741 
vt 0.7452902793884277 0.5943894386291504 
vt 0.7358935475349426 0.5978947281837463 
vt 0.7285346388816833 0.5947520732879639 
vt 0.7224210500717163 0.5913676619529724 
vt 0.7137035727500916 0.5854449272155762 
vt 0.7039672136306763 0.5777090787887573 
vt 0.6930986642837524 0.5723907351493835 
vt 0.6996650695800781 0.579038679599762 
vt 0.7099675536155701 0.5871371030807495 
vt 0.7192510962486267 0.5929389595985413 
vt 0.7252514362335205 0.5964442491531372 
vt 0.7356671094894409 0.6005539298057556 
vt 0.7487999200820923 0.5960816144943237 
vt 0.749932050704956 0.5966860055923462 
vt 0.7355539202690125 0.60200434923172 
vt 0.7349878549575806 0.6098610758781433 
vt 0.7158546447753906 0.6016417741775513 
vt 0.7236664295196533 0.5974112153053284 
vt 0.7176660895347595 0.5939059257507324 
vt 0.7079296708106995 0.5879831910133362 
vt 0.6979668736457825 0.5923346281051636 
vt 0.684154748916626 0.5836318135261536 
vt 0.6961554288864136 0.5800056457519531 
vt 0.6741918921470642 0.576016902923584 
vt 0.6870983242988586 0.5735994577407837 
vt 0.6668329834938049 0.5681602358818054 
vt 0.680192232131958 0.5662262439727783 
vt 0.6874379515647888 0.5545016527175903 
vt 0.6921929121017456 0.5456780195236206 
vt 0.6932118535041809 0.5409640073776245 
vt 0.6997782588005066 0.5407222509384155 
vt 0.689022958278656 0.5650175213813782 
vt 0.6612855195999146 0.6577263474464417 
vt 0.654153048992157 0.6404416561126709 
vt 0.6748712062835693 0.6550672054290771 
vt 0.670229434967041 0.6438260674476624 
vt 0.6804186701774597 0.6426173448562622 
vt 0.6706822514533997 0.6342771649360657 
vt 0.6834754347801208 0.6624403595924377 
vt 0.6701161861419678 0.6657038927078247 
vt 0.6940043568611145 0.6687257289886475 
vt 0.6817772388458252 0.6731979846954346 
vt 0.7077032327651978 0.676582396030426 
vt 0.6978536248207092 0.6817798614501953 
vt 0.7182321548461914 0.6908453106880188 
vt 0.7186850309371948 0.6823842525482178 
vt 0.7293271422386169 0.6868565082550049 
vt 0.7399692535400391 0.6901200413703918 
vt 0.7399692535400391 0.6886696219444275 
vt 0.752649188041687 0.6843181848526001 
vt 0.764197051525116 0.6877025961875916 
vt 0.7399692535400391 0.6987019777297974 
vt 0.7201567888259888 0.6812964081764221 
vt 0.7304592728614807 0.6856477856636047 
vt 0.7096278667449951 0.6754945516586304 
vt 0.6974008083343506 0.6675170063972473 
vt 0.6894757747650146 0.6608690619468689 
vt 0.684154748916626 0.653374969959259 
vt 0.6886833310127258 0.6524080038070679 
vt 0.6940043568611145 0.6597811579704285 
vt 0.7015897035598755 0.6659456491470337 
vt 0.7131375074386597 0.6736814379692078 
vt 0.7232135534286499 0.6793624758720398 
vt 0.7324970960617065 0.6833512187004089 
vt 0.7048729062080383 0.6647369265556335 
vt 0.7158546447753906 0.6722310185432434 
vt 0.7254778742790222 0.6781537532806396 
vt 0.7340821027755737 0.6816590428352356 
vt 0.6981932520866394 0.6586933135986328 
vt 0.7092882394790649 0.6631656289100647 
vt 0.7194775342941284 0.6702970266342163 
vt 0.7297799587249756 0.6762197613716125 
vt 0.7362331748008728 0.6792415976524353 
vt 0.7400824427604675 0.6828677654266357 
vt 0.7389503121376038 0.6857686638832092 
vt 0.7465356588363647 0.6804503202438354 
vt 0.7396296262741089 0.6802085638046265 
vt 0.738723874092102 0.6774284839630127 
vt 0.7375917434692383 0.6738023161888123 
vt 0.7232135534286499 0.6626821160316467 
vt 0.7024953961372375 0.6577263474464417 
vt 0.6936647295951843 0.6514410376548767 
vt 0.6852868795394897 0.6420130133628845 
vt 0.6789469122886658 0.6337937116622925 
vt 0.6720408201217651 0.6269040107727051 
vt 0.654153048992157 0.6269040107727051 
vt 0.654153048992157 0.6211021542549133 
vt 0.6375105977058411 0.6241239309310913 
vt 0.6379634141921997 0.621706485748291 
vt 0.654153048992157 0.6172342300415039 
vt 0.6704558730125427 0.6190473437309265 
vt 0.6698898077011108 0.622673511505127 
vt 0.6795129776000977 0.6260579228401184 
vt 0.6771354675292969 0.6218273639678955 
vt 0.6704558730125427 0.6190473437309265 
vt 0.6910607814788818 0.6207395195960999 
vt 0.6986461281776428 0.6161463856697083 
vt 0.7432524561882019 0.6783954501152039 
vt 0.6920797228813171 0.6249700784683228 
vt 0.7081561088562012 0.6233987212181091 
vt 0.7053257822990417 0.6195307970046997 
vt 0.7255910634994507 0.6229152083396912 
vt 0.7245721220970154 0.6175968647003174 
vt 0.7437053322792053 0.6230360865592957 
vt 0.7443845868110657 0.6175968647003174 
vt 0.7337424755096436 0.6144542098045349 
vt 0.7720087766647339 0.6195307970046997 
vt 0.7716691493988037 0.6159046292304993 
vt 0.7834433913230896 0.6200143098831177 
vt 0.7840095162391663 0.6165090203285217 
vt 0.7973687648773193 0.6206186413764954 
vt 0.8047276735305786 0.6183220744132996 
vt 0.8042747974395752 0.6209812760353088 
vt 0.8046144247055054 0.6246074438095093 
vt 0.7960101962089539 0.6242448091506958 
vt 0.7820848226547241 0.6237613558769226 
vt 0.7716691493988037 0.6231569647789001 
vt 0.7425731420516968 0.6335519552230835 
vt 0.7276289463043213 0.6335519552230835 
vt 0.7110996842384338 0.6352441906929016 
vt 0.6927589774131775 0.6264204978942871 
vt 0.6799658536911011 0.6273874640464783 
vt 0.6834754347801208 0.6335519552230835 
vt 0.6835886836051941 0.6290796995162964 
vt 0.6897022128105164 0.6283544898033142 
vt 0.6907211542129517 0.6330685019493103 
vt 0.691400408744812 0.6412877440452576 
vt 0.6960422396659851 0.6406834125518799 
vt 0.69536292552948 0.6328267455101013 
vt 0.7156282067298889 0.6511992812156677 
vt 0.7305724620819092 0.6490235924720764 
vt 0.7408749461174011 0.6487818360328674 
vt 0.7321574687957764 0.6576054692268372 
vt 0.736572802066803 0.6624403595924377 
vt 0.7489131689071655 0.6617151498794556 
vt 0.7399692535400391 0.6577263474464417 
vt 0.7596684694290161 0.6485400795936584 
vt 0.7657820582389832 0.6337937116622925 
vt 0.7795941233634949 0.6302884221076965 
vt 0.7820848226547241 0.6256952881813049 
vt 0.795444130897522 0.6258161664009094 
vt 0.8060862421989441 0.63065105676651 
vt 0.8238608241081238 0.6235195994377136 
vt 0.8226154446601868 0.6364529132843018 
vt 0.8049540519714355 0.6401998996734619 
vt 0.8160490393638611 0.6509575247764587 
vt 0.818766176700592 0.6195307970046997 
vt 0.8047276735305786 0.6182011961936951 
vt 0.8213701248168945 0.6157837510108948 
vt 0.7965762615203857 0.6310136318206787 
vt 0.7915948033332825 0.6273874640464783 
vt 0.7852548360824585 0.6277500987052917 
vt 0.7844623327255249 0.6308927536010742 
vt 0.7920476794242859 0.6308927536010742 
vt 0.7945383787155151 0.6397164463996887 
vt 0.8013312220573425 0.6487818360328674 
vt 0.8076711893081665 0.6600229144096375 
vt 0.7945383787155151 0.6576054692268372 
vt 0.7952176928520203 0.6693300604820251 
vt 0.7834433913230896 0.6661874055862427 
vt 0.7833302021026611 0.677065908908844 
vt 0.7867266535758972 0.6560341715812683 
vt 0.7915948033332825 0.6480566263198853 
vt 0.790236234664917 0.6394746899604797 
vt 0.7835566401481628 0.6391120553016663 
vt 0.7782355546951294 0.6387494802474976 
vt 0.776310920715332 0.6468479037284851 
vt 0.7818584442138672 0.6472104787826538 
vt 0.786613404750824 0.6475731134414673 
vt 0.781745195388794 0.6551880240440369 
vt 0.7782355546951294 0.664857804775238 
vt 0.7729145288467407 0.6733188629150391 
vt 0.761479914188385 0.679845929145813 
vt 0.7515170574188232 0.6835929751396179 
vt 0.7483471035957336 0.6815381646156311 
vt 0.7535549402236938 0.6762197613716125 
vt 0.7495924234390259 0.6744067072868347 
vt 0.7581967115402222 0.6680004596710205 
vt 0.7628384828567505 0.6696926951408386 
vt 0.7557060122489929 0.6771867275238037 
vt 0.7596684694290161 0.6789998412132263 
vt 0.7695180773735046 0.6721101403236389 
vt 0.7655556201934814 0.6706596612930298 
vt 0.7700841426849365 0.6626821160316467 
vt 0.7655556201934814 0.6614733934402466 
vt 0.7728012800216675 0.6534958481788635 
vt 0.777556300163269 0.6543419361114502 
vt 0.7734805941581726 0.6636490821838379 
vt 0.6980800628662109 0.6505948901176453 
vt 0.6392087936401367 0.6342771649360657 
vt 0.6383031010627747 0.6433426141738892 
vt 0.6321895122528076 0.6534958481788635 
vt 0.6444166302680969 0.656396746635437 
vt 0.6231324076652527 0.6600229144096375 
vt 0.6347934603691101 0.6635282039642334 
vt 0.6121506094932556 0.6655830144882202 
vt 0.6225663423538208 0.6700553297996521 
vt 0.5981121063232422 0.6722310185432434 
vt 0.6062635183334351 0.6773076057434082 
vt 0.5857717990875244 0.6848016977310181 
vt 0.586564302444458 0.6771867275238037 
vt 0.5759221315383911 0.6808128952980042 
vt 0.5661857724189758 0.6833512187004089 
vt 0.566525399684906 0.6819007396697998 
vt 0.5550907850265503 0.6773076057434082 
vt 0.5434297323226929 0.6799668073654175 
vt 0.5643743276596069 0.6909661889076233 
vt 0.5854321122169495 0.6759780049324036 
vt 0.5752428770065308 0.679604172706604 
vt 0.596527099609375 0.6711431741714478 
vt 0.6092070937156677 0.6642534732818604 
vt 0.6178113222122192 0.6584516167640686 
vt 0.6240381002426147 0.6516827344894409 
vt 0.6289063096046448 0.64189213514328 
vt 0.6317366361618042 0.633672833442688 
vt 0.638076663017273 0.6272666454315186 
vt 0.6325291395187378 0.6232778429985046 
vt 0.6379634141921997 0.6214647889137268 
vt 0.6210945248603821 0.6219482421875 
vt 0.6206417083740234 0.618442952632904 
vt 0.602640688419342 0.6161463856697083 
vt 0.6073956489562988 0.6197725534439087 
vt 0.6204152703285217 0.625453531742096 
vt 0.6315102577209473 0.6267831325531006 
vt 0.6196227669715881 0.6266622543334961 
vt 0.6310573816299438 0.6278709769248962 
vt 0.6061502695083618 0.6236404776573181 
vt 0.5925646424293518 0.6172342300415039 
vt 0.57286536693573 0.6169924736022949 
vt 0.5729786157608032 0.6139706969261169 
vt 0.5427504777908325 0.613487184047699 
vt 0.5481847524642944 0.6168716549873352 
vt 0.538901150226593 0.6166298985481262 
vt 0.5181829929351807 0.6139706969261169 
vt 0.5248626470565796 0.6163881421089172 
vt 0.517730176448822 0.6165090203285217 
vt 0.525315523147583 0.6198934316635132 
vt 0.5391275882720947 0.6202560663223267 
vt 0.5385615229606628 0.6214647889137268 
vt 0.5489771962165833 0.6203768849372864 
vt 0.5726389288902283 0.6213439106941223 
vt 0.5905267596244812 0.6223108768463135 
vt 0.6020745635032654 0.6328267455101013 
vt 0.5874699950218201 0.630409300327301 
vt 0.5722993016242981 0.6296840310096741 
vt 0.5520340204238892 0.630409300327301 
vt 0.5402597188949585 0.6261787414550781 
vt 0.5395804643630981 0.6342771649360657 
vt 0.5345990657806396 0.6342771649360657 
vt 0.5350518822669983 0.64189213514328 
vt 0.5400333404541016 0.641650378704071 
vt 0.555317223072052 0.6443095803260803 
vt 0.5717332363128662 0.6440678238868713 
vt 0.5819224715232849 0.6446722149848938 
vt 0.5955081582069397 0.6472104787826538 
vt 0.6145281195640564 0.6395955681800842 
vt 0.6163395643234253 0.6324641108512878 
vt 0.6188302636146545 0.6401998996734619 
vt 0.6205284595489502 0.6328267455101013 
vt 0.6220002770423889 0.6284753084182739 
vt 0.6274345517158508 0.6293214559555054 
vt 0.5353915691375732 0.6260579228401184 
vt 0.5785260796546936 0.653616726398468 
vt 0.6270948648452759 0.6333101987838745 
vt 0.6243777275085449 0.6411669254302979 
vt 0.6152074337005615 0.6495070457458496 
vt 0.6112449169158936 0.6486609578132629 
vt 0.6060370802879333 0.6549463272094727 
vt 0.5866774916648865 0.6580889821052551 
vt 0.5736578702926636 0.6578472256660461 
vt 0.571393609046936 0.653374969959259 
vt 0.5626761317253113 0.6572428941726685 
vt 0.5708275437355042 0.668363094329834 
vt 0.588036060333252 0.6659456491470337 
vt 0.5987913608551025 0.6597811579704285 
vt 0.6098863482475281 0.6560341715812683 
vt 0.6196227669715881 0.6505948901176453 
vt 0.6136224269866943 0.6572428941726685 
vt 0.6054710149765015 0.6626821160316467 
vt 0.602640688419342 0.6614733934402466 
vt 0.5910928249359131 0.667879581451416 
vt 0.5775071382522583 0.6709014177322388 
vt 0.5710539817810059 0.6734397411346436 
vt 0.5691293478012085 0.671626627445221 
vt 0.5684500336647034 0.6742858290672302 
vt 0.5678839683532715 0.6767032742500305 
vt 0.5726389288902283 0.6757363080978394 
vt 0.5736578702926636 0.6774284839630127 
vt 0.5830546617507935 0.6741649508476257 
vt 0.5812432169914246 0.6729562282562256 
vt 0.5934703350067139 0.6693300604820251 
vt 0.5672046542167664 0.6792415976524353 
vt 0.5613175630569458 0.6740440726280212 
vt 0.5647139549255371 0.6722310185432434 
vt 0.5596193671226501 0.6684839725494385 
vt 0.5556568503379822 0.6699344515800476 
vt 0.5595061182975769 0.6750110387802124 
vt 0.5562229156494141 0.676824152469635 
vt 0.5478450655937195 0.6728353500366211 
vt 0.5385615229606628 0.6661874055862427 
vt 0.527692973613739 0.6692091822624207 
vt 0.5301836729049683 0.6591768264770508 
vt 0.5180698037147522 0.6615942716598511 
vt 0.5214661955833435 0.6507157683372498 
vt 0.5083333849906921 0.6524080038070679 
vt 0.5167112350463867 0.6428591012954712 
vt 0.5025594830513 0.6437051892280579 
vt 0.5153526663780212 0.6343980431556702 
vt 0.4988234341144562 0.630167543888092 
vt 0.5158055424690247 0.625453531742096 
vt 0.4992762804031372 0.6183220744132996 
vt 0.5165980458259583 0.6198934316635132 
vt 0.5048237442970276 0.6148167848587036 
vt 0.5027859210968018 0.6113114953041077 
vt 0.5181829929351807 0.6139706969261169 
vt 0.5254287123680115 0.6212230324745178 
vt 0.5241833329200745 0.6256952881813049 
vt 0.5246362090110779 0.6342771649360657 
vt 0.5254287123680115 0.6424964666366577 
vt 0.5284854769706726 0.6498696804046631 
vt 0.5335801243782043 0.6491444706916809 
vt 0.5349386930465698 0.6582098603248596 
vt 0.5291647911071777 0.6227943301200867 
vt 0.5281458497047424 0.6258161664009094 
vt 0.5282590389251709 0.6342771649360657 
vt 0.5305233597755432 0.642133891582489 
vt 0.5353915691375732 0.6235195994377136 
vt 0.5377690196037292 0.6486609578132629 
vt 0.5420711636543274 0.6480566263198853 
vt 0.5470525622367859 0.6557924151420593 
vt 0.5528265237808228 0.6620777249336243 
vt 0.5481847524642944 0.6634073257446289 
vt 0.5533925890922546 0.6707805395126343 
vt 0.5495433211326599 0.6722310185432434 
vt 0.5415050983428955 0.665341317653656 
vt 0.5427504777908325 0.656638503074646 
vt 0.5454676151275635 0.6641325950622559 
vt 0.5393540263175964 0.6572428941726685 
vt 0.2504318952560425 0.17810626327991486 
vt 0.25597938895225525 0.17810626327991486 
vt 0.25258296728134155 0.1767766773700714 
vt 0.2564322352409363 0.17593057453632355 
vt 0.26016831398010254 0.177260160446167 
vt 0.261526882648468 0.17810626327991486 
vt 0.25903618335723877 0.1790732443332672 
vt 0.25597938895225525 0.17979846894741058 
vt 0.26594221591949463 0.18306201696395874 
vt 0.2558661699295044 0.18499596416950226 
vt 0.25303584337234497 0.1790732443332672 
vt 0.24579013884067535 0.18282027542591095 
vt 0.23978979885578156 0.17846888303756714 
vt 0.2432994246482849 0.17327138781547546 
vt 0.2574511766433716 0.17073307931423187 
vt 0.15193572640419006 0.11839549988508224 
vt 0.14978466928005219 0.11972509324550629 
vt 0.1531810760498047 0.12105467915534973 
vt 0.14989787340164185 0.12190078943967819 
vt 0.15193572640419006 0.12310950458049774 
vt 0.1542000025510788 0.12335125356912613 
vt 0.15714357793331146 0.12226340174674988 
vt 0.15646429359912872 0.12032944709062576 
vt 0.16246463358402252 0.11887898296117783 
vt 0.15589821338653564 0.11501108109951019 
vt 0.15431322157382965 0.11887898296117783 
vt 0.16416284441947937 0.12455996870994568 
vt 0.15635107457637787 0.12794438004493713 
vt 0.14910538494586945 0.12758177518844604 
vt 0.14389753341674805 0.12298863381147385 
vt 0.14469003677368164 0.11694503575563431 
vt 0.14989787340164185 0.11368148773908615 
vt 0.14831288158893585 0.10981358587741852 
vt 0.1411803960800171 0.11331887543201447 
vt 0.136991485953331 0.12190078943967819 
vt 0.43349894881248474 0.40909266471862793 
vt 0.42931002378463745 0.4128396809101105 
vt 0.43972572684288025 0.4116309583187103 
vt 0.4390464425086975 0.41574060916900635 
vt 0.43372538685798645 0.41827893257141113 
vt 0.4278382360935211 0.4187624156475067 
vt 0.4213850498199463 0.4171910881996155 
vt 0.4176490008831024 0.41320231556892395 
vt 0.42251718044281006 0.40909266471862793 
vt 0.42251718044281006 0.4008733630180359 
vt 0.43349894881248474 0.4008733630180359 
vt 0.444027841091156 0.40909266471862793 
vt 0.444027841091156 0.4008733630180359 
vt 0.45353782176971436 0.40909266471862793 
vt 0.45353782176971436 0.4008733630180359 
vt 0.4606702923774719 0.40909266471862793 
vt 0.4606702923774719 0.4008733630180359 
vt 0.46689707040786743 0.40909266471862793 
vt 0.46689707040786743 0.4008733630180359 
vt 0.4101768732070923 0.4008733630180359 
vt 0.4101768732070923 0.40909266471862793 
vt 0.40111973881721497 0.4008733630180359 
vt 0.40111973881721497 0.40909266471862793 
vt 0.39410048723220825 0.4008733630180359 
vt 0.39410048723220825 0.40909266471862793 
vt 0.09238516539335251 0.37428152561187744 
vt 0.0895548164844513 0.36920490860939026 
vt 0.09838550537824631 0.37234756350517273 
vt 0.10110264271497726 0.36763355135917664 
vt 0.09589479863643646 0.3638865351676941 
vt 0.08457339555025101 0.3638865351676941 
vt 0.08457339555025101 0.35542547702789307 
vt 0.07381806522607803 0.35542547702789307 
vt 0.07381806522607803 0.3638865351676941 
vt 0.06453452259302139 0.35542547702789307 
vt 0.06453452259302139 0.3638865351676941 
vt 0.05706239491701126 0.35542547702789307 
vt 0.05706239491701126 0.3638865351676941 
vt 0.05038277059793472 0.35542547702789307 
vt 0.05038277059793472 0.3638865351676941 
vt 0.08593196421861649 0.37391892075538635 
vt 0.08027126640081406 0.37174320220947266 
vt 0.07845984399318695 0.36739182472229004 
vt 0.09589479863643646 0.35542547702789307 
vt 0.10608405619859695 0.3638865351676941 
vt 0.10608405619859695 0.35542547702789307 
vt 0.11649974435567856 0.3638865351676941 
vt 0.11649974435567856 0.35542547702789307 
vt 0.12351901084184647 0.3638865351676941 
vt 0.12351901084184647 0.35542547702789307 
vt 0.41413936018943787 0.38092947006225586 
vt 0.4202529191970825 0.37609460949897766 
vt 0.42127183079719543 0.3817755877971649 
vt 0.42908358573913574 0.3795998990535736 
vt 0.4315743148326874 0.3753693699836731 
vt 0.4258003830909729 0.3710179924964905 
vt 0.4153847098350525 0.3710179924964905 
vt 0.4153847098350525 0.36279869079589844 
vt 0.40689367055892944 0.36279869079589844 
vt 0.40689367055892944 0.3710179924964905 
vt 0.3981761634349823 0.36279869079589844 
vt 0.3981761634349823 0.3710179924964905 
vt 0.39047762751579285 0.36279869079589844 
vt 0.39047762751579285 0.3710179924964905 
vt 0.38289228081703186 0.36279869079589844 
vt 0.38289228081703186 0.3710179924964905 
vt 0.409610778093338 0.37802854180336 
vt 0.409610778093338 0.37379804253578186 
vt 0.4258003830909729 0.36279869079589844 
vt 0.43712180852890015 0.3710179924964905 
vt 0.43712180852890015 0.36279869079589844 
vt 0.4461789131164551 0.3710179924964905 
vt 0.4461789131164551 0.36279869079589844 
vt 0.45489639043807983 0.3710179924964905 
vt 0.45489639043807983 0.36279869079589844 
vt 0.07993162423372269 0.4047412574291229 
vt 0.08129019290208817 0.39942288398742676 
vt 0.0869508907198906 0.40437865257263184 
vt 0.09227194637060165 0.40159860253334045 
vt 0.09238516539335251 0.39748895168304443 
vt 0.0871773213148117 0.39495062828063965 
vt 0.0767616331577301 0.39495062828063965 
vt 0.0767616331577301 0.38612696528434753 
vt 0.0663459450006485 0.38612696528434753 
vt 0.0663459450006485 0.39495062828063965 
vt 0.05762846767902374 0.38612696528434753 
vt 0.05762846767902374 0.39495062828063965 
vt 0.04857134446501732 0.38612696528434753 
vt 0.04857134446501732 0.39495062828063965 
vt 0.07200664281845093 0.40232381224632263 
vt 0.0707612931728363 0.398214191198349 
vt 0.0871773213148117 0.38612696528434753 
vt 0.09612122923135757 0.39495062828063965 
vt 0.09612122923135757 0.38612696528434753 
vt 0.10461227595806122 0.39495062828063965 
vt 0.10461227595806122 0.38612696528434753 
vt 0.11242403835058212 0.39495062828063965 
vt 0.11242403835058212 0.38612696528434753 
vt 0.119782954454422 0.39495062828063965 
vt 0.119782954454422 0.38612696528434753 
vt 0.7798205614089966 0.3689631521701813 
vt 0.7809526920318604 0.3664248287677765 
s on 
f 1/1/1 2/2/2 3/3/3 
f 2/2/2 4/4/4 3/3/3 
f 3/3/3 4/4/4 5/5/5 
f 4/4/4 4/4/4 5/5/5 
f 5/5/5 4/4/4 6/6/6 
f 4/4/4 4/4/4 6/6/6 
f 6/6/6 4/4/4 7/7/7 
f 4/4/4 8/8/8 7/7/7 
f 7/7/7 8/8/8 9/9/9 
f 8/8/8 10/10/10 9/9/9 
f 9/9/9 10/10/10 9/9/9 
f 10/10/10 11/11/11 9/9/9 
f 9/9/9 11/11/11 12/12/12 
f 11/11/11 13/13/13 12/12/12 
f 12/12/12 13/13/13 14/14/14 
f 13/13/13 15/15/15 14/14/14 
f 14/14/14 15/15/15 15/15/15 
f 15/15/15 4/4/4 15/15/15 
f 15/15/15 4/4/4 4/4/4 
f 4/4/4 2/2/2 4/4/4 
f 4/4/4 2/2/2 8/8/8 
f 2/2/2 16/16/16 8/8/8 
f 8/8/8 16/16/16 17/17/17 
f 16/16/16 17/17/17 17/17/17 
f 17/17/17 17/17/17 1/1/1 
f 17/17/17 1/1/1 1/1/1 
f 1/1/1 1/1/1 2/2/2 
f 1/1/1 16/16/16 2/2/2 
f 2/2/2 16/16/16 16/16/16 
f 16/16/16 14/14/14 16/16/16 
f 16/16/16 14/14/14 14/14/14 
f 14/14/14 18/18/18 14/14/14 
f 14/14/14 18/18/18 12/12/12 
f 18/18/18 19/19/19 12/12/12 
f 12/12/12 19/19/19 9/9/9 
f 19/19/19 19/19/19 9/9/9 
f 9/9/9 19/19/19 7/7/7 
f 19/19/19 20/20/20 7/7/7 
f 7/7/7 20/20/20 6/6/6 
f 20/20/20 21/21/21 6/6/6 
f 6/6/6 21/21/21 22/22/22 
f 21/21/21 23/23/23 22/22/22 
f 22/22/22 23/23/23 22/22/22 
f 23/23/23 24/24/24 22/22/22 
f 22/22/22 24/24/24 5/5/5 
f 24/24/24 25/25/25 5/5/5 
f 5/5/5 25/25/25 3/3/3 
f 25/25/25 26/26/26 3/3/3 
f 3/3/3 26/26/26 1/1/1 
f 26/26/26 1/1/1 1/1/1 
f 1/1/1 1/1/1 18/18/18 
f 1/1/1 18/18/18 18/18/18 
f 18/18/18 18/18/18 19/19/19 
f 18/18/18 27/27/27 19/19/19 
f 19/19/19 27/27/27 20/20/20 
f 27/27/27 28/28/28 20/20/20 
f 20/20/20 28/28/28 21/21/21 
f 28/28/28 21/21/21 21/21/21 
f 21/21/21 21/21/21 5/5/5 
f 21/21/21 5/5/5 5/5/5 
f 5/5/5 5/5/5 22/22/22 
f 5/5/5 6/6/6 22/22/22 
f 22/22/22 6/6/6 6/6/6 
f 6/6/6 26/26/26 6/6/6 
f 6/6/6 26/26/26 26/26/26 
f 26/26/26 25/25/25 26/26/26 
f 26/26/26 25/25/25 29/29/29 
f 25/25/25 30/30/30 29/29/29 
f 29/29/29 30/30/30 29/29/29 
f 30/30/30 31/31/31 29/29/29 
f 29/29/29 31/31/31 32/32/32 
f 31/31/31 33/33/33 32/32/32 
f 32/32/32 33/33/33 34/34/34 
f 33/33/33 35/35/35 34/34/34 
f 34/34/34 35/35/35 36/36/36 
f 35/35/35 37/37/37 36/36/36 
f 36/36/36 37/37/37 38/38/38 
f 37/37/37 38/38/38 38/38/38 
f 38/38/38 38/38/38 30/30/30 
f 38/38/38 30/30/30 30/30/30 
f 30/30/30 30/30/30 24/24/24 
f 30/30/30 25/25/25 24/24/24 
f 24/24/24 25/25/25 25/25/25 
f 25/25/25 37/37/37 25/25/25 
f 25/25/25 37/37/37 37/37/37 
f 37/37/37 35/35/35 37/37/37 
f 37/37/37 35/35/35 39/39/39 
f 35/35/35 33/33/33 39/39/39 
f 39/39/39 33/33/33 40/40/40 
f 33/33/33 31/31/31 40/40/40 
f 40/40/40 31/31/31 41/41/41 
f 31/31/31 30/30/30 41/41/41 
f 41/41/41 30/30/30 42/42/42 
f 30/30/30 24/24/24 42/42/42 
f 42/42/42 24/24/24 43/43/43 
f 24/24/24 23/23/23 43/43/43 
f 43/43/43 23/23/23 43/43/43 
f 23/23/23 44/44/44 43/43/43 
f 43/43/43 44/44/44 43/43/43 
f 44/44/44 45/45/45 43/43/43 
f 43/43/43 45/45/45 43/43/43 
f 45/45/45 46/46/46 43/43/43 
f 43/43/43 46/46/46 42/42/42 
f 46/46/46 47/47/47 42/42/42 
f 42/42/42 47/47/47 41/41/41 
f 47/47/47 48/48/48 41/41/41 
f 41/41/41 48/48/48 40/40/40 
f 48/48/48 49/49/49 40/40/40 
f 40/40/40 49/49/49 39/39/39 
f 49/49/49 50/50/50 39/39/39 
f 39/39/39 50/50/50 39/39/39 
f 50/50/50 51/51/51 39/39/39 
f 39/39/39 51/51/51 37/37/37 
f 51/51/51 52/52/52 37/37/37 
f 37/37/37 52/52/52 53/53/53 
f 52/52/52 53/53/53 53/53/53 
f 53/53/53 53/53/53 51/51/51 
f 53/53/53 51/51/51 51/51/51 
f 51/51/51 51/51/51 52/52/52 
f 51/51/51 54/54/54 52/52/52 
f 52/52/52 54/54/54 55/55/55 
f 54/54/54 54/54/54 55/55/55 
f 55/55/55 54/54/54 56/56/56 
f 54/54/54 54/54/54 56/56/56 
f 56/56/56 54/54/54 57/57/57 
f 54/54/54 54/54/54 57/57/57 
f 57/57/57 54/54/54 58/58/58 
f 54/54/54 51/51/51 58/58/58 
f 58/58/58 51/51/51 58/58/58 
f 51/51/51 50/50/50 58/58/58 
f 58/58/58 50/50/50 59/59/59 
f 50/50/50 49/49/49 59/59/59 
f 59/59/59 49/49/49 60/60/60 
f 49/49/49 48/48/48 60/60/60 
f 60/60/60 48/48/48 61/61/61 
f 48/48/48 48/48/48 61/61/61 
f 61/61/61 48/48/48 62/62/62 
f 48/48/48 47/47/47 62/62/62 
f 62/62/62 47/47/47 63/63/63 
f 47/47/47 64/64/64 63/63/63 
f 63/63/63 64/64/64 65/65/65 
f 64/64/64 64/64/64 65/65/65 
f 65/65/65 64/64/64 66/66/66 
f 64/64/64 64/64/64 66/66/66 
f 66/66/66 64/64/64 67/67/67 
f 64/64/64 46/46/46 67/67/67 
f 67/67/67 46/46/46 45/45/45 
f 46/46/46 45/45/45 45/45/45 
f 45/45/45 45/45/45 46/46/46 
f 45/45/45 46/46/46 46/46/46 
f 46/46/46 46/46/46 47/47/47 
f 46/46/46 64/64/64 47/47/47 
f 47/47/47 64/64/64 64/64/64 
f 64/64/64 65/65/65 64/64/64 
f 64/64/64 65/65/65 65/65/65 
f 65/65/65 68/68/68 65/65/65 
f 65/65/65 68/68/68 63/63/63 
f 68/68/68 68/68/68 63/63/63 
f 63/63/63 68/68/68 62/62/62 
f 68/68/68 69/69/69 62/62/62 
f 62/62/62 69/69/69 61/61/61 
f 69/69/69 69/69/69 61/61/61 
f 61/61/61 69/69/69 70/70/70 
f 69/69/69 69/69/69 70/70/70 
f 70/70/70 69/69/69 71/71/71 
f 69/69/69 69/69/69 71/71/71 
f 71/71/71 69/69/69 72/72/72 
f 69/69/69 68/68/68 72/72/72 
f 72/72/72 68/68/68 73/73/73 
f 68/68/68 74/74/74 73/73/73 
f 73/73/73 74/74/74 75/75/75 
f 74/74/74 74/74/74 75/75/75 
f 75/75/75 74/74/74 76/76/76 
f 74/74/74 65/65/65 76/76/76 
f 76/76/76 65/65/65 77/77/77 
f 65/65/65 78/78/78 77/77/77 
f 77/77/77 78/78/78 77/77/77 
f 78/78/78 79/79/79 77/77/77 
f 77/77/77 79/79/79 76/76/76 
f 79/79/79 80/80/80 76/76/76 
f 76/76/76 80/80/80 76/76/76 
f 80/80/80 81/81/81 76/76/76 
f 76/76/76 81/81/81 75/75/75 
f 81/81/81 82/82/82 75/75/75 
f 75/75/75 82/82/82 75/75/75 
f 82/82/82 83/83/83 75/75/75 
f 75/75/75 83/83/83 73/73/73 
f 83/83/83 84/84/84 73/73/73 
f 73/73/73 84/84/84 72/72/72 
f 84/84/84 85/85/85 72/72/72 
f 72/72/72 85/85/85 71/71/71 
f 85/85/85 71/71/71 71/71/71 
f 71/71/71 71/71/71 65/65/65 
f 71/71/71 65/65/65 65/65/65 
f 65/65/65 65/65/65 68/68/68 
f 65/65/65 74/74/74 68/68/68 
f 68/68/68 74/74/74 74/74/74 
f 74/74/74 85/85/85 74/74/74 
f 74/74/74 85/85/85 85/85/85 
f 85/85/85 84/84/84 85/85/85 
f 85/85/85 84/84/84 86/86/86 
f 84/84/84 83/83/83 86/86/86 
f 86/86/86 83/83/83 86/86/86 
f 83/83/83 82/82/82 86/86/86 
f 86/86/86 82/82/82 87/87/87 
f 82/82/82 81/81/81 87/87/87 
f 87/87/87 81/81/81 88/88/88 
f 81/81/81 80/80/80 88/88/88 
f 88/88/88 80/80/80 80/80/80 
f 80/80/80 88/88/88 80/80/80 
f 80/80/80 88/88/88 88/88/88 
f 88/88/88 89/89/89 88/88/88 
f 88/88/88 89/89/89 87/87/87 
f 89/89/89 89/89/89 87/87/87 
f 87/87/87 89/89/89 86/86/86 
f 89/89/89 90/90/90 86/86/86 
f 86/86/86 90/90/90 91/91/91 
f 90/90/90 92/92/92 91/91/91 
f 91/91/91 92/92/92 71/71/71 
f 92/92/92 70/70/70 71/71/71 
f 71/71/71 70/70/70 70/70/70 
f 70/70/70 86/86/86 70/70/70 
f 70/70/70 86/86/86 86/86/86 
f 86/86/86 91/91/91 86/86/86 
f 86/86/86 91/91/91 85/85/85 
f 91/91/91 71/71/71 85/85/85 
f 85/85/85 71/71/71 71/71/71 
f 71/71/71 92/92/92 71/71/71 
f 71/71/71 92/92/92 92/92/92 
f 92/92/92 90/90/90 92/92/92 
f 92/92/92 90/90/90 93/93/93 
f 90/90/90 89/89/89 93/93/93 
f 93/93/93 89/89/89 93/93/93 
f 89/89/89 88/88/88 93/93/93 
f 93/93/93 88/88/88 94/94/94 
f 88/88/88 80/80/80 94/94/94 
f 94/94/94 80/80/80 94/94/94 
f 80/80/80 79/79/79 94/94/94 
f 94/94/94 79/79/79 94/94/94 
f 79/79/79 95/95/95 94/94/94 
f 94/94/94 95/95/95 96/96/96 
f 95/95/95 97/97/97 96/96/96 
f 96/96/96 97/97/97 70/70/70 
f 97/97/97 97/97/97 70/70/70 
f 70/70/70 97/97/97 61/61/61 
f 97/97/97 98/98/98 61/61/61 
f 61/61/61 98/98/98 60/60/60 
f 98/98/98 99/99/99 60/60/60 
f 60/60/60 99/99/99 59/59/59 
f 99/99/99 100/100/100 59/59/59 
f 59/59/59 100/100/100 58/58/58 
f 100/100/100 100/100/100 58/58/58 
f 58/58/58 100/100/100 57/57/57 
f 100/100/100 101/101/101 57/57/57 
f 57/57/57 101/101/101 56/56/56 
f 101/101/101 102/102/102 56/56/56 
f 56/56/56 102/102/102 102/102/102 
f 102/102/102 94/94/94 102/102/102 
f 102/102/102 94/94/94 94/94/94 
f 94/94/94 96/96/96 94/94/94 
f 94/94/94 96/96/96 93/93/93 
f 96/96/96 96/96/96 93/93/93 
f 93/93/93 96/96/96 92/92/92 
f 96/96/96 70/70/70 92/92/92 
f 92/92/92 70/70/70 70/70/70 
f 70/70/70 101/101/101 70/70/70 
f 70/70/70 101/101/101 101/101/101 
f 101/101/101 100/100/100 101/101/101 
f 101/101/101 100/100/100 103/103/103 
f 100/100/100 99/99/99 103/103/103 
f 103/103/103 99/99/99 104/104/104 
f 99/99/99 98/98/98 104/104/104 
f 104/104/104 98/98/98 105/105/105 
f 98/98/98 97/97/97 105/105/105 
f 105/105/105 97/97/97 106/106/106 
f 97/97/97 95/95/95 106/106/106 
f 106/106/106 95/95/95 107/107/107 
f 95/95/95 79/79/79 107/107/107 
f 107/107/107 79/79/79 107/107/107 
f 79/79/79 108/108/108 107/107/107 
f 107/107/107 108/108/108 107/107/107 
f 108/108/108 109/109/109 107/107/107 
f 107/107/107 109/109/109 107/107/107 
f 109/109/109 110/110/110 107/107/107 
f 107/107/107 110/110/110 106/106/106 
f 110/110/110 111/111/111 106/106/106 
f 106/106/106 111/111/111 105/105/105 
f 111/111/111 112/112/112 105/105/105 
f 105/105/105 112/112/112 105/105/105 
f 112/112/112 113/113/113 105/105/105 
f 105/105/105 113/113/113 104/104/104 
f 113/113/113 114/114/114 104/104/104 
f 104/104/104 114/114/114 103/103/103 
f 114/114/114 115/115/115 103/103/103 
f 103/103/103 115/115/115 101/101/101 
f 115/115/115 116/116/116 101/101/101 
f 101/101/101 116/116/116 117/117/117 
f 116/116/116 117/117/117 117/117/117 
f 117/117/117 117/117/117 116/116/116 
f 117/117/117 116/116/116 116/116/116 
f 116/116/116 116/116/116 118/118/118 
f 116/116/116 115/115/115 118/118/118 
f 118/118/118 115/115/115 118/118/118 
f 115/115/115 114/114/114 118/118/118 
f 118/118/118 114/114/114 119/119/119 
f 114/114/114 113/113/113 119/119/119 
f 119/119/119 113/113/113 120/120/120 
f 113/113/113 112/112/112 120/120/120 
f 120/120/120 112/112/112 120/120/120 
f 112/112/112 121/121/121 120/120/120 
f 120/120/120 121/121/121 122/122/122 
f 121/121/121 123/123/123 122/122/122 
f 122/122/122 123/123/123 124/124/124 
f 123/123/123 125/125/125 124/124/124 
f 124/124/124 125/125/125 126/126/126 
f 125/125/125 127/127/127 126/126/126 
f 126/126/126 127/127/127 128/128/128 
f 127/127/127 128/128/128 128/128/128 
f 128/128/128 128/128/128 127/127/127 
f 128/128/128 127/127/127 127/127/127 
f 127/127/127 127/127/127 129/129/129 
f 127/127/127 125/125/125 129/129/129 
f 129/129/129 125/125/125 129/129/129 
f 125/125/125 123/123/123 129/129/129 
f 129/129/129 123/123/123 130/130/130 
f 123/123/123 121/121/121 130/130/130 
f 130/130/130 121/121/121 131/131/131 
f 121/121/121 112/112/112 131/131/131 
f 131/131/131 112/112/112 131/131/131 
f 112/112/112 111/111/111 131/131/131 
f 131/131/131 111/111/111 132/132/132 
f 111/111/111 110/110/110 132/132/132 
f 132/132/132 110/110/110 133/133/133 
f 110/110/110 109/109/109 133/133/133 
f 133/133/133 109/109/109 134/134/134 
f 109/109/109 109/109/109 134/134/134 
f 134/134/134 109/109/109 135/135/135 
f 109/109/109 108/108/108 135/135/135 
f 135/135/135 108/108/108 136/136/136 
f 108/108/108 79/79/79 136/136/136 
f 136/136/136 79/79/79 137/137/137 
f 79/79/79 78/78/78 137/137/137 
f 137/137/137 78/78/78 138/138/138 
f 78/78/78 78/78/78 138/138/138 
f 138/138/138 78/78/78 139/139/139 
f 78/78/78 65/65/65 139/139/139 
f 139/139/139 65/65/65 140/140/140 
f 65/65/65 66/66/66 140/140/140 
f 140/140/140 66/66/66 141/141/141 
f 66/66/66 67/67/67 141/141/141 
f 141/141/141 67/67/67 142/142/142 
f 67/67/67 45/45/45 142/142/142 
f 142/142/142 45/45/45 143/143/143 
f 45/45/45 44/44/44 143/143/143 
f 143/143/143 44/44/44 144/144/144 
f 44/44/44 44/44/44 144/144/144 
f 144/144/144 44/44/44 145/145/145 
f 44/44/44 23/23/23 145/145/145 
f 145/145/145 23/23/23 146/146/146 
f 23/23/23 21/21/21 146/146/146 
f 146/146/146 21/21/21 146/146/146 
f 21/21/21 28/28/28 146/146/146 
f 146/146/146 28/28/28 146/146/146 
f 28/28/28 147/147/147 146/146/146 
f 146/146/146 147/147/147 146/146/146 
f 147/147/147 148/148/148 146/146/146 
f 146/146/146 148/148/148 146/146/146 
f 148/148/148 149/149/149 146/146/146 
f 146/146/146 149/149/149 145/145/145 
f 149/149/149 150/150/150 145/145/145 
f 145/145/145 150/150/150 145/145/145 
f 150/150/150 151/151/151 145/145/145 
f 145/145/145 151/151/151 144/144/144 
f 151/151/151 152/152/152 144/144/144 
f 144/144/144 152/152/152 144/144/144 
f 152/152/152 153/153/153 144/144/144 
f 144/144/144 153/153/153 144/144/144 
f 153/153/153 154/154/154 144/144/144 
f 144/144/144 154/154/154 155/155/155 
f 154/154/154 156/156/156 155/155/155 
f 155/155/155 156/156/156 156/156/156 
f 156/156/156 144/144/144 156/156/156 
f 156/156/156 144/144/144 144/144/144 
f 144/144/144 155/155/155 144/144/144 
f 144/144/144 155/155/155 143/143/143 
f 155/155/155 157/157/157 143/143/143 
f 143/143/143 157/157/157 142/142/142 
f 157/157/157 158/158/158 142/142/142 
f 142/142/142 158/158/158 141/141/141 
f 158/158/158 159/159/159 141/141/141 
f 141/141/141 159/159/159 140/140/140 
f 159/159/159 160/160/160 140/140/140 
f 140/140/140 160/160/160 140/140/140 
f 160/160/160 161/161/161 140/140/140 
f 140/140/140 161/161/161 139/139/139 
f 161/161/161 162/162/162 139/139/139 
f 139/139/139 162/162/162 138/138/138 
f 162/162/162 163/163/163 138/138/138 
f 138/138/138 163/163/163 164/164/164 
f 163/163/163 165/165/165 164/164/164 
f 164/164/164 165/165/165 164/164/164 
f 165/165/165 166/166/166 164/164/164 
f 164/164/164 166/166/166 136/136/136 
f 166/166/166 167/167/167 136/136/136 
f 136/136/136 167/167/167 136/136/136 
f 167/167/167 168/168/168 136/136/136 
f 136/136/136 168/168/168 135/135/135 
f 168/168/168 169/169/169 135/135/135 
f 135/135/135 169/169/169 134/134/134 
f 169/169/169 170/170/170 134/134/134 
f 134/134/134 170/170/170 134/134/134 
f 170/170/170 171/171/171 134/134/134 
f 134/134/134 171/171/171 133/133/133 
f 171/171/171 172/172/172 133/133/133 
f 133/133/133 172/172/172 132/132/132 
f 172/172/172 173/173/173 132/132/132 
f 132/132/132 173/173/173 131/131/131 
f 173/173/173 174/174/174 131/131/131 
f 131/131/131 174/174/174 130/130/130 
f 174/174/174 175/175/175 130/130/130 
f 130/130/130 175/175/175 129/129/129 
f 175/175/175 176/176/176 129/129/129 
f 129/129/129 176/176/176 127/127/127 
f 176/176/176 177/177/177 127/127/127 
f 127/127/127 177/177/177 178/178/178 
f 177/177/177 177/177/177 178/178/178 
f 178/178/178 177/177/177 179/179/179 
f 177/177/177 180/180/180 179/179/179 
f 179/179/179 180/180/180 181/181/181 
f 180/180/180 182/182/182 181/181/181 
f 181/181/181 182/182/182 183/183/183 
f 182/182/182 183/183/183 183/183/183 
f 183/183/183 183/183/183 136/136/136 
f 183/183/183 136/136/136 136/136/136 
f 136/136/136 136/136/136 164/164/164 
f 136/136/136 137/137/137 164/164/164 
f 164/164/164 137/137/137 138/138/138 
f 137/137/137 138/138/138 138/138/138 
f 138/138/138 138/138/138 182/182/182 
f 138/138/138 182/182/182 182/182/182 
f 182/182/182 182/182/182 184/184/184 
f 182/182/182 180/180/180 184/184/184 
f 184/184/184 180/180/180 185/185/185 
f 180/180/180 177/177/177 185/185/185 
f 185/185/185 177/177/177 185/185/185 
f 177/177/177 176/176/176 185/185/185 
f 185/185/185 176/176/176 186/186/186 
f 176/176/176 175/175/175 186/186/186 
f 186/186/186 175/175/175 187/187/187 
f 175/175/175 174/174/174 187/187/187 
f 187/187/187 174/174/174 188/188/188 
f 174/174/174 173/173/173 188/188/188 
f 188/188/188 173/173/173 173/173/173 
f 173/173/173 163/163/163 173/173/173 
f 173/173/173 163/163/163 163/163/163 
f 163/163/163 162/162/162 163/163/163 
f 163/163/163 162/162/162 189/189/189 
f 162/162/162 161/161/161 189/189/189 
f 189/189/189 161/161/161 161/161/161 
f 161/161/161 184/184/184 161/161/161 
f 161/161/161 184/184/184 184/184/184 
f 184/184/184 185/185/185 184/184/184 
f 184/184/184 185/185/185 190/190/190 
f 185/185/185 186/186/186 190/190/190 
f 190/190/190 186/186/186 191/191/191 
f 186/186/186 187/187/187 191/191/191 
f 191/191/191 187/187/187 191/191/191 
f 187/187/187 188/188/188 191/191/191 
f 191/191/191 188/188/188 192/192/192 
f 188/188/188 193/193/193 192/192/192 
f 192/192/192 193/193/193 194/194/194 
f 193/193/193 194/194/194 194/194/194 
f 194/194/194 194/194/194 189/189/189 
f 194/194/194 189/189/189 189/189/189 
f 189/189/189 189/189/189 163/163/163 
f 189/189/189 195/195/195 163/163/163 
f 163/163/163 195/195/195 165/165/165 
f 195/195/195 165/165/165 165/165/165 
f 165/165/165 165/165/165 173/173/173 
f 165/165/165 173/173/173 173/173/173 
f 173/173/173 173/173/173 188/188/188 
f 173/173/173 196/196/196 188/188/188 
f 188/188/188 196/196/196 197/197/197 
f 196/196/196 196/196/196 197/197/197 
f 197/197/197 196/196/196 198/198/198 
f 196/196/196 199/199/199 198/198/198 
f 198/198/198 199/199/199 200/200/200 
f 199/199/199 199/199/199 200/200/200 
f 200/200/200 199/199/199 201/201/201 
f 199/199/199 202/202/202 201/201/201 
f 201/201/201 202/202/202 203/203/203 
f 202/202/202 202/202/202 203/203/203 
f 203/203/203 202/202/202 204/204/204 
f 202/202/202 205/205/205 204/204/204 
f 204/204/204 205/205/205 206/206/206 
f 205/205/205 206/206/206 206/206/206 
f 206/206/206 206/206/206 188/188/188 
f 206/206/206 188/188/188 188/188/188 
f 188/188/188 188/188/188 193/193/193 
f 188/188/188 197/197/197 193/193/193 
f 193/193/193 197/197/197 197/197/197 
f 197/197/197 173/173/173 197/197/197 
f 197/197/197 173/173/173 173/173/173 
f 173/173/173 172/172/172 173/173/173 
f 173/173/173 172/172/172 196/196/196 
f 172/172/172 172/172/172 196/196/196 
f 196/196/196 172/172/172 199/199/199 
f 172/172/172 171/171/171 199/199/199 
f 199/199/199 171/171/171 202/202/202 
f 171/171/171 170/170/170 202/202/202 
f 202/202/202 170/170/170 205/205/205 
f 170/170/170 207/207/207 205/205/205 
f 205/205/205 207/207/207 205/205/205 
f 207/207/207 208/208/208 205/205/205 
f 205/205/205 208/208/208 206/206/206 
f 208/208/208 208/208/208 206/206/206 
f 206/206/206 208/208/208 209/209/209 
f 208/208/208 210/210/210 209/209/209 
f 209/209/209 210/210/210 211/211/211 
f 210/210/210 212/212/212 211/211/211 
f 211/211/211 212/212/212 213/213/213 
f 212/212/212 214/214/214 213/213/213 
f 213/213/213 214/214/214 215/215/215 
f 214/214/214 215/215/215 215/215/215 
f 215/215/215 215/215/215 169/169/169 
f 215/215/215 169/169/169 169/169/169 
f 169/169/169 169/169/169 170/170/170 
f 169/169/169 207/207/207 170/170/170 
f 170/170/170 207/207/207 207/207/207 
f 207/207/207 214/214/214 207/207/207 
f 207/207/207 214/214/214 214/214/214 
f 214/214/214 212/212/212 214/214/214 
f 214/214/214 212/212/212 216/216/216 
f 212/212/212 210/210/210 216/216/216 
f 216/216/216 210/210/210 210/210/210 
f 210/210/210 215/215/215 210/210/210 
f 210/210/210 215/215/215 215/215/215 
f 215/215/215 214/214/214 215/215/215 
f 215/215/215 214/214/214 217/217/217 
f 214/214/214 214/214/214 217/217/217 
f 217/217/217 214/214/214 218/218/218 
f 214/214/214 214/214/214 218/218/218 
f 218/218/218 214/214/214 219/219/219 
f 214/214/214 214/214/214 219/219/219 
f 219/219/219 214/214/214 220/220/220 
f 214/214/214 216/216/216 220/220/220 
f 220/220/220 216/216/216 216/216/216 
f 216/216/216 217/217/217 216/216/216 
f 216/216/216 217/217/217 217/217/217 
f 217/217/217 221/221/221 217/217/217 
f 217/217/217 221/221/221 215/215/215 
f 221/221/221 221/221/221 215/215/215 
f 215/215/215 221/221/221 222/222/222 
f 221/221/221 223/223/223 222/222/222 
f 222/222/222 223/223/223 222/222/222 
f 223/223/223 224/224/224 222/222/222 
f 222/222/222 224/224/224 225/225/225 
f 224/224/224 226/226/226 225/225/225 
f 225/225/225 226/226/226 227/227/227 
f 226/226/226 228/228/228 227/227/227 
f 227/227/227 228/228/228 229/229/229 
f 228/228/228 230/230/230 229/229/229 
f 229/229/229 230/230/230 231/231/231 
f 230/230/230 231/231/231 231/231/231 
f 231/231/231 231/231/231 230/230/230 
f 231/231/231 230/230/230 230/230/230 
f 230/230/230 230/230/230 232/232/232 
f 230/230/230 228/228/228 232/232/232 
f 232/232/232 228/228/228 233/233/233 
f 228/228/228 226/226/226 233/233/233 
f 233/233/233 226/226/226 234/234/234 
f 226/226/226 224/224/224 234/234/234 
f 234/234/234 224/224/224 235/235/235 
f 224/224/224 223/223/223 235/235/235 
f 235/235/235 223/223/223 223/223/223 
f 223/223/223 235/235/235 223/223/223 
f 223/223/223 235/235/235 235/235/235 
f 235/235/235 236/236/236 235/235/235 
f 235/235/235 236/236/236 234/234/234 
f 236/236/236 236/236/236 234/234/234 
f 234/234/234 236/236/236 233/233/233 
f 236/236/236 236/236/236 233/233/233 
f 233/233/233 236/236/236 232/232/232 
f 236/236/236 237/237/237 232/232/232 
f 232/232/232 237/237/237 230/230/230 
f 237/237/237 238/238/238 230/230/230 
f 230/230/230 238/238/238 231/231/231 
f 238/238/238 231/231/231 231/231/231 
f 231/231/231 231/231/231 238/238/238 
f 231/231/231 238/238/238 238/238/238 
f 238/238/238 238/238/238 239/239/239 
f 238/238/238 237/237/237 239/239/239 
f 239/239/239 237/237/237 239/239/239 
f 237/237/237 236/236/236 239/239/239 
f 239/239/239 236/236/236 240/240/240 
f 236/236/236 241/241/241 240/240/240 
f 240/240/240 241/241/241 242/242/242 
f 241/241/241 223/223/223 242/242/242 
f 242/242/242 223/223/223 221/221/221 
f 223/223/223 221/221/221 221/221/221 
f 221/221/221 221/221/221 236/236/236 
f 221/221/221 236/236/236 236/236/236 
f 236/236/236 236/236/236 241/241/241 
f 236/236/236 235/235/235 241/241/241 
f 241/241/241 235/235/235 223/223/223 
f 235/235/235 223/223/223 223/223/223 
f 223/223/223 223/223/223 242/242/242 
f 223/223/223 242/242/242 242/242/242 
f 242/242/242 242/242/242 240/240/240 
f 242/242/242 243/243/243 240/240/240 
f 240/240/240 243/243/243 239/239/239 
f 243/243/243 243/243/243 239/239/239 
f 239/239/239 243/243/243 238/238/238 
f 243/243/243 244/244/244 238/238/238 
f 238/238/238 244/244/244 231/231/231 
f 244/244/244 231/231/231 231/231/231 
f 231/231/231 231/231/231 244/244/244 
f 231/231/231 244/244/244 244/244/244 
f 244/244/244 244/244/244 245/245/245 
f 244/244/244 243/243/243 245/245/245 
f 245/245/245 243/243/243 245/245/245 
f 243/243/243 242/242/242 245/245/245 
f 245/245/245 242/242/242 245/245/245 
f 242/242/242 221/221/221 245/245/245 
f 245/245/245 221/221/221 245/245/245 
f 221/221/221 217/217/217 245/245/245 
f 245/245/245 217/217/217 246/246/246 
f 217/217/217 247/247/247 246/246/246 
f 246/246/246 247/247/247 246/246/246 
f 247/247/247 248/248/248 246/246/246 
f 246/246/246 248/248/248 244/244/244 
f 248/248/248 248/248/248 244/244/244 
f 244/244/244 248/248/248 231/231/231 
f 248/248/248 248/248/248 231/231/231 
f 231/231/231 248/248/248 249/249/249 
f 248/248/248 248/248/248 249/249/249 
f 249/249/249 248/248/248 250/250/250 
f 248/248/248 251/251/251 250/250/250 
f 250/250/250 251/251/251 252/252/252 
f 251/251/251 251/251/251 252/252/252 
f 252/252/252 251/251/251 253/253/253 
f 251/251/251 251/251/251 253/253/253 
f 253/253/253 251/251/251 254/254/254 
f 251/251/251 255/255/255 254/254/254 
f 254/254/254 255/255/255 256/256/256 
f 255/255/255 256/256/256 256/256/256 
f 256/256/256 256/256/256 246/246/246 
f 256/256/256 246/246/246 246/246/246 
f 246/246/246 246/246/246 245/245/245 
f 246/246/246 244/244/244 245/245/245 
f 245/245/245 244/244/244 244/244/244 
f 244/244/244 217/217/217 244/244/244 
f 244/244/244 217/217/217 217/217/217 
f 217/217/217 218/218/218 217/217/217 
f 217/217/217 218/218/218 247/247/247 
f 218/218/218 257/257/257 247/247/247 
f 247/247/247 257/257/257 247/247/247 
f 257/257/257 258/258/258 247/247/247 
f 247/247/247 258/258/258 248/248/248 
f 258/258/258 258/258/258 248/248/248 
f 248/248/248 258/258/258 251/251/251 
f 258/258/258 258/258/258 251/251/251 
f 251/251/251 258/258/258 255/255/255 
f 258/258/258 259/259/259 255/255/255 
f 255/255/255 259/259/259 255/255/255 
f 259/259/259 260/260/260 255/255/255 
f 255/255/255 260/260/260 256/256/256 
f 260/260/260 261/261/261 256/256/256 
f 256/256/256 261/261/261 262/262/262 
f 261/261/261 261/261/261 262/262/262 
f 262/262/262 261/261/261 263/263/263 
f 261/261/261 264/264/264 263/263/263 
f 263/263/263 264/264/264 263/263/263 
f 264/264/264 265/265/265 263/263/263 
f 263/263/263 265/265/265 266/266/266 
f 265/265/265 267/267/267 266/266/266 
f 266/266/266 267/267/267 268/268/268 
f 267/267/267 267/267/267 268/268/268 
f 268/268/268 267/267/267 269/269/269 
f 267/267/267 270/270/270 269/269/269 
f 269/269/269 270/270/270 269/269/269 
f 270/270/270 271/271/271 269/269/269 
f 269/269/269 271/271/271 272/272/272 
f 271/271/271 271/271/271 272/272/272 
f 272/272/272 271/271/271 273/273/273 
f 271/271/271 274/274/274 273/273/273 
f 273/273/273 274/274/274 275/275/275 
f 274/274/274 276/276/276 275/275/275 
f 275/275/275 276/276/276 275/275/275 
f 276/276/276 277/277/277 275/275/275 
f 275/275/275 277/277/277 278/278/278 
f 277/277/277 277/277/277 278/278/278 
f 278/278/278 277/277/277 279/279/279 
f 277/277/277 280/280/280 279/279/279 
f 279/279/279 280/280/280 279/279/279 
f 280/280/280 281/281/281 279/279/279 
f 279/279/279 281/281/281 282/282/282 
f 281/281/281 283/283/283 282/282/282 
f 282/282/282 283/283/283 284/284/284 
f 283/283/283 283/283/283 284/284/284 
f 284/284/284 283/283/283 285/285/285 
f 283/283/283 283/283/283 285/285/285 
f 285/285/285 283/283/283 286/286/286 
f 283/283/283 287/287/287 286/286/286 
f 286/286/286 287/287/287 288/288/288 
f 287/287/287 289/289/289 288/288/288 
f 288/288/288 289/289/289 290/290/290 
f 289/289/289 290/290/290 290/290/290 
f 290/290/290 290/290/290 258/258/258 
f 290/290/290 258/258/258 258/258/258 
f 258/258/258 258/258/258 259/259/259 
f 258/258/258 257/257/257 259/259/259 
f 259/259/259 257/257/257 291/291/291 
f 257/257/257 257/257/257 291/291/291 
f 291/291/291 257/257/257 292/292/292 
f 257/257/257 218/218/218 292/292/292 
f 292/292/292 218/218/218 219/219/219 
f 218/218/218 219/219/219 219/219/219 
f 219/219/219 219/219/219 289/289/289 
f 219/219/219 289/289/289 289/289/289 
f 289/289/289 289/289/289 293/293/293 
f 289/289/289 287/287/287 293/293/293 
f 293/293/293 287/287/287 293/293/293 
f 287/287/287 294/294/294 293/293/293 
f 293/293/293 294/294/294 295/295/295 
f 294/294/294 296/296/296 295/295/295 
f 295/295/295 296/296/296 297/297/297 
f 296/296/296 296/296/296 297/297/297 
f 297/297/297 296/296/296 298/298/298 
f 296/296/296 299/299/299 298/298/298 
f 298/298/298 299/299/299 300/300/300 
f 299/299/299 301/301/301 300/300/300 
f 300/300/300 301/301/301 302/302/302 
f 301/301/301 303/303/303 302/302/302 
f 302/302/302 303/303/303 304/304/304 
f 303/303/303 305/305/305 304/304/304 
f 304/304/304 305/305/305 306/306/306 
f 305/305/305 307/307/307 306/306/306 
f 306/306/306 307/307/307 156/156/156 
f 307/307/307 307/307/307 156/156/156 
f 156/156/156 307/307/307 155/155/155 
f 307/307/307 307/307/307 155/155/155 
f 155/155/155 307/307/307 157/157/157 
f 307/307/307 308/308/308 157/157/157 
f 157/157/157 308/308/308 158/158/158 
f 308/308/308 309/309/309 158/158/158 
f 158/158/158 309/309/309 158/158/158 
f 309/309/309 310/310/310 158/158/158 
f 158/158/158 310/310/310 159/159/159 
f 310/310/310 311/311/311 159/159/159 
f 159/159/159 311/311/311 160/160/160 
f 311/311/311 311/311/311 160/160/160 
f 160/160/160 311/311/311 312/312/312 
f 311/311/311 311/311/311 312/312/312 
f 312/312/312 311/311/311 313/313/313 
f 311/311/311 310/310/310 313/313/313 
f 313/313/313 310/310/310 314/314/314 
f 310/310/310 310/310/310 314/314/314 
f 314/314/314 310/310/310 315/315/315 
f 310/310/310 309/309/309 315/315/315 
f 315/315/315 309/309/309 316/316/316 
f 309/309/309 317/317/317 316/316/316 
f 316/316/316 317/317/317 318/318/318 
f 317/317/317 305/305/305 318/318/318 
f 318/318/318 305/305/305 318/318/318 
f 305/305/305 303/303/303 318/318/318 
f 318/318/318 303/303/303 319/319/319 
f 303/303/303 303/303/303 319/319/319 
f 319/319/319 303/303/303 320/320/320 
f 303/303/303 301/301/301 320/320/320 
f 320/320/320 301/301/301 320/320/320 
f 301/301/301 299/299/299 320/320/320 
f 320/320/320 299/299/299 321/321/321 
f 299/299/299 299/299/299 321/321/321 
f 321/321/321 299/299/299 322/322/322 
f 299/299/299 299/299/299 322/322/322 
f 322/322/322 299/299/299 323/323/323 
f 299/299/299 296/296/296 323/323/323 
f 323/323/323 296/296/296 324/324/324 
f 296/296/296 294/294/294 324/324/324 
f 324/324/324 294/294/294 324/324/324 
f 294/294/294 287/287/287 324/324/324 
f 324/324/324 287/287/287 325/325/325 
f 287/287/287 283/283/283 325/325/325 
f 325/325/325 283/283/283 325/325/325 
f 283/283/283 281/281/281 325/325/325 
f 325/325/325 281/281/281 326/326/326 
f 281/281/281 280/280/280 326/326/326 
f 326/326/326 280/280/280 280/280/280 
f 280/280/280 307/307/307 280/280/280 
f 280/280/280 307/307/307 307/307/307 
f 307/307/307 305/305/305 307/307/307 
f 307/307/307 305/305/305 308/308/308 
f 305/305/305 317/317/317 308/308/308 
f 308/308/308 317/317/317 309/309/309 
f 317/317/317 309/309/309 309/309/309 
f 309/309/309 309/309/309 326/326/326 
f 309/309/309 326/326/326 326/326/326 
f 326/326/326 326/326/326 325/325/325 
f 326/326/326 327/327/327 325/325/325 
f 325/325/325 327/327/327 324/324/324 
f 327/327/327 327/327/327 324/324/324 
f 324/324/324 327/327/327 323/323/323 
f 327/327/327 328/328/328 323/323/323 
f 323/323/323 328/328/328 322/322/322 
f 328/328/328 322/322/322 322/322/322 
f 322/322/322 322/322/322 328/328/328 
f 322/322/322 328/328/328 328/328/328 
f 328/328/328 328/328/328 329/329/329 
f 328/328/328 327/327/327 329/329/329 
f 329/329/329 327/327/327 326/326/326 
f 327/327/327 326/326/326 326/326/326 
f 326/326/326 326/326/326 322/322/322 
f 326/326/326 322/322/322 322/322/322 
f 322/322/322 322/322/322 330/330/330 
f 322/322/322 328/328/328 330/330/330 
f 330/330/330 328/328/328 331/331/331 
f 328/328/328 328/328/328 331/331/331 
f 331/331/331 328/328/328 332/332/332 
f 328/328/328 333/333/333 332/332/332 
f 332/332/332 333/333/333 334/334/334 
f 333/333/333 334/334/334 334/334/334 
f 334/334/334 334/334/334 329/329/329 
f 334/334/334 329/329/329 329/329/329 
f 329/329/329 329/329/329 328/328/328 
f 329/329/329 333/333/333 328/328/328 
f 328/328/328 333/333/333 333/333/333 
f 333/333/333 330/330/330 333/333/333 
f 333/333/333 330/330/330 330/330/330 
f 330/330/330 335/335/335 330/330/330 
f 330/330/330 335/335/335 322/322/322 
f 335/335/335 335/335/335 322/322/322 
f 322/322/322 335/335/335 321/321/321 
f 335/335/335 336/336/336 321/321/321 
f 321/321/321 336/336/336 337/337/337 
f 336/336/336 338/338/338 337/337/337 
f 337/337/337 338/338/338 337/337/337 
f 338/338/338 339/339/339 337/337/337 
f 337/337/337 339/339/339 337/337/337 
f 339/339/339 340/340/340 337/337/337 
f 337/337/337 340/340/340 320/320/320 
f 340/340/340 319/319/319 320/320/320 
f 320/320/320 319/319/319 319/319/319 
f 319/319/319 320/320/320 319/319/319 
f 319/319/319 320/320/320 320/320/320 
f 320/320/320 321/321/321 320/320/320 
f 320/320/320 321/321/321 337/337/337 
f 321/321/321 337/337/337 337/337/337 
f 337/337/337 337/337/337 330/330/330 
f 337/337/337 330/330/330 330/330/330 
f 330/330/330 330/330/330 335/335/335 
f 330/330/330 341/341/341 335/335/335 
f 335/335/335 341/341/341 342/342/342 
f 341/341/341 343/343/343 342/342/342 
f 342/342/342 343/343/343 342/342/342 
f 343/343/343 344/344/344 342/342/342 
f 342/342/342 344/344/344 345/345/345 
f 344/344/344 346/346/346 345/345/345 
f 345/345/345 346/346/346 338/338/338 
f 346/346/346 346/346/346 338/338/338 
f 338/338/338 346/346/346 339/339/339 
f 346/346/346 347/347/347 339/339/339 
f 339/339/339 347/347/347 340/340/340 
f 347/347/347 348/348/348 340/340/340 
f 340/340/340 348/348/348 319/319/319 
f 348/348/348 319/319/319 319/319/319 
f 319/319/319 319/319/319 338/338/338 
f 319/319/319 338/338/338 338/338/338 
f 338/338/338 338/338/338 345/345/345 
f 338/338/338 336/336/336 345/345/345 
f 345/345/345 336/336/336 342/342/342 
f 336/336/336 335/335/335 342/342/342 
f 342/342/342 335/335/335 335/335/335 
f 335/335/335 348/348/348 335/335/335 
f 335/335/335 348/348/348 348/348/348 
f 348/348/348 347/347/347 348/348/348 
f 348/348/348 347/347/347 349/349/349 
f 347/347/347 346/346/346 349/349/349 
f 349/349/349 346/346/346 350/350/350 
f 346/346/346 351/351/351 350/350/350 
f 350/350/350 351/351/351 352/352/352 
f 351/351/351 343/343/343 352/352/352 
f 352/352/352 343/343/343 353/353/353 
f 343/343/343 341/341/341 353/353/353 
f 353/353/353 341/341/341 353/353/353 
f 341/341/341 330/330/330 353/353/353 
f 353/353/353 330/330/330 354/354/354 
f 330/330/330 355/355/355 354/354/354 
f 354/354/354 355/355/355 356/356/356 
f 355/355/355 355/355/355 356/356/356 
f 356/356/356 355/355/355 357/357/357 
f 355/355/355 355/355/355 357/357/357 
f 357/357/357 355/355/355 358/358/358 
f 355/355/355 331/331/331 358/358/358 
f 358/358/358 331/331/331 359/359/359 
f 331/331/331 332/332/332 359/359/359 
f 359/359/359 332/332/332 360/360/360 
f 332/332/332 334/334/334 360/360/360 
f 360/360/360 334/334/334 361/361/361 
f 334/334/334 334/334/334 361/361/361 
f 361/361/361 334/334/334 362/362/362 
f 334/334/334 333/333/333 362/362/362 
f 362/362/362 333/333/333 363/363/363 
f 333/333/333 329/329/329 363/363/363 
f 363/363/363 329/329/329 329/329/329 
f 329/329/329 346/346/346 329/329/329 
f 329/329/329 346/346/346 346/346/346 
f 346/346/346 344/344/344 346/346/346 
f 346/346/346 344/344/344 351/351/351 
f 344/344/344 343/343/343 351/351/351 
f 351/351/351 343/343/343 343/343/343 
f 343/343/343 355/355/355 343/343/343 
f 343/343/343 355/355/355 355/355/355 
f 355/355/355 330/330/330 355/355/355 
f 355/355/355 330/330/330 331/331/331 
f 330/330/330 331/331/331 331/331/331 
f 331/331/331 331/331/331 363/363/363 
f 331/331/331 363/363/363 363/363/363 
f 363/363/363 363/363/363 362/362/362 
f 363/363/363 364/364/364 362/362/362 
f 362/362/362 364/364/364 362/362/362 
f 364/364/364 365/365/365 362/362/362 
f 362/362/362 365/365/365 361/361/361 
f 365/365/365 366/366/366 361/361/361 
f 361/361/361 366/366/366 367/367/367 
f 366/366/366 368/368/368 367/367/367 
f 367/367/367 368/368/368 367/367/367 
f 368/368/368 369/369/369 367/367/367 
f 367/367/367 369/369/369 367/367/367 
f 369/369/369 370/370/370 367/367/367 
f 367/367/367 370/370/370 360/360/360 
f 370/370/370 359/359/359 360/360/360 
f 360/360/360 359/359/359 359/359/359 
f 359/359/359 360/360/360 359/359/359 
f 359/359/359 360/360/360 360/360/360 
f 360/360/360 361/361/361 360/360/360 
f 360/360/360 361/361/361 367/367/367 
f 361/361/361 367/367/367 367/367/367 
f 367/367/367 367/367/367 368/368/368 
f 367/367/367 368/368/368 368/368/368 
f 368/368/368 368/368/368 371/371/371 
f 368/368/368 366/366/366 371/371/371 
f 371/371/371 366/366/366 371/371/371 
f 366/366/366 365/365/365 371/371/371 
f 371/371/371 365/365/365 371/371/371 
f 365/365/365 364/364/364 371/371/371 
f 371/371/371 364/364/364 372/372/372 
f 364/364/364 363/363/363 372/372/372 
f 372/372/372 363/363/363 373/373/373 
f 363/363/363 329/329/329 373/373/373 
f 373/373/373 329/329/329 329/329/329 
f 329/329/329 373/373/373 329/329/329 
f 329/329/329 373/373/373 373/373/373 
f 373/373/373 374/374/374 373/373/373 
f 373/373/373 374/374/374 372/372/372 
f 374/374/374 374/374/374 372/372/372 
f 372/372/372 374/374/374 371/371/371 
f 374/374/374 375/375/375 371/371/371 
f 371/371/371 375/375/375 376/376/376 
f 375/375/375 377/377/377 376/376/376 
f 376/376/376 377/377/377 369/369/369 
f 377/377/377 378/378/378 369/369/369 
f 369/369/369 378/378/378 370/370/370 
f 378/378/378 370/370/370 370/370/370 
f 370/370/370 370/370/370 371/371/371 
f 370/370/370 371/371/371 371/371/371 
f 371/371/371 371/371/371 368/368/368 
f 371/371/371 376/376/376 368/368/368 
f 368/368/368 376/376/376 369/369/369 
f 376/376/376 369/369/369 369/369/369 
f 369/369/369 369/369/369 375/375/375 
f 369/369/369 375/375/375 375/375/375 
f 375/375/375 375/375/375 377/377/377 
f 375/375/375 379/379/379 377/377/377 
f 377/377/377 379/379/379 380/380/380 
f 379/379/379 379/379/379 380/380/380 
f 380/380/380 379/379/379 381/381/381 
f 379/379/379 373/373/373 381/381/381 
f 381/381/381 373/373/373 381/381/381 
f 373/373/373 329/329/329 381/381/381 
f 381/381/381 329/329/329 381/381/381 
f 329/329/329 326/326/326 381/381/381 
f 381/381/381 326/326/326 382/382/382 
f 326/326/326 280/280/280 382/382/382 
f 382/382/382 280/280/280 382/382/382 
f 280/280/280 277/277/277 382/382/382 
f 382/382/382 277/277/277 382/382/382 
f 277/277/277 276/276/276 382/382/382 
f 382/382/382 276/276/276 382/382/382 
f 276/276/276 383/383/383 382/382/382 
f 382/382/382 383/383/383 378/378/378 
f 383/383/383 383/383/383 378/378/378 
f 378/378/378 383/383/383 370/370/370 
f 383/383/383 384/384/384 370/370/370 
f 370/370/370 384/384/384 359/359/359 
f 384/384/384 359/359/359 359/359/359 
f 359/359/359 359/359/359 377/377/377 
f 359/359/359 377/377/377 377/377/377 
f 377/377/377 377/377/377 378/378/378 
f 377/377/377 380/380/380 378/378/378 
f 378/378/378 380/380/380 382/382/382 
f 380/380/380 381/381/381 382/382/382 
f 382/382/382 381/381/381 381/381/381 
f 381/381/381 375/375/375 381/381/381 
f 381/381/381 375/375/375 375/375/375 
f 375/375/375 374/374/374 375/375/375 
f 375/375/375 374/374/374 379/379/379 
f 374/374/374 373/373/373 379/379/379 
f 379/379/379 373/373/373 373/373/373 
f 373/373/373 276/276/276 373/373/373 
f 373/373/373 276/276/276 276/276/276 
f 276/276/276 274/274/274 276/276/276 
f 276/276/276 274/274/274 383/383/383 
f 274/274/274 385/385/385 383/383/383 
f 383/383/383 385/385/385 384/384/384 
f 385/385/385 386/386/386 384/384/384 
f 384/384/384 386/386/386 384/384/384 
f 386/386/386 387/387/387 384/384/384 
f 384/384/384 387/387/387 359/359/359 
f 387/387/387 388/388/388 359/359/359 
f 359/359/359 388/388/388 358/358/358 
f 388/388/388 389/389/389 358/358/358 
f 358/358/358 389/389/389 358/358/358 
f 389/389/389 390/390/390 358/358/358 
f 358/358/358 390/390/390 391/391/391 
f 390/390/390 390/390/390 391/391/391 
f 391/391/391 390/390/390 392/392/392 
f 390/390/390 390/390/390 392/392/392 
f 392/392/392 390/390/390 393/393/393 
f 390/390/390 389/389/389 393/393/393 
f 393/393/393 389/389/389 394/394/394 
f 389/389/389 389/389/389 394/394/394 
f 394/394/394 389/389/389 395/395/395 
f 389/389/389 388/388/388 395/395/395 
f 395/395/395 388/388/388 396/396/396 
f 388/388/388 387/387/387 396/396/396 
f 396/396/396 387/387/387 397/397/397 
f 387/387/387 386/386/386 397/397/397 
f 397/397/397 386/386/386 398/398/398 
f 386/386/386 399/399/399 398/398/398 
f 398/398/398 399/399/399 398/398/398 
f 399/399/399 400/400/400 398/398/398 
f 398/398/398 400/400/400 398/398/398 
f 400/400/400 401/401/401 398/398/398 
f 398/398/398 401/401/401 397/397/397 
f 401/401/401 402/402/402 397/397/397 
f 397/397/397 402/402/402 403/403/403 
f 402/402/402 402/402/402 403/403/403 
f 403/403/403 402/402/402 404/404/404 
f 402/402/402 402/402/402 404/404/404 
f 404/404/404 402/402/402 405/405/405 
f 402/402/402 402/402/402 405/405/405 
f 405/405/405 402/402/402 406/406/406 
f 402/402/402 401/401/401 406/406/406 
f 406/406/406 401/401/401 407/407/407 
f 401/401/401 400/400/400 407/407/407 
f 407/407/407 400/400/400 400/400/400 
f 400/400/400 274/274/274 400/400/400 
f 400/400/400 274/274/274 274/274/274 
f 274/274/274 271/271/271 274/274/274 
f 274/274/274 271/271/271 385/385/385 
f 271/271/271 399/399/399 385/385/385 
f 385/385/385 399/399/399 386/386/386 
f 399/399/399 386/386/386 386/386/386 
f 386/386/386 386/386/386 399/399/399 
f 386/386/386 399/399/399 399/399/399 
f 399/399/399 399/399/399 270/270/270 
f 399/399/399 271/271/271 270/270/270 
f 270/270/270 271/271/271 271/271/271 
f 271/271/271 358/358/358 271/271/271 
f 271/271/271 358/358/358 358/358/358 
f 358/358/358 391/391/391 358/358/358 
f 358/358/358 391/391/391 357/357/357 
f 391/391/391 357/357/357 357/357/357 
f 357/357/357 357/357/357 396/396/396 
f 357/357/357 396/396/396 396/396/396 
f 396/396/396 396/396/396 403/403/403 
f 396/396/396 397/397/397 403/403/403 
f 403/403/403 397/397/397 397/397/397 
f 397/397/397 407/407/407 397/397/397 
f 397/397/397 407/407/407 407/407/407 
f 407/407/407 408/408/408 407/407/407 
f 407/407/407 408/408/408 406/406/406 
f 408/408/408 409/409/409 406/406/406 
f 406/406/406 409/409/409 405/405/405 
f 409/409/409 410/410/410 405/405/405 
f 405/405/405 410/410/410 411/411/411 
f 410/410/410 410/410/410 411/411/411 
f 411/411/411 410/410/410 412/412/412 
f 410/410/410 410/410/410 412/412/412 
f 412/412/412 410/410/410 413/413/413 
f 410/410/410 409/409/409 413/413/413 
f 413/413/413 409/409/409 413/413/413 
f 409/409/409 408/408/408 413/413/413 
f 413/413/413 408/408/408 414/414/414 
f 408/408/408 407/407/407 414/414/414 
f 414/414/414 407/407/407 415/415/415 
f 407/407/407 400/400/400 415/415/415 
f 415/415/415 400/400/400 400/400/400 
f 400/400/400 404/404/404 400/400/400 
f 400/400/400 404/404/404 404/404/404 
f 404/404/404 405/405/405 404/404/404 
f 404/404/404 405/405/405 411/411/411 
f 405/405/405 411/411/411 411/411/411 
f 411/411/411 411/411/411 415/415/415 
f 411/411/411 415/415/415 415/415/415 
f 415/415/415 415/415/415 414/414/414 
f 415/415/415 416/416/416 414/414/414 
f 414/414/414 416/416/416 413/413/413 
f 416/416/416 417/417/417 413/413/413 
f 413/413/413 417/417/417 418/418/418 
f 417/417/417 419/419/419 418/418/418 
f 418/418/418 419/419/419 418/418/418 
f 419/419/419 420/420/420 418/418/418 
f 418/418/418 420/420/420 412/412/412 
f 420/420/420 411/411/411 412/412/412 
f 412/412/412 411/411/411 411/411/411 
f 411/411/411 418/418/418 411/411/411 
f 411/411/411 418/418/418 418/418/418 
f 418/418/418 412/412/412 418/418/418 
f 418/418/418 412/412/412 413/413/413 
f 412/412/412 413/413/413 413/413/413 
f 413/413/413 413/413/413 419/419/419 
f 413/413/413 419/419/419 419/419/419 
f 419/419/419 419/419/419 421/421/421 
f 419/419/419 417/417/417 421/421/421 
f 421/421/421 417/417/417 421/421/421 
f 417/417/417 416/416/416 421/421/421 
f 421/421/421 416/416/416 421/421/421 
f 416/416/416 415/415/415 421/421/421 
f 421/421/421 415/415/415 422/422/422 
f 415/415/415 400/400/400 422/422/422 
f 422/422/422 400/400/400 422/422/422 
f 400/400/400 399/399/399 422/422/422 
f 422/422/422 399/399/399 423/423/423 
f 399/399/399 270/270/270 423/423/423 
f 423/423/423 270/270/270 270/270/270 
f 270/270/270 423/423/423 270/270/270 
f 270/270/270 423/423/423 423/423/423 
f 423/423/423 424/424/424 423/423/423 
f 423/423/423 424/424/424 422/422/422 
f 424/424/424 424/424/424 422/422/422 
f 422/422/422 424/424/424 421/421/421 
f 424/424/424 424/424/424 421/421/421 
f 421/421/421 424/424/424 419/419/419 
f 424/424/424 425/425/425 419/419/419 
f 419/419/419 425/425/425 420/420/420 
f 425/425/425 426/426/426 420/420/420 
f 420/420/420 426/426/426 411/411/411 
f 426/426/426 426/426/426 411/411/411 
f 411/411/411 426/426/426 404/404/404 
f 426/426/426 427/427/427 404/404/404 
f 404/404/404 427/427/427 403/403/403 
f 427/427/427 403/403/403 403/403/403 
f 403/403/403 403/403/403 427/427/427 
f 403/403/403 427/427/427 427/427/427 
f 427/427/427 427/427/427 428/428/428 
f 427/427/427 426/426/426 428/428/428 
f 428/428/428 426/426/426 428/428/428 
f 426/426/426 425/425/425 428/428/428 
f 428/428/428 425/425/425 429/429/429 
f 425/425/425 424/424/424 429/429/429 
f 429/429/429 424/424/424 429/429/429 
f 424/424/424 423/423/423 429/429/429 
f 429/429/429 423/423/423 429/429/429 
f 423/423/423 270/270/270 429/429/429 
f 429/429/429 270/270/270 429/429/429 
f 270/270/270 267/267/267 429/429/429 
f 429/429/429 267/267/267 430/430/430 
f 267/267/267 265/265/265 430/430/430 
f 430/430/430 265/265/265 431/431/431 
f 265/265/265 264/264/264 431/431/431 
f 431/431/431 264/264/264 432/432/432 
f 264/264/264 261/261/261 432/432/432 
f 432/432/432 261/261/261 432/432/432 
f 261/261/261 260/260/260 432/432/432 
f 432/432/432 260/260/260 432/432/432 
f 260/260/260 259/259/259 432/432/432 
f 432/432/432 259/259/259 433/433/433 
f 259/259/259 291/291/291 433/433/433 
f 433/433/433 291/291/291 291/291/291 
f 291/291/291 433/433/433 291/291/291 
f 291/291/291 433/433/433 433/433/433 
f 433/433/433 434/434/434 433/433/433 
f 433/433/433 434/434/434 432/432/432 
f 434/434/434 435/435/435 432/432/432 
f 432/432/432 435/435/435 431/431/431 
f 435/435/435 431/431/431 431/431/431 
f 431/431/431 431/431/431 435/435/435 
f 431/431/431 435/435/435 435/435/435 
f 435/435/435 435/435/435 436/436/436 
f 435/435/435 434/434/434 436/436/436 
f 436/436/436 434/434/434 437/437/437 
f 434/434/434 433/433/433 437/437/437 
f 437/437/437 433/433/433 438/438/438 
f 433/433/433 291/291/291 438/438/438 
f 438/438/438 291/291/291 291/291/291 
f 291/291/291 438/438/438 291/291/291 
f 291/291/291 438/438/438 438/438/438 
f 438/438/438 439/439/439 438/438/438 
f 438/438/438 439/439/439 437/437/437 
f 439/439/439 440/440/440 437/437/437 
f 437/437/437 440/440/440 436/436/436 
f 440/440/440 441/441/441 436/436/436 
f 436/436/436 441/441/441 436/436/436 
f 441/441/441 442/442/442 436/436/436 
f 436/436/436 442/442/442 435/435/435 
f 442/442/442 443/443/443 435/435/435 
f 435/435/435 443/443/443 431/431/431 
f 443/443/443 444/444/444 431/431/431 
f 431/431/431 444/444/444 430/430/430 
f 444/444/444 445/445/445 430/430/430 
f 430/430/430 445/445/445 429/429/429 
f 445/445/445 445/445/445 429/429/429 
f 429/429/429 445/445/445 428/428/428 
f 445/445/445 445/445/445 428/428/428 
f 428/428/428 445/445/445 427/427/427 
f 445/445/445 446/446/446 427/427/427 
f 427/427/427 446/446/446 447/447/447 
f 446/446/446 446/446/446 447/447/447 
f 447/447/447 446/446/446 448/448/448 
f 446/446/446 446/446/446 448/448/448 
f 448/448/448 446/446/446 449/449/449 
f 446/446/446 444/444/444 449/449/449 
f 449/449/449 444/444/444 443/443/443 
f 444/444/444 443/443/443 443/443/443 
f 443/443/443 443/443/443 446/446/446 
f 443/443/443 446/446/446 446/446/446 
f 446/446/446 446/446/446 444/444/444 
f 446/446/446 445/445/445 444/444/444 
f 444/444/444 445/445/445 445/445/445 
f 445/445/445 427/427/427 445/445/445 
f 445/445/445 427/427/427 427/427/427 
f 427/427/427 447/447/447 427/427/427 
f 427/427/427 447/447/447 403/403/403 
f 447/447/447 450/450/450 403/403/403 
f 403/403/403 450/450/450 396/396/396 
f 450/450/450 451/451/451 396/396/396 
f 396/396/396 451/451/451 396/396/396 
f 451/451/451 452/452/452 396/396/396 
f 396/396/396 452/452/452 395/395/395 
f 452/452/452 453/453/453 395/395/395 
f 395/395/395 453/453/453 394/394/394 
f 453/453/453 454/454/454 394/394/394 
f 394/394/394 454/454/454 455/455/455 
f 454/454/454 456/456/456 455/455/455 
f 455/455/455 456/456/456 455/455/455 
f 456/456/456 457/457/457 455/455/455 
f 455/455/455 457/457/457 393/393/393 
f 457/457/457 392/392/392 393/393/393 
f 393/393/393 392/392/392 392/392/392 
f 392/392/392 393/393/393 392/392/392 
f 392/392/392 393/393/393 393/393/393 
f 393/393/393 394/394/394 393/393/393 
f 393/393/393 394/394/394 455/455/455 
f 394/394/394 455/455/455 455/455/455 
f 455/455/455 455/455/455 456/456/456 
f 455/455/455 456/456/456 456/456/456 
f 456/456/456 456/456/456 458/458/458 
f 456/456/456 454/454/454 458/458/458 
f 458/458/458 454/454/454 458/458/458 
f 454/454/454 453/453/453 458/458/458 
f 458/458/458 453/453/453 459/459/459 
f 453/453/453 452/452/452 459/459/459 
f 459/459/459 452/452/452 460/460/460 
f 452/452/452 452/452/452 460/460/460 
f 460/460/460 452/452/452 461/461/461 
f 452/452/452 451/451/451 461/461/461 
f 461/461/461 451/451/451 462/462/462 
f 451/451/451 450/450/450 462/462/462 
f 462/462/462 450/450/450 463/463/463 
f 450/450/450 447/447/447 463/463/463 
f 463/463/463 447/447/447 447/447/447 
f 447/447/447 459/459/459 447/447/447 
f 447/447/447 459/459/459 459/459/459 
f 459/459/459 464/464/464 459/459/459 
f 459/459/459 464/464/464 458/458/458 
f 464/464/464 464/464/464 458/458/458 
f 458/458/458 464/464/464 456/456/456 
f 464/464/464 464/464/464 456/456/456 
f 456/456/456 464/464/464 465/465/465 
f 464/464/464 464/464/464 465/465/465 
f 465/465/465 464/464/464 466/466/466 
f 464/464/464 459/459/459 466/466/466 
f 466/466/466 459/459/459 460/460/460 
f 459/459/459 460/460/460 460/460/460 
f 460/460/460 460/460/460 463/463/463 
f 460/460/460 463/463/463 463/463/463 
f 463/463/463 463/463/463 462/462/462 
f 463/463/463 467/467/467 462/462/462 
f 462/462/462 467/467/467 195/195/195 
f 467/467/467 165/165/165 195/195/195 
f 195/195/195 165/165/165 165/165/165 
f 165/165/165 462/462/462 165/165/165 
f 165/165/165 462/462/462 462/462/462 
f 462/462/462 195/195/195 462/462/462 
f 462/462/462 195/195/195 461/461/461 
f 195/195/195 189/189/189 461/461/461 
f 461/461/461 189/189/189 461/461/461 
f 189/189/189 468/468/468 461/461/461 
f 461/461/461 468/468/468 460/460/460 
f 468/468/468 469/469/469 460/460/460 
f 460/460/460 469/469/469 466/466/466 
f 469/469/469 470/470/470 466/466/466 
f 466/466/466 470/470/470 465/465/465 
f 470/470/470 471/471/471 465/465/465 
f 465/465/465 471/471/471 456/456/456 
f 471/471/471 472/472/472 456/456/456 
f 456/456/456 472/472/472 457/457/457 
f 472/472/472 472/472/472 457/457/457 
f 457/457/457 472/472/472 392/392/392 
f 472/472/472 473/473/473 392/392/392 
f 392/392/392 473/473/473 391/391/391 
f 473/473/473 474/474/474 391/391/391 
f 391/391/391 474/474/474 357/357/357 
f 474/474/474 474/474/474 357/357/357 
f 357/357/357 474/474/474 475/475/475 
f 474/474/474 469/469/469 475/475/475 
f 475/475/475 469/469/469 475/475/475 
f 469/469/469 468/468/468 475/475/475 
f 475/475/475 468/468/468 476/476/476 
f 468/468/468 189/189/189 476/476/476 
f 476/476/476 189/189/189 476/476/476 
f 189/189/189 161/161/161 476/476/476 
f 476/476/476 161/161/161 477/477/477 
f 161/161/161 160/160/160 477/477/477 
f 477/477/477 160/160/160 478/478/478 
f 160/160/160 312/312/312 478/478/478 
f 478/478/478 312/312/312 479/479/479 
f 312/312/312 312/312/312 479/479/479 
f 479/479/479 312/312/312 480/480/480 
f 312/312/312 313/313/313 480/480/480 
f 480/480/480 313/313/313 481/481/481 
f 313/313/313 314/314/314 481/481/481 
f 481/481/481 314/314/314 314/314/314 
f 314/314/314 472/472/472 314/314/314 
f 314/314/314 472/472/472 472/472/472 
f 472/472/472 471/471/471 472/472/472 
f 472/472/472 471/471/471 473/473/473 
f 471/471/471 470/470/470 473/473/473 
f 473/473/473 470/470/470 474/474/474 
f 470/470/470 469/469/469 474/474/474 
f 474/474/474 469/469/469 469/469/469 
f 469/469/469 481/481/481 469/469/469 
f 469/469/469 481/481/481 481/481/481 
f 481/481/481 482/482/482 481/481/481 
f 481/481/481 482/482/482 480/480/480 
f 482/482/482 479/479/479 480/480/480 
f 480/480/480 479/479/479 479/479/479 
f 479/479/479 482/482/482 479/479/479 
f 479/479/479 482/482/482 482/482/482 
f 482/482/482 481/481/481 482/482/482 
f 482/482/482 481/481/481 483/483/483 
f 481/481/481 314/314/314 483/483/483 
f 483/483/483 314/314/314 484/484/484 
f 314/314/314 315/315/315 484/484/484 
f 484/484/484 315/315/315 485/485/485 
f 315/315/315 316/316/316 485/485/485 
f 485/485/485 316/316/316 485/485/485 
f 316/316/316 486/486/486 485/485/485 
f 485/485/485 486/486/486 485/485/485 
f 486/486/486 487/487/487 485/485/485 
f 485/485/485 487/487/487 488/488/488 
f 487/487/487 489/489/489 488/488/488 
f 488/488/488 489/489/489 490/490/490 
f 489/489/489 491/491/491 490/490/490 
f 490/490/490 491/491/491 482/482/482 
f 491/491/491 492/492/492 482/482/482 
f 482/482/482 492/492/492 479/479/479 
f 492/492/492 492/492/492 479/479/479 
f 479/479/479 492/492/492 478/478/478 
f 492/492/492 492/492/492 478/478/478 
f 478/478/478 492/492/492 493/493/493 
f 492/492/492 491/491/491 493/493/493 
f 493/493/493 491/491/491 493/493/493 
f 491/491/491 489/489/489 493/493/493 
f 493/493/493 489/489/489 494/494/494 
f 489/489/489 487/487/487 494/494/494 
f 494/494/494 487/487/487 494/494/494 
f 487/487/487 486/486/486 494/494/494 
f 494/494/494 486/486/486 494/494/494 
f 486/486/486 476/476/476 494/494/494 
f 494/494/494 476/476/476 494/494/494 
f 476/476/476 477/477/477 494/494/494 
f 494/494/494 477/477/477 493/493/493 
f 477/477/477 478/478/478 493/493/493 
f 493/493/493 478/478/478 478/478/478 
f 478/478/478 485/485/485 478/478/478 
f 478/478/478 485/485/485 485/485/485 
f 485/485/485 488/488/488 485/485/485 
f 485/485/485 488/488/488 484/484/484 
f 488/488/488 495/495/495 484/484/484 
f 484/484/484 495/495/495 483/483/483 
f 495/495/495 495/495/495 483/483/483 
f 483/483/483 495/495/495 482/482/482 
f 495/495/495 495/495/495 482/482/482 
f 482/482/482 495/495/495 490/490/490 
f 495/495/495 488/488/488 490/490/490 
f 490/490/490 488/488/488 488/488/488 
f 488/488/488 476/476/476 488/488/488 
f 488/488/488 476/476/476 476/476/476 
f 476/476/476 486/486/486 476/476/476 
f 476/476/476 486/486/486 475/475/475 
f 486/486/486 356/356/356 475/475/475 
f 475/475/475 356/356/356 357/357/357 
f 356/356/356 357/357/357 357/357/357 
f 357/357/357 357/357/357 356/356/356 
f 357/357/357 356/356/356 356/356/356 
f 356/356/356 356/356/356 496/496/496 
f 356/356/356 486/486/486 496/496/496 
f 496/496/496 486/486/486 496/496/496 
f 486/486/486 316/316/316 496/496/496 
f 496/496/496 316/316/316 496/496/496 
f 316/316/316 318/318/318 496/496/496 
f 496/496/496 318/318/318 497/497/497 
f 318/318/318 319/319/319 497/497/497 
f 497/497/497 319/319/319 497/497/497 
f 319/319/319 348/348/348 497/497/497 
f 497/497/497 348/348/348 498/498/498 
f 348/348/348 349/349/349 498/498/498 
f 498/498/498 349/349/349 498/498/498 
f 349/349/349 350/350/350 498/498/498 
f 498/498/498 350/350/350 498/498/498 
f 350/350/350 352/352/352 498/498/498 
f 498/498/498 352/352/352 499/499/499 
f 352/352/352 353/353/353 499/499/499 
f 499/499/499 353/353/353 499/499/499 
f 353/353/353 354/354/354 499/499/499 
f 499/499/499 354/354/354 496/496/496 
f 354/354/354 356/356/356 496/496/496 
f 496/496/496 356/356/356 356/356/356 
f 356/356/356 498/498/498 356/356/356 
f 356/356/356 498/498/498 498/498/498 
f 498/498/498 499/499/499 498/498/498 
f 498/498/498 499/499/499 497/497/497 
f 499/499/499 496/496/496 497/497/497 
f 497/497/497 496/496/496 496/496/496 
f 496/496/496 500/500/500 496/496/496 
f 496/496/496 500/500/500 500/500/500 
f 500/500/500 501/501/501 500/500/500 
f 500/500/500 501/501/501 502/502/502 
f 501/501/501 503/503/503 502/502/502 
f 502/502/502 503/503/503 502/502/502 
f 503/503/503 504/504/504 502/502/502 
f 502/502/502 504/504/504 505/505/505 
f 504/504/504 506/506/506 505/505/505 
f 505/505/505 506/506/506 505/505/505 
f 506/506/506 507/507/507 505/505/505 
f 505/505/505 507/507/507 508/508/508 
f 507/507/507 509/509/509 508/508/508 
f 508/508/508 509/509/509 510/510/510 
f 509/509/509 509/509/509 510/510/510 
f 510/510/510 509/509/509 511/511/511 
f 509/509/509 507/507/507 511/511/511 
f 511/511/511 507/507/507 512/512/512 
f 507/507/507 506/506/506 512/512/512 
f 512/512/512 506/506/506 513/513/513 
f 506/506/506 504/504/504 513/513/513 
f 513/513/513 504/504/504 514/514/514 
f 504/504/504 503/503/503 514/514/514 
f 514/514/514 503/503/503 515/515/515 
f 503/503/503 501/501/501 515/515/515 
f 515/515/515 501/501/501 501/501/501 
f 501/501/501 510/510/510 501/501/501 
f 501/501/501 510/510/510 510/510/510 
f 510/510/510 516/516/516 510/510/510 
f 510/510/510 516/516/516 508/508/508 
f 516/516/516 508/508/508 508/508/508 
f 508/508/508 508/508/508 515/515/515 
f 508/508/508 515/515/515 515/515/515 
f 515/515/515 515/515/515 514/514/514 
f 515/515/515 517/517/517 514/514/514 
f 514/514/514 517/517/517 514/514/514 
f 517/517/517 518/518/518 514/514/514 
f 514/514/514 518/518/518 513/513/513 
f 518/518/518 519/519/519 513/513/513 
f 513/513/513 519/519/519 512/512/512 
f 519/519/519 520/520/520 512/512/512 
f 512/512/512 520/520/520 511/511/511 
f 520/520/520 521/521/521 511/511/511 
f 511/511/511 521/521/521 510/510/510 
f 521/521/521 522/522/522 510/510/510 
f 510/510/510 522/522/522 516/516/516 
f 522/522/522 523/523/523 516/516/516 
f 516/516/516 523/523/523 524/524/524 
f 523/523/523 524/524/524 524/524/524 
f 524/524/524 524/524/524 523/523/523 
f 524/524/524 523/523/523 523/523/523 
f 523/523/523 523/523/523 525/525/525 
f 523/523/523 522/522/522 525/525/525 
f 525/525/525 522/522/522 525/525/525 
f 522/522/522 521/521/521 525/525/525 
f 525/525/525 521/521/521 526/526/526 
f 521/521/521 520/520/520 526/526/526 
f 526/526/526 520/520/520 527/527/527 
f 520/520/520 519/519/519 527/527/527 
f 527/527/527 519/519/519 528/528/528 
f 519/519/519 519/519/519 528/528/528 
f 528/528/528 519/519/519 529/529/529 
f 519/519/519 518/518/518 529/529/529 
f 529/529/529 518/518/518 529/529/529 
f 518/518/518 517/517/517 529/529/529 
f 529/529/529 517/517/517 530/530/530 
f 517/517/517 517/517/517 530/530/530 
f 530/530/530 517/517/517 531/531/531 
f 517/517/517 515/515/515 531/531/531 
f 531/531/531 515/515/515 532/532/532 
f 515/515/515 501/501/501 532/532/532 
f 532/532/532 501/501/501 533/533/533 
f 501/501/501 500/500/500 533/533/533 
f 533/533/533 500/500/500 534/534/534 
f 500/500/500 535/535/535 534/534/534 
f 534/534/534 535/535/535 535/535/535 
f 535/535/535 534/534/534 535/535/535 
f 535/535/535 534/534/534 534/534/534 
f 534/534/534 536/536/536 534/534/534 
f 534/534/534 536/536/536 533/533/533 
f 536/536/536 536/536/536 533/533/533 
f 533/533/533 536/536/536 532/532/532 
f 536/536/536 537/537/537 532/532/532 
f 532/532/532 537/537/537 531/531/531 
f 537/537/537 538/538/538 531/531/531 
f 531/531/531 538/538/538 530/530/530 
f 538/538/538 530/530/530 530/530/530 
f 530/530/530 530/530/530 534/534/534 
f 530/530/530 534/534/534 534/534/534 
f 534/534/534 534/534/534 536/536/536 
f 534/534/534 539/539/539 536/536/536 
f 536/536/536 539/539/539 540/540/540 
f 539/539/539 541/541/541 540/540/540 
f 540/540/540 541/541/541 542/542/542 
f 541/541/541 543/543/543 542/542/542 
f 542/542/542 543/543/543 544/544/544 
f 543/543/543 545/545/545 544/544/544 
f 544/544/544 545/545/545 545/545/545 
f 545/545/545 536/536/536 545/545/545 
f 545/545/545 536/536/536 536/536/536 
f 536/536/536 540/540/540 536/536/536 
f 536/536/536 540/540/540 537/537/537 
f 540/540/540 546/546/546 537/537/537 
f 537/537/537 546/546/546 538/538/538 
f 546/546/546 546/546/546 538/538/538 
f 538/538/538 546/546/546 547/547/547 
f 546/546/546 548/548/548 547/547/547 
f 547/547/547 548/548/548 549/549/549 
f 548/548/548 544/544/544 549/549/549 
f 549/549/549 544/544/544 550/550/550 
f 544/544/544 545/545/545 550/550/550 
f 550/550/550 545/545/545 550/550/550 
f 545/545/545 551/551/551 550/550/550 
f 550/550/550 551/551/551 550/550/550 
f 551/551/551 552/552/552 550/550/550 
f 550/550/550 552/552/552 553/553/553 
f 552/552/552 554/554/554 553/553/553 
f 553/553/553 554/554/554 555/555/555 
f 554/554/554 556/556/556 555/555/555 
f 555/555/555 556/556/556 556/556/556 
f 556/556/556 540/540/540 556/556/556 
f 556/556/556 540/540/540 540/540/540 
f 540/540/540 542/542/542 540/540/540 
f 540/540/540 542/542/542 546/546/546 
f 542/542/542 542/542/542 546/546/546 
f 546/546/546 542/542/542 548/548/548 
f 542/542/542 544/544/544 548/548/548 
f 548/548/548 544/544/544 544/544/544 
f 544/544/544 550/550/550 544/544/544 
f 544/544/544 550/550/550 550/550/550 
f 550/550/550 553/553/553 550/550/550 
f 550/550/550 553/553/553 549/549/549 
f 553/553/553 557/557/557 549/549/549 
f 549/549/549 557/557/557 558/558/558 
f 557/557/557 557/557/557 558/558/558 
f 558/558/558 557/557/557 559/559/559 
f 557/557/557 557/557/557 559/559/559 
f 559/559/559 557/557/557 555/555/555 
f 557/557/557 553/553/553 555/555/555 
f 555/555/555 553/553/553 553/553/553 
f 553/553/553 558/558/558 553/553/553 
f 553/553/553 558/558/558 558/558/558 
f 558/558/558 560/560/560 558/558/558 
f 558/558/558 560/560/560 549/549/549 
f 560/560/560 561/561/561 549/549/549 
f 549/549/549 561/561/561 547/547/547 
f 561/561/561 562/562/562 547/547/547 
f 547/547/547 562/562/562 547/547/547 
f 562/562/562 563/563/563 547/547/547 
f 547/547/547 563/563/563 538/538/538 
f 563/563/563 564/564/564 538/538/538 
f 538/538/538 564/564/564 530/530/530 
f 564/564/564 530/530/530 530/530/530 
f 530/530/530 530/530/530 560/560/560 
f 530/530/530 560/560/560 560/560/560 
f 560/560/560 560/560/560 561/561/561 
f 560/560/560 565/565/565 561/561/561 
f 561/561/561 565/565/565 561/561/561 
f 565/565/565 566/566/566 561/561/561 
f 561/561/561 566/566/566 562/562/562 
f 566/566/566 567/567/567 562/562/562 
f 562/562/562 567/567/567 568/568/568 
f 567/567/567 569/569/569 568/568/568 
f 568/568/568 569/569/569 568/568/568 
f 569/569/569 570/570/570 568/568/568 
f 568/568/568 570/570/570 571/571/571 
f 570/570/570 572/572/572 571/571/571 
f 571/571/571 572/572/572 564/564/564 
f 572/572/572 573/573/573 564/564/564 
f 564/564/564 573/573/573 530/530/530 
f 573/573/573 573/573/573 530/530/530 
f 530/530/530 573/573/573 529/529/529 
f 573/573/573 574/574/574 529/529/529 
f 529/529/529 574/574/574 528/528/528 
f 574/574/574 528/528/528 528/528/528 
f 528/528/528 528/528/528 564/564/564 
f 528/528/528 564/564/564 564/564/564 
f 564/564/564 564/564/564 571/571/571 
f 564/564/564 563/563/563 571/571/571 
f 571/571/571 563/563/563 571/571/571 
f 563/563/563 562/562/562 571/571/571 
f 571/571/571 562/562/562 568/568/568 
f 562/562/562 568/568/568 568/568/568 
f 568/568/568 568/568/568 569/569/569 
f 568/568/568 569/569/569 569/569/569 
f 569/569/569 569/569/569 575/575/575 
f 569/569/569 567/567/567 575/575/575 
f 575/575/575 567/567/567 567/567/567 
f 567/567/567 574/574/574 567/567/567 
f 567/567/567 574/574/574 574/574/574 
f 574/574/574 573/573/573 574/574/574 
f 574/574/574 573/573/573 576/576/576 
f 573/573/573 572/572/572 576/576/576 
f 576/576/576 572/572/572 577/577/577 
f 572/572/572 572/572/572 577/577/577 
f 577/577/577 572/572/572 578/578/578 
f 572/572/572 570/570/570 578/578/578 
f 578/578/578 570/570/570 579/579/579 
f 570/570/570 569/569/569 579/579/579 
f 579/579/579 569/569/569 580/580/580 
f 569/569/569 575/575/575 580/580/580 
f 580/580/580 575/575/575 580/580/580 
f 575/575/575 581/581/581 580/580/580 
f 580/580/580 581/581/581 582/582/582 
f 581/581/581 583/583/583 582/582/582 
f 582/582/582 583/583/583 584/584/584 
f 583/583/583 585/585/585 584/584/584 
f 584/584/584 585/585/585 586/586/586 
f 585/585/585 587/587/587 586/586/586 
f 586/586/586 587/587/587 588/588/588 
f 587/587/587 589/589/589 588/588/588 
f 588/588/588 589/589/589 588/588/588 
f 589/589/589 590/590/590 588/588/588 
f 588/588/588 590/590/590 591/591/591 
f 590/590/590 590/590/590 591/591/591 
f 591/591/591 590/590/590 592/592/592 
f 590/590/590 593/593/593 592/592/592 
f 592/592/592 593/593/593 594/594/594 
f 593/593/593 595/595/595 594/594/594 
f 594/594/594 595/595/595 594/594/594 
f 595/595/595 596/596/596 594/594/594 
f 594/594/594 596/596/596 559/559/559 
f 596/596/596 558/558/558 559/559/559 
f 559/559/559 558/558/558 558/558/558 
f 558/558/558 574/574/574 558/558/558 
f 558/558/558 574/574/574 574/574/574 
f 574/574/574 576/576/576 574/574/574 
f 574/574/574 576/576/576 597/597/597 
f 576/576/576 577/577/577 597/597/597 
f 597/597/597 577/577/577 577/577/577 
f 577/577/577 594/594/594 577/577/577 
f 577/577/577 594/594/594 594/594/594 
f 594/594/594 559/559/559 594/594/594 
f 594/594/594 559/559/559 598/598/598 
f 559/559/559 555/555/555 598/598/598 
f 598/598/598 555/555/555 598/598/598 
f 555/555/555 556/556/556 598/598/598 
f 598/598/598 556/556/556 598/598/598 
f 556/556/556 599/599/599 598/598/598 
f 598/598/598 599/599/599 600/600/600 
f 599/599/599 601/601/601 600/600/600 
f 600/600/600 601/601/601 602/602/602 
f 601/601/601 603/603/603 602/602/602 
f 602/602/602 603/603/603 602/602/602 
f 603/603/603 604/604/604 602/602/602 
f 602/602/602 604/604/604 591/591/591 
f 604/604/604 604/604/604 591/591/591 
f 591/591/591 604/604/604 588/588/588 
f 604/604/604 605/605/605 588/588/588 
f 588/588/588 605/605/605 586/586/586 
f 605/605/605 606/606/606 586/586/586 
f 586/586/586 606/606/606 584/584/584 
f 606/606/606 584/584/584 584/584/584 
f 584/584/584 584/584/584 598/598/598 
f 584/584/584 598/598/598 598/598/598 
f 598/598/598 598/598/598 594/594/594 
f 598/598/598 600/600/600 594/594/594 
f 594/594/594 600/600/600 592/592/592 
f 600/600/600 602/602/602 592/592/592 
f 592/592/592 602/602/602 591/591/591 
f 602/602/602 591/591/591 591/591/591 
f 591/591/591 591/591/591 603/603/603 
f 591/591/591 603/603/603 603/603/603 
f 603/603/603 603/603/603 607/607/607 
f 603/603/603 601/601/601 607/607/607 
f 607/607/607 601/601/601 601/601/601 
f 601/601/601 608/608/608 601/601/601 
f 601/601/601 608/608/608 608/608/608 
f 608/608/608 606/606/606 608/608/608 
f 608/608/608 606/606/606 609/609/609 
f 606/606/606 606/606/606 609/609/609 
f 609/609/609 606/606/606 610/610/610 
f 606/606/606 605/605/605 610/610/610 
f 610/610/610 605/605/605 605/605/605 
f 605/605/605 608/608/608 605/605/605 
f 605/605/605 608/608/608 608/608/608 
f 608/608/608 611/611/611 608/608/608 
f 608/608/608 611/611/611 606/606/606 
f 611/611/611 612/612/612 606/606/606 
f 606/606/606 612/612/612 584/584/584 
f 612/612/612 613/613/613 584/584/584 
f 584/584/584 613/613/613 582/582/582 
f 613/613/613 614/614/614 582/582/582 
f 582/582/582 614/614/614 580/580/580 
f 614/614/614 614/614/614 580/580/580 
f 580/580/580 614/614/614 579/579/579 
f 614/614/614 615/615/615 579/579/579 
f 579/579/579 615/615/615 578/578/578 
f 615/615/615 616/616/616 578/578/578 
f 578/578/578 616/616/616 577/577/577 
f 616/616/616 577/577/577 577/577/577 
f 577/577/577 577/577/577 614/614/614 
f 577/577/577 614/614/614 614/614/614 
f 614/614/614 614/614/614 615/615/615 
f 614/614/614 617/617/617 615/615/615 
f 615/615/615 617/617/617 618/618/618 
f 617/617/617 617/617/617 618/618/618 
f 618/618/618 617/617/617 619/619/619 
f 617/617/617 620/620/620 619/619/619 
f 619/619/619 620/620/620 621/621/621 
f 620/620/620 620/620/620 621/621/621 
f 621/621/621 620/620/620 622/622/622 
f 620/620/620 612/612/612 622/622/622 
f 622/622/622 612/612/612 622/622/622 
f 612/612/612 611/611/611 622/622/622 
f 622/622/622 611/611/611 622/622/622 
f 611/611/611 623/623/623 622/622/622 
f 622/622/622 623/623/623 622/622/622 
f 623/623/623 624/624/624 622/622/622 
f 622/622/622 624/624/624 625/625/625 
f 624/624/624 626/626/626 625/625/625 
f 625/625/625 626/626/626 626/626/626 
f 626/626/626 618/618/618 626/626/626 
f 626/626/626 618/618/618 618/618/618 
f 618/618/618 616/616/616 618/618/618 
f 618/618/618 616/616/616 615/615/615 
f 616/616/616 615/615/615 615/615/615 
f 615/615/615 615/615/615 614/614/614 
f 615/615/615 614/614/614 614/614/614 
f 614/614/614 614/614/614 617/617/617 
f 614/614/614 613/613/613 617/617/617 
f 617/617/617 613/613/613 620/620/620 
f 613/613/613 612/612/612 620/620/620 
f 620/620/620 612/612/612 612/612/612 
f 612/612/612 625/625/625 612/612/612 
f 612/612/612 625/625/625 625/625/625 
f 625/625/625 627/627/627 625/625/625 
f 625/625/625 627/627/627 622/622/622 
f 627/627/627 627/627/627 622/622/622 
f 622/622/622 627/627/627 621/621/621 
f 627/627/627 628/628/628 621/621/621 
f 621/621/621 628/628/628 621/621/621 
f 628/628/628 629/629/629 621/621/621 
f 621/621/621 629/629/629 619/619/619 
f 629/629/629 630/630/630 619/619/619 
f 619/619/619 630/630/630 619/619/619 
f 630/630/630 631/631/631 619/619/619 
f 619/619/619 631/631/631 619/619/619 
f 631/631/631 632/632/632 619/619/619 
f 619/619/619 632/632/632 619/619/619 
f 632/632/632 633/633/633 619/619/619 
f 619/619/619 633/633/633 618/618/618 
f 633/633/633 634/634/634 618/618/618 
f 618/618/618 634/634/634 616/616/616 
f 634/634/634 635/635/635 616/616/616 
f 616/616/616 635/635/635 577/577/577 
f 635/635/635 636/636/636 577/577/577 
f 577/577/577 636/636/636 637/637/637 
f 636/636/636 636/636/636 637/637/637 
f 637/637/637 636/636/636 638/638/638 
f 636/636/636 636/636/636 638/638/638 
f 638/638/638 636/636/636 639/639/639 
f 636/636/636 635/635/635 639/639/639 
f 639/639/639 635/635/635 640/640/640 
f 635/635/635 634/634/634 640/640/640 
f 640/640/640 634/634/634 641/641/641 
f 634/634/634 633/633/633 641/641/641 
f 641/641/641 633/633/633 642/642/642 
f 633/633/633 632/632/632 642/642/642 
f 642/642/642 632/632/632 643/643/643 
f 632/632/632 631/631/631 643/643/643 
f 643/643/643 631/631/631 644/644/644 
f 631/631/631 645/645/645 644/644/644 
f 644/644/644 645/645/645 646/646/646 
f 645/645/645 645/645/645 646/646/646 
f 646/646/646 645/645/645 647/647/647 
f 645/645/645 648/648/648 647/647/647 
f 647/647/647 648/648/648 649/649/649 
f 648/648/648 650/650/650 649/649/649 
f 649/649/649 650/650/650 651/651/651 
f 650/650/650 652/652/652 651/651/651 
f 651/651/651 652/652/652 653/653/653 
f 652/652/652 654/654/654 653/653/653 
f 653/653/653 654/654/654 655/655/655 
f 654/654/654 656/656/656 655/655/655 
f 655/655/655 656/656/656 657/657/657 
f 656/656/656 658/658/658 657/657/657 
f 657/657/657 658/658/658 659/659/659 
f 658/658/658 660/660/660 659/659/659 
f 659/659/659 660/660/660 661/661/661 
f 660/660/660 661/661/661 661/661/661 
f 661/661/661 661/661/661 637/637/637 
f 661/661/661 637/637/637 637/637/637 
f 637/637/637 637/637/637 577/577/577 
f 637/637/637 597/597/597 577/577/577 
f 577/577/577 597/597/597 597/597/597 
f 597/597/597 660/660/660 597/597/597 
f 597/597/597 660/660/660 660/660/660 
f 660/660/660 658/658/658 660/660/660 
f 660/660/660 658/658/658 662/662/662 
f 658/658/658 656/656/656 662/662/662 
f 662/662/662 656/656/656 663/663/663 
f 656/656/656 654/654/654 663/663/663 
f 663/663/663 654/654/654 664/664/664 
f 654/654/654 652/652/652 664/664/664 
f 664/664/664 652/652/652 665/665/665 
f 652/652/652 650/650/650 665/665/665 
f 665/665/665 650/650/650 665/665/665 
f 650/650/650 648/648/648 665/665/665 
f 665/665/665 648/648/648 630/630/630 
f 648/648/648 645/645/645 630/630/630 
f 630/630/630 645/645/645 631/631/631 
f 645/645/645 631/631/631 631/631/631 
f 631/631/631 631/631/631 630/630/630 
f 631/631/631 630/630/630 630/630/630 
f 630/630/630 630/630/630 665/665/665 
f 630/630/630 629/629/629 665/665/665 
f 665/665/665 629/629/629 666/666/666 
f 629/629/629 628/628/628 666/666/666 
f 666/666/666 628/628/628 667/667/667 
f 628/628/628 628/628/628 667/667/667 
f 667/667/667 628/628/628 668/668/668 
f 628/628/628 627/627/627 668/668/668 
f 668/668/668 627/627/627 669/669/669 
f 627/627/627 625/625/625 669/669/669 
f 669/669/669 625/625/625 670/670/670 
f 625/625/625 626/626/626 670/670/670 
f 670/670/670 626/626/626 670/670/670 
f 626/626/626 671/671/671 670/670/670 
f 670/670/670 671/671/671 670/670/670 
f 671/671/671 672/672/672 670/670/670 
f 670/670/670 672/672/672 670/670/670 
f 672/672/672 673/673/673 670/670/670 
f 670/670/670 673/673/673 669/669/669 
f 673/673/673 674/674/674 669/669/669 
f 669/669/669 674/674/674 668/668/668 
f 674/674/674 675/675/675 668/668/668 
f 668/668/668 675/675/675 667/667/667 
f 675/675/675 667/667/667 667/667/667 
f 667/667/667 667/667/667 671/671/671 
f 667/667/667 671/671/671 671/671/671 
f 671/671/671 671/671/671 672/672/672 
f 671/671/671 676/676/676 672/672/672 
f 672/672/672 676/676/676 672/672/672 
f 676/676/676 677/677/677 672/672/672 
f 672/672/672 677/677/677 673/673/673 
f 677/677/677 678/678/678 673/673/673 
f 673/673/673 678/678/678 674/674/674 
f 678/678/678 679/679/679 674/674/674 
f 674/674/674 679/679/679 675/675/675 
f 679/679/679 675/675/675 675/675/675 
f 675/675/675 675/675/675 671/671/671 
f 675/675/675 671/671/671 671/671/671 
f 671/671/671 671/671/671 676/676/676 
f 671/671/671 680/680/680 676/676/676 
f 676/676/676 680/680/680 676/676/676 
f 680/680/680 609/609/609 676/676/676 
f 676/676/676 609/609/609 676/676/676 
f 609/609/609 610/610/610 676/676/676 
f 676/676/676 610/610/610 676/676/676 
f 610/610/610 605/605/605 676/676/676 
f 676/676/676 605/605/605 676/676/676 
f 605/605/605 681/681/681 676/676/676 
f 676/676/676 681/681/681 676/676/676 
f 681/681/681 682/682/682 676/676/676 
f 676/676/676 682/682/682 677/677/677 
f 682/682/682 683/683/683 677/677/677 
f 677/677/677 683/683/683 678/678/678 
f 683/683/683 684/684/684 678/678/678 
f 678/678/678 684/684/684 679/679/679 
f 684/684/684 685/685/685 679/679/679 
f 679/679/679 685/685/685 686/686/686 
f 685/685/685 685/685/685 686/686/686 
f 686/686/686 685/685/685 687/687/687 
f 685/685/685 688/688/688 687/687/687 
f 687/687/687 688/688/688 689/689/689 
f 688/688/688 688/688/688 689/689/689 
f 689/689/689 688/688/688 690/690/690 
f 688/688/688 688/688/688 690/690/690 
f 690/690/690 688/688/688 691/691/691 
f 688/688/688 692/692/692 691/691/691 
f 691/691/691 692/692/692 691/691/691 
f 692/692/692 693/693/693 691/691/691 
f 691/691/691 693/693/693 690/690/690 
f 693/693/693 693/693/693 690/690/690 
f 690/690/690 693/693/693 694/694/694 
f 693/693/693 693/693/693 694/694/694 
f 694/694/694 693/693/693 695/695/695 
f 693/693/693 696/696/696 695/695/695 
f 695/695/695 696/696/696 695/695/695 
f 696/696/696 697/697/697 695/695/695 
f 695/695/695 697/697/697 698/698/698 
f 697/697/697 697/697/697 698/698/698 
f 698/698/698 697/697/697 699/699/699 
f 697/697/697 700/700/700 699/699/699 
f 699/699/699 700/700/700 701/701/701 
f 700/700/700 686/686/686 701/701/701 
f 701/701/701 686/686/686 687/687/687 
f 686/686/686 687/687/687 687/687/687 
f 687/687/687 687/687/687 683/683/683 
f 687/687/687 683/683/683 683/683/683 
f 683/683/683 683/683/683 684/684/684 
f 683/683/683 702/702/702 684/684/684 
f 684/684/684 702/702/702 688/688/688 
f 702/702/702 703/703/703 688/688/688 
f 688/688/688 703/703/703 692/692/692 
f 703/703/703 692/692/692 692/692/692 
f 692/692/692 692/692/692 684/684/684 
f 692/692/692 684/684/684 684/684/684 
f 684/684/684 684/684/684 685/685/685 
f 684/684/684 688/688/688 685/685/685 
f 685/685/685 688/688/688 688/688/688 
f 688/688/688 679/679/679 688/688/688 
f 688/688/688 679/679/679 679/679/679 
f 679/679/679 686/686/686 679/679/679 
f 679/679/679 686/686/686 675/675/675 
f 686/686/686 700/700/700 675/675/675 
f 675/675/675 700/700/700 667/667/667 
f 700/700/700 697/697/697 667/667/667 
f 667/667/667 697/697/697 666/666/666 
f 697/697/697 704/704/704 666/666/666 
f 666/666/666 704/704/704 665/665/665 
f 704/704/704 705/705/705 665/665/665 
f 665/665/665 705/705/705 664/664/664 
f 705/705/705 664/664/664 664/664/664 
f 664/664/664 664/664/664 697/697/697 
f 664/664/664 697/697/697 697/697/697 
f 697/697/697 697/697/697 704/704/704 
f 697/697/697 696/696/696 704/704/704 
f 704/704/704 696/696/696 706/706/706 
f 696/696/696 707/707/707 706/706/706 
f 706/706/706 707/707/707 708/708/708 
f 707/707/707 709/709/709 708/708/708 
f 708/708/708 709/709/709 709/709/709 
f 709/709/709 704/704/704 709/709/709 
f 709/709/709 704/704/704 704/704/704 
f 704/704/704 706/706/706 704/704/704 
f 704/704/704 706/706/706 705/705/705 
f 706/706/706 708/708/708 705/705/705 
f 705/705/705 708/708/708 710/710/710 
f 708/708/708 711/711/711 710/710/710 
f 710/710/710 711/711/711 710/710/710 
f 711/711/711 712/712/712 710/710/710 
f 710/710/710 712/712/712 663/663/663 
f 712/712/712 662/662/662 663/663/663 
f 663/663/663 662/662/662 662/662/662 
f 662/662/662 696/696/696 662/662/662 
f 662/662/662 696/696/696 696/696/696 
f 696/696/696 713/713/713 696/696/696 
f 696/696/696 713/713/713 707/707/707 
f 713/713/713 707/707/707 707/707/707 
f 707/707/707 707/707/707 705/705/705 
f 707/707/707 705/705/705 705/705/705 
f 705/705/705 705/705/705 664/664/664 
f 705/705/705 710/710/710 664/664/664 
f 664/664/664 710/710/710 663/663/663 
f 710/710/710 663/663/663 663/663/663 
f 663/663/663 663/663/663 708/708/708 
f 663/663/663 708/708/708 708/708/708 
f 708/708/708 708/708/708 711/711/711 
f 708/708/708 709/709/709 711/711/711 
f 711/711/711 709/709/709 711/711/711 
f 709/709/709 714/714/714 711/711/711 
f 711/711/711 714/714/714 711/711/711 
f 714/714/714 715/715/715 711/711/711 
f 711/711/711 715/715/715 711/711/711 
f 715/715/715 716/716/716 711/711/711 
f 711/711/711 716/716/716 712/712/712 
f 716/716/716 717/717/717 712/712/712 
f 712/712/712 717/717/717 662/662/662 
f 717/717/717 718/718/718 662/662/662 
f 662/662/662 718/718/718 597/597/597 
f 718/718/718 718/718/718 597/597/597 
f 597/597/597 718/718/718 719/719/719 
f 718/718/718 718/718/718 719/719/719 
f 719/719/719 718/718/718 720/720/720 
f 718/718/718 717/717/717 720/720/720 
f 720/720/720 717/717/717 721/721/721 
f 717/717/717 717/717/717 721/721/721 
f 721/721/721 717/717/717 722/722/722 
f 717/717/717 716/716/716 722/722/722 
f 722/722/722 716/716/716 723/723/723 
f 716/716/716 715/715/715 723/723/723 
f 723/723/723 715/715/715 723/723/723 
f 715/715/715 724/724/724 723/723/723 
f 723/723/723 724/724/724 725/725/725 
f 724/724/724 726/726/726 725/725/725 
f 725/725/725 726/726/726 725/725/725 
f 726/726/726 727/727/727 725/725/725 
f 725/725/725 727/727/727 728/728/728 
f 727/727/727 729/729/729 728/728/728 
f 728/728/728 729/729/729 729/729/729 
f 729/729/729 662/662/662 729/729/729 
f 729/729/729 662/662/662 662/662/662 
f 662/662/662 597/597/597 662/662/662 
f 662/662/662 597/597/597 660/660/660 
f 597/597/597 730/730/730 660/660/660 
f 660/660/660 730/730/730 661/661/661 
f 730/730/730 637/637/637 661/661/661 
f 661/661/661 637/637/637 638/638/638 
f 637/637/637 638/638/638 638/638/638 
f 638/638/638 638/638/638 730/730/730 
f 638/638/638 730/730/730 730/730/730 
f 730/730/730 730/730/730 637/637/637 
f 730/730/730 597/597/597 637/637/637 
f 637/637/637 597/597/597 597/597/597 
f 597/597/597 728/728/728 597/597/597 
f 597/597/597 728/728/728 728/728/728 
f 728/728/728 731/731/731 728/728/728 
f 728/728/728 731/731/731 725/725/725 
f 731/731/731 731/731/731 725/725/725 
f 725/725/725 731/731/731 723/723/723 
f 731/731/731 732/732/732 723/723/723 
f 723/723/723 732/732/732 722/722/722 
f 732/732/732 732/732/732 722/722/722 
f 722/722/722 732/732/732 721/721/721 
f 732/732/732 733/733/733 721/721/721 
f 721/721/721 733/733/733 721/721/721 
f 733/733/733 734/734/734 721/721/721 
f 721/721/721 734/734/734 720/720/720 
f 734/734/734 735/735/735 720/720/720 
f 720/720/720 735/735/735 719/719/719 
f 735/735/735 736/736/736 719/719/719 
f 719/719/719 736/736/736 737/737/737 
f 736/736/736 527/527/527 737/737/737 
f 737/737/737 527/527/527 737/737/737 
f 527/527/527 528/528/528 737/737/737 
f 737/737/737 528/528/528 737/737/737 
f 528/528/528 574/574/574 737/737/737 
f 737/737/737 574/574/574 737/737/737 
f 574/574/574 597/597/597 737/737/737 
f 737/737/737 597/597/597 719/719/719 
f 597/597/597 719/719/719 719/719/719 
f 719/719/719 719/719/719 732/732/732 
f 719/719/719 732/732/732 732/732/732 
f 732/732/732 732/732/732 733/733/733 
f 732/732/732 731/731/731 733/733/733 
f 733/733/733 731/731/731 731/731/731 
f 731/731/731 527/527/527 731/731/731 
f 731/731/731 527/527/527 527/527/527 
f 527/527/527 736/736/736 527/527/527 
f 527/527/527 736/736/736 526/526/526 
f 736/736/736 735/735/735 526/526/526 
f 526/526/526 735/735/735 738/738/738 
f 735/735/735 735/735/735 738/738/738 
f 738/738/738 735/735/735 739/739/739 
f 735/735/735 734/734/734 739/739/739 
f 739/739/739 734/734/734 740/740/740 
f 734/734/734 733/733/733 740/740/740 
f 740/740/740 733/733/733 741/741/741 
f 733/733/733 733/733/733 741/741/741 
f 741/741/741 733/733/733 742/742/742 
f 733/733/733 731/731/731 742/742/742 
f 742/742/742 731/731/731 743/743/743 
f 731/731/731 728/728/728 743/743/743 
f 743/743/743 728/728/728 743/743/743 
f 728/728/728 744/744/744 743/743/743 
f 743/743/743 744/744/744 745/745/745 
f 744/744/744 746/746/746 745/745/745 
f 745/745/745 746/746/746 745/745/745 
f 746/746/746 747/747/747 745/745/745 
f 745/745/745 747/747/747 745/745/745 
f 747/747/747 748/748/748 745/745/745 
f 745/745/745 748/748/748 742/742/742 
f 748/748/748 741/741/741 742/742/742 
f 742/742/742 741/741/741 741/741/741 
f 741/741/741 526/526/526 741/741/741 
f 741/741/741 526/526/526 526/526/526 
f 526/526/526 738/738/738 526/526/526 
f 526/526/526 738/738/738 525/525/525 
f 738/738/738 525/525/525 525/525/525 
f 525/525/525 525/525/525 743/743/743 
f 525/525/525 743/743/743 743/743/743 
f 743/743/743 743/743/743 742/742/742 
f 743/743/743 745/745/745 742/742/742 
f 742/742/742 745/745/745 745/745/745 
f 745/745/745 746/746/746 745/745/745 
f 745/745/745 746/746/746 746/746/746 
f 746/746/746 744/744/744 746/746/746 
f 746/746/746 744/744/744 749/749/749 
f 744/744/744 750/750/750 749/749/749 
f 749/749/749 750/750/750 751/751/751 
f 750/750/750 750/750/750 751/751/751 
f 751/751/751 750/750/750 752/752/752 
f 750/750/750 753/753/753 752/752/752 
f 752/752/752 753/753/753 754/754/754 
f 753/753/753 755/755/755 754/754/754 
f 754/754/754 755/755/755 756/756/756 
f 755/755/755 757/757/757 756/756/756 
f 756/756/756 757/757/757 758/758/758 
f 757/757/757 758/758/758 758/758/758 
f 758/758/758 758/758/758 744/744/744 
f 758/758/758 744/744/744 744/744/744 
f 744/744/744 744/744/744 750/750/750 
f 744/744/744 728/728/728 750/750/750 
f 750/750/750 728/728/728 753/753/753 
f 728/728/728 759/759/759 753/753/753 
f 753/753/753 759/759/759 755/755/755 
f 759/759/759 760/760/760 755/755/755 
f 755/755/755 760/760/760 757/757/757 
f 760/760/760 760/760/760 757/757/757 
f 757/757/757 760/760/760 761/761/761 
f 760/760/760 762/762/762 761/761/761 
f 761/761/761 762/762/762 761/761/761 
f 762/762/762 763/763/763 761/761/761 
f 761/761/761 763/763/763 761/761/761 
f 763/763/763 764/764/764 761/761/761 
f 761/761/761 764/764/764 765/765/765 
f 764/764/764 766/766/766 765/765/765 
f 765/765/765 766/766/766 766/766/766 
f 766/766/766 728/728/728 766/766/766 
f 766/766/766 728/728/728 728/728/728 
f 728/728/728 729/729/729 728/728/728 
f 728/728/728 729/729/729 759/759/759 
f 729/729/729 729/729/729 759/759/759 
f 759/759/759 729/729/729 760/760/760 
f 729/729/729 762/762/762 760/760/760 
f 760/760/760 762/762/762 762/762/762 
f 762/762/762 765/765/765 762/762/762 
f 762/762/762 765/765/765 765/765/765 
f 765/765/765 767/767/767 765/765/765 
f 765/765/765 767/767/767 761/761/761 
f 767/767/767 767/767/767 761/761/761 
f 761/761/761 767/767/767 757/757/757 
f 767/767/767 767/767/767 757/757/757 
f 757/757/757 767/767/767 758/758/758 
f 767/767/767 767/767/767 758/758/758 
f 758/758/758 767/767/767 768/768/768 
f 767/767/767 767/767/767 768/768/768 
f 768/768/768 767/767/767 769/769/769 
f 767/767/767 765/765/765 769/769/769 
f 769/769/769 765/765/765 770/770/770 
f 765/765/765 766/766/766 770/770/770 
f 770/770/770 766/766/766 771/771/771 
f 766/766/766 772/772/772 771/771/771 
f 771/771/771 772/772/772 771/771/771 
f 772/772/772 773/773/773 771/771/771 
f 771/771/771 773/773/773 774/774/774 
f 773/773/773 713/713/713 774/774/774 
f 774/774/774 713/713/713 693/693/693 
f 713/713/713 696/696/696 693/693/693 
f 693/693/693 696/696/696 696/696/696 
f 696/696/696 693/693/693 696/696/696 
f 696/696/696 693/693/693 693/693/693 
f 693/693/693 692/692/692 693/693/693 
f 693/693/693 692/692/692 774/774/774 
f 692/692/692 692/692/692 774/774/774 
f 774/774/774 692/692/692 771/771/771 
f 692/692/692 775/775/775 771/771/771 
f 771/771/771 775/775/775 770/770/770 
f 775/775/775 775/775/775 770/770/770 
f 770/770/770 775/775/775 769/769/769 
f 775/775/775 776/776/776 769/769/769 
f 769/769/769 776/776/776 768/768/768 
f 776/776/776 776/776/776 768/768/768 
f 768/768/768 776/776/776 777/777/777 
f 776/776/776 776/776/776 777/777/777 
f 777/777/777 776/776/776 778/778/778 
f 776/776/776 776/776/776 778/778/778 
f 778/778/778 776/776/776 779/779/779 
f 776/776/776 780/780/780 779/779/779 
f 779/779/779 780/780/780 781/781/781 
f 780/780/780 780/780/780 781/781/781 
f 781/781/781 780/780/780 782/782/782 
f 780/780/780 780/780/780 782/782/782 
f 782/782/782 780/780/780 783/783/783 
f 780/780/780 780/780/780 783/783/783 
f 783/783/783 780/780/780 703/703/703 
f 780/780/780 775/775/775 703/703/703 
f 703/703/703 775/775/775 692/692/692 
f 775/775/775 692/692/692 692/692/692 
f 692/692/692 692/692/692 776/776/776 
f 692/692/692 776/776/776 776/776/776 
f 776/776/776 776/776/776 780/780/780 
f 776/776/776 775/775/775 780/780/780 
f 780/780/780 775/775/775 775/775/775 
f 775/775/775 781/781/781 775/775/775 
f 775/775/775 781/781/781 781/781/781 
f 781/781/781 784/784/784 781/781/781 
f 781/781/781 784/784/784 779/779/779 
f 784/784/784 784/784/784 779/779/779 
f 779/779/779 784/784/784 778/778/778 
f 784/784/784 785/785/785 778/778/778 
f 778/778/778 785/785/785 786/786/786 
f 785/785/785 787/787/787 786/786/786 
f 786/786/786 787/787/787 788/788/788 
f 787/787/787 789/789/789 788/788/788 
f 788/788/788 789/789/789 788/788/788 
f 789/789/789 790/790/790 788/788/788 
f 788/788/788 790/790/790 791/791/791 
f 790/790/790 792/792/792 791/791/791 
f 791/791/791 792/792/792 793/793/793 
f 792/792/792 794/794/794 793/793/793 
f 793/793/793 794/794/794 795/795/795 
f 794/794/794 796/796/796 795/795/795 
f 795/795/795 796/796/796 797/797/797 
f 796/796/796 798/798/798 797/797/797 
f 797/797/797 798/798/798 799/799/799 
f 798/798/798 798/798/798 799/799/799 
f 799/799/799 798/798/798 800/800/800 
f 798/798/798 801/801/801 800/800/800 
f 800/800/800 801/801/801 802/802/802 
f 801/801/801 803/803/803 802/802/802 
f 802/802/802 803/803/803 804/804/804 
f 803/803/803 805/805/805 804/804/804 
f 804/804/804 805/805/805 806/806/806 
f 805/805/805 807/807/807 806/806/806 
f 806/806/806 807/807/807 808/808/808 
f 807/807/807 809/809/809 808/808/808 
f 808/808/808 809/809/809 810/810/810 
f 809/809/809 811/811/811 810/810/810 
f 810/810/810 811/811/811 812/812/812 
f 811/811/811 812/812/812 812/812/812 
f 812/812/812 812/812/812 810/810/810 
f 812/812/812 810/810/810 810/810/810 
f 810/810/810 810/810/810 808/808/808 
f 810/810/810 813/813/813 808/808/808 
f 808/808/808 813/813/813 813/813/813 
f 813/813/813 811/811/811 813/813/813 
f 813/813/813 811/811/811 811/811/811 
f 811/811/811 809/809/809 811/811/811 
f 811/811/811 809/809/809 814/814/814 
f 809/809/809 807/807/807 814/814/814 
f 814/814/814 807/807/807 815/815/815 
f 807/807/807 805/805/805 815/815/815 
f 815/815/815 805/805/805 816/816/816 
f 805/805/805 803/803/803 816/816/816 
f 816/816/816 803/803/803 817/817/817 
f 803/803/803 801/801/801 817/817/817 
f 817/817/817 801/801/801 818/818/818 
f 801/801/801 798/798/798 818/818/818 
f 818/818/818 798/798/798 818/818/818 
f 798/798/798 796/796/796 818/818/818 
f 818/818/818 796/796/796 819/819/819 
f 796/796/796 794/794/794 819/819/819 
f 819/819/819 794/794/794 820/820/820 
f 794/794/794 792/792/792 820/820/820 
f 820/820/820 792/792/792 821/821/821 
f 792/792/792 790/790/790 821/821/821 
f 821/821/821 790/790/790 822/822/822 
f 790/790/790 789/789/789 822/822/822 
f 822/822/822 789/789/789 789/789/789 
f 789/789/789 822/822/822 789/789/789 
f 789/789/789 822/822/822 822/822/822 
f 822/822/822 823/823/823 822/822/822 
f 822/822/822 823/823/823 821/821/821 
f 823/823/823 824/824/824 821/821/821 
f 821/821/821 824/824/824 820/820/820 
f 824/824/824 825/825/825 820/820/820 
f 820/820/820 825/825/825 819/819/819 
f 825/825/825 826/826/826 819/819/819 
f 819/819/819 826/826/826 818/818/818 
f 826/826/826 826/826/826 818/818/818 
f 818/818/818 826/826/826 827/827/827 
f 826/826/826 828/828/828 827/827/827 
f 827/827/827 828/828/828 827/827/827 
f 828/828/828 829/829/829 827/827/827 
f 827/827/827 829/829/829 830/830/830 
f 829/829/829 831/831/831 830/830/830 
f 830/830/830 831/831/831 832/832/832 
f 831/831/831 833/833/833 832/832/832 
f 832/832/832 833/833/833 834/834/834 
f 833/833/833 833/833/833 834/834/834 
f 834/834/834 833/833/833 835/835/835 
f 833/833/833 836/836/836 835/835/835 
f 835/835/835 836/836/836 835/835/835 
f 836/836/836 837/837/837 835/835/835 
f 835/835/835 837/837/837 838/838/838 
f 837/837/837 837/837/837 838/838/838 
f 838/838/838 837/837/837 839/839/839 
f 837/837/837 840/840/840 839/839/839 
f 839/839/839 840/840/840 839/839/839 
f 840/840/840 841/841/841 839/839/839 
f 839/839/839 841/841/841 842/842/842 
f 841/841/841 843/843/843 842/842/842 
f 842/842/842 843/843/843 844/844/844 
f 843/843/843 789/789/789 844/844/844 
f 844/844/844 789/789/789 844/844/844 
f 789/789/789 787/787/787 844/844/844 
f 844/844/844 787/787/787 844/844/844 
f 787/787/787 785/785/785 844/844/844 
f 844/844/844 785/785/785 845/845/845 
f 785/785/785 846/846/846 845/845/845 
f 845/845/845 846/846/846 847/847/847 
f 846/846/846 847/847/847 847/847/847 
f 847/847/847 847/847/847 841/841/841 
f 847/847/847 841/841/841 841/841/841 
f 841/841/841 841/841/841 843/843/843 
f 841/841/841 848/848/848 843/843/843 
f 843/843/843 848/848/848 843/843/843 
f 848/848/848 849/849/849 843/843/843 
f 843/843/843 849/849/849 822/822/822 
f 849/849/849 823/823/823 822/822/822 
f 822/822/822 823/823/823 823/823/823 
f 823/823/823 822/822/822 823/823/823 
f 823/823/823 822/822/822 822/822/822 
f 822/822/822 789/789/789 822/822/822 
f 822/822/822 789/789/789 843/843/843 
f 789/789/789 843/843/843 843/843/843 
f 843/843/843 843/843/843 785/785/785 
f 843/843/843 785/785/785 785/785/785 
f 785/785/785 785/785/785 846/846/846 
f 785/785/785 784/784/784 846/846/846 
f 846/846/846 784/784/784 846/846/846 
f 784/784/784 850/850/850 846/846/846 
f 846/846/846 850/850/850 846/846/846 
f 850/850/850 851/851/851 846/846/846 
f 846/846/846 851/851/851 847/847/847 
f 851/851/851 852/852/852 847/847/847 
f 847/847/847 852/852/852 847/847/847 
f 852/852/852 853/853/853 847/847/847 
f 847/847/847 853/853/853 845/845/845 
f 853/853/853 854/854/854 845/845/845 
f 845/845/845 854/854/854 844/844/844 
f 854/854/854 854/854/854 844/844/844 
f 844/844/844 854/854/854 842/842/842 
f 854/854/854 854/854/854 842/842/842 
f 842/842/842 854/854/854 839/839/839 
f 854/854/854 855/855/855 839/839/839 
f 839/839/839 855/855/855 838/838/838 
f 855/855/855 838/838/838 838/838/838 
f 838/838/838 838/838/838 852/852/852 
f 838/838/838 852/852/852 852/852/852 
f 852/852/852 852/852/852 856/856/856 
f 852/852/852 851/851/851 856/856/856 
f 856/856/856 851/851/851 851/851/851 
f 851/851/851 855/855/855 851/851/851 
f 851/851/851 855/855/855 855/855/855 
f 855/855/855 854/854/854 855/855/855 
f 855/855/855 854/854/854 857/857/857 
f 854/854/854 853/853/853 857/857/857 
f 857/857/857 853/853/853 858/858/858 
f 853/853/853 859/859/859 858/858/858 
f 858/858/858 859/859/859 859/859/859 
f 859/859/859 858/858/858 859/859/859 
f 859/859/859 858/858/858 858/858/858 
f 858/858/858 860/860/860 858/858/858 
f 858/858/858 860/860/860 857/857/857 
f 860/860/860 860/860/860 857/857/857 
f 857/857/857 860/860/860 855/855/855 
f 860/860/860 861/861/861 855/855/855 
f 855/855/855 861/861/861 855/855/855 
f 861/861/861 862/862/862 855/855/855 
f 855/855/855 862/862/862 855/855/855 
f 862/862/862 863/863/863 855/855/855 
f 855/855/855 863/863/863 838/838/838 
f 863/863/863 864/864/864 838/838/838 
f 838/838/838 864/864/864 835/835/835 
f 864/864/864 865/865/865 835/835/835 
f 835/835/835 865/865/865 834/834/834 
f 865/865/865 866/866/866 834/834/834 
f 834/834/834 866/866/866 832/832/832 
f 866/866/866 867/867/867 832/832/832 
f 832/832/832 867/867/867 830/830/830 
f 867/867/867 868/868/868 830/830/830 
f 830/830/830 868/868/868 869/869/869 
f 868/868/868 870/870/870 869/869/869 
f 869/869/869 870/870/870 816/816/816 
f 870/870/870 815/815/815 816/816/816 
f 816/816/816 815/815/815 815/815/815 
f 815/815/815 858/858/858 815/815/815 
f 815/815/815 858/858/858 858/858/858 
f 858/858/858 871/871/871 858/858/858 
f 858/858/858 871/871/871 860/860/860 
f 871/871/871 860/860/860 860/860/860 
f 860/860/860 860/860/860 830/830/830 
f 860/860/860 830/830/830 830/830/830 
f 830/830/830 830/830/830 827/827/827 
f 830/830/830 869/869/869 827/827/827 
f 827/827/827 869/869/869 818/818/818 
f 869/869/869 869/869/869 818/818/818 
f 818/818/818 869/869/869 817/817/817 
f 869/869/869 816/816/816 817/817/817 
f 817/817/817 816/816/816 816/816/816 
f 816/816/816 870/870/870 816/816/816 
f 816/816/816 870/870/870 870/870/870 
f 870/870/870 868/868/868 870/870/870 
f 870/870/870 868/868/868 872/872/872 
f 868/868/868 867/867/867 872/872/872 
f 872/872/872 867/867/867 873/873/873 
f 867/867/867 866/866/866 873/873/873 
f 873/873/873 866/866/866 874/874/874 
f 866/866/866 865/865/865 874/874/874 
f 874/874/874 865/865/865 875/875/875 
f 865/865/865 864/864/864 875/875/875 
f 875/875/875 864/864/864 876/876/876 
f 864/864/864 863/863/863 876/876/876 
f 876/876/876 863/863/863 877/877/877 
f 863/863/863 862/862/862 877/877/877 
f 877/877/877 862/862/862 877/877/877 
f 862/862/862 878/878/878 877/877/877 
f 877/877/877 878/878/878 877/877/877 
f 878/878/878 879/879/879 877/877/877 
f 877/877/877 879/879/879 880/880/880 
f 879/879/879 881/881/881 880/880/880 
f 880/880/880 881/881/881 882/882/882 
f 881/881/881 883/883/883 882/882/882 
f 882/882/882 883/883/883 884/884/884 
f 883/883/883 858/858/858 884/884/884 
f 884/884/884 858/858/858 885/885/885 
f 858/858/858 859/859/859 885/885/885 
f 885/885/885 859/859/859 885/885/885 
f 859/859/859 886/886/886 885/885/885 
f 885/885/885 886/886/886 887/887/887 
f 886/886/886 888/888/888 887/887/887 
f 887/887/887 888/888/888 889/889/889 
f 888/888/888 888/888/888 889/889/889 
f 889/889/889 888/888/888 890/890/890 
f 888/888/888 888/888/888 890/890/890 
f 890/890/890 888/888/888 891/891/891 
f 888/888/888 892/892/892 891/891/891 
f 891/891/891 892/892/892 893/893/893 
f 892/892/892 893/893/893 893/893/893 
f 893/893/893 893/893/893 883/883/883 
f 893/893/893 883/883/883 883/883/883 
f 883/883/883 883/883/883 858/858/858 
f 883/883/883 871/871/871 858/858/858 
f 858/858/858 871/871/871 871/871/871 
f 871/871/871 886/886/886 871/871/871 
f 871/871/871 886/886/886 886/886/886 
f 886/886/886 892/892/892 886/886/886 
f 886/886/886 892/892/892 888/888/888 
f 892/892/892 888/888/888 888/888/888 
f 888/888/888 888/888/888 885/885/885 
f 888/888/888 885/885/885 885/885/885 
f 885/885/885 885/885/885 894/894/894 
f 885/885/885 887/887/887 894/894/894 
f 894/894/894 887/887/887 895/895/895 
f 887/887/887 889/889/889 895/895/895 
f 895/895/895 889/889/889 889/889/889 
f 889/889/889 885/885/885 889/889/889 
f 889/889/889 885/885/885 885/885/885 
f 885/885/885 894/894/894 885/885/885 
f 885/885/885 894/894/894 884/884/884 
f 894/894/894 894/894/894 884/884/884 
f 884/884/884 894/894/894 882/882/882 
f 894/894/894 896/896/896 882/882/882 
f 882/882/882 896/896/896 880/880/880 
f 896/896/896 897/897/897 880/880/880 
f 880/880/880 897/897/897 877/877/877 
f 897/897/897 877/877/877 877/877/877 
f 877/877/877 877/877/877 894/894/894 
f 877/877/877 894/894/894 894/894/894 
f 894/894/894 894/894/894 896/896/896 
f 894/894/894 895/895/895 896/896/896 
f 896/896/896 895/895/895 898/898/898 
f 895/895/895 895/895/895 898/898/898 
f 898/898/898 895/895/895 899/899/899 
f 895/895/895 889/889/889 899/899/899 
f 899/899/899 889/889/889 900/900/900 
f 889/889/889 890/890/890 900/900/900 
f 900/900/900 890/890/890 901/901/901 
f 890/890/890 891/891/891 901/901/901 
f 901/901/901 891/891/891 902/902/902 
f 891/891/891 891/891/891 902/902/902 
f 902/902/902 891/891/891 903/903/903 
f 891/891/891 904/904/904 903/903/903 
f 903/903/903 904/904/904 903/903/903 
f 904/904/904 905/905/905 903/903/903 
f 903/903/903 905/905/905 906/906/906 
f 905/905/905 905/905/905 906/906/906 
f 906/906/906 905/905/905 907/907/907 
f 905/905/905 908/908/908 907/907/907 
f 907/907/907 908/908/908 907/907/907 
f 908/908/908 909/909/909 907/907/907 
f 907/907/907 909/909/909 910/910/910 
f 909/909/909 909/909/909 910/910/910 
f 910/910/910 909/909/909 911/911/911 
f 909/909/909 912/912/912 911/911/911 
f 911/911/911 912/912/912 913/913/913 
f 912/912/912 900/900/900 913/913/913 
f 913/913/913 900/900/900 901/901/901 
f 900/900/900 901/901/901 901/901/901 
f 901/901/901 901/901/901 896/896/896 
f 901/901/901 896/896/896 896/896/896 
f 896/896/896 896/896/896 897/897/897 
f 896/896/896 898/898/898 897/897/897 
f 897/897/897 898/898/898 914/914/914 
f 898/898/898 915/915/915 914/914/914 
f 914/914/914 915/915/915 916/916/916 
f 915/915/915 909/909/909 916/916/916 
f 916/916/916 909/909/909 917/917/917 
f 909/909/909 908/908/908 917/917/917 
f 917/917/917 908/908/908 918/918/918 
f 908/908/908 919/919/919 918/918/918 
f 918/918/918 919/919/919 920/920/920 
f 919/919/919 920/920/920 920/920/920 
f 920/920/920 920/920/920 904/904/904 
f 920/920/920 904/904/904 904/904/904 
f 904/904/904 904/904/904 893/893/893 
f 904/904/904 891/891/891 893/893/893 
f 893/893/893 891/891/891 891/891/891 
f 891/891/891 900/900/900 891/891/891 
f 891/891/891 900/900/900 900/900/900 
f 900/900/900 912/912/912 900/900/900 
f 900/900/900 912/912/912 899/899/899 
f 912/912/912 915/915/915 899/899/899 
f 899/899/899 915/915/915 898/898/898 
f 915/915/915 898/898/898 898/898/898 
f 898/898/898 898/898/898 915/915/915 
f 898/898/898 915/915/915 915/915/915 
f 915/915/915 915/915/915 909/909/909 
f 915/915/915 912/912/912 909/909/909 
f 909/909/909 912/912/912 912/912/912 
f 912/912/912 908/908/908 912/912/912 
f 912/912/912 908/908/908 908/908/908 
f 908/908/908 905/905/905 908/908/908 
f 908/908/908 905/905/905 919/919/919 
f 905/905/905 905/905/905 919/919/919 
f 919/919/919 905/905/905 921/921/921 
f 905/905/905 905/905/905 921/921/921 
f 921/921/921 905/905/905 922/922/922 
f 905/905/905 904/904/904 922/922/922 
f 922/922/922 904/904/904 922/922/922 
f 904/904/904 893/893/893 922/922/922 
f 922/922/922 893/893/893 923/923/923 
f 893/893/893 924/924/924 923/923/923 
f 923/923/923 924/924/924 925/925/925 
f 924/924/924 851/851/851 925/925/925 
f 925/925/925 851/851/851 926/926/926 
f 851/851/851 850/850/850 926/926/926 
f 926/926/926 850/850/850 927/927/927 
f 850/850/850 928/928/928 927/927/927 
f 927/927/927 928/928/928 929/929/929 
f 928/928/928 784/784/784 929/929/929 
f 929/929/929 784/784/784 929/929/929 
f 784/784/784 781/781/781 929/929/929 
f 929/929/929 781/781/781 930/930/930 
f 781/781/781 782/782/782 930/930/930 
f 930/930/930 782/782/782 930/930/930 
f 782/782/782 783/783/783 930/930/930 
f 930/930/930 783/783/783 930/930/930 
f 783/783/783 931/931/931 930/930/930 
f 930/930/930 931/931/931 930/930/930 
f 931/931/931 932/932/932 930/930/930 
f 930/930/930 932/932/932 933/933/933 
f 932/932/932 681/681/681 933/933/933 
f 933/933/933 681/681/681 681/681/681 
f 681/681/681 924/924/924 681/681/681 
f 681/681/681 924/924/924 924/924/924 
f 924/924/924 856/856/856 924/924/924 
f 924/924/924 856/856/856 851/851/851 
f 856/856/856 851/851/851 851/851/851 
f 851/851/851 851/851/851 925/925/925 
f 851/851/851 925/925/925 925/925/925 
f 925/925/925 925/925/925 923/923/923 
f 925/925/925 926/926/926 923/923/923 
f 923/923/923 926/926/926 934/934/934 
f 926/926/926 927/927/927 934/934/934 
f 934/934/934 927/927/927 935/935/935 
f 927/927/927 936/936/936 935/935/935 
f 935/935/935 936/936/936 607/607/607 
f 936/936/936 936/936/936 607/607/607 
f 607/607/607 936/936/936 603/603/603 
f 936/936/936 936/936/936 603/603/603 
f 603/603/603 936/936/936 604/604/604 
f 936/936/936 936/936/936 604/604/604 
f 604/604/604 936/936/936 937/937/937 
f 936/936/936 938/938/938 937/937/937 
f 937/937/937 938/938/938 933/933/933 
f 938/938/938 938/938/938 933/933/933 
f 933/933/933 938/938/938 930/930/930 
f 938/938/938 938/938/938 930/930/930 
f 930/930/930 938/938/938 929/929/929 
f 938/938/938 938/938/938 929/929/929 
f 929/929/929 938/938/938 927/927/927 
f 938/938/938 936/936/936 927/927/927 
f 927/927/927 936/936/936 936/936/936 
f 936/936/936 784/784/784 936/936/936 
f 936/936/936 784/784/784 784/784/784 
f 784/784/784 928/928/928 784/784/784 
f 784/784/784 928/928/928 850/850/850 
f 928/928/928 850/850/850 850/850/850 
f 850/850/850 850/850/850 933/933/933 
f 850/850/850 933/933/933 933/933/933 
f 933/933/933 933/933/933 937/937/937 
f 933/933/933 681/681/681 937/937/937 
f 937/937/937 681/681/681 937/937/937 
f 681/681/681 605/605/605 937/937/937 
f 937/937/937 605/605/605 604/604/604 
f 605/605/605 604/604/604 604/604/604 
f 604/604/604 604/604/604 934/934/934 
f 604/604/604 934/934/934 934/934/934 
f 934/934/934 934/934/934 939/939/939 
f 934/934/934 935/935/935 939/939/939 
f 939/939/939 935/935/935 939/939/939 
f 935/935/935 940/940/940 939/939/939 
f 939/939/939 940/940/940 939/939/939 
f 940/940/940 941/941/941 939/939/939 
f 939/939/939 941/941/941 942/942/942 
f 941/941/941 941/941/941 942/942/942 
f 942/942/942 941/941/941 943/943/943 
f 941/941/941 944/944/944 943/943/943 
f 943/943/943 944/944/944 945/945/945 
f 944/944/944 946/946/946 945/945/945 
f 945/945/945 946/946/946 947/947/947 
f 946/946/946 948/948/948 947/947/947 
f 947/947/947 948/948/948 949/949/949 
f 948/948/948 950/950/950 949/949/949 
f 949/949/949 950/950/950 951/951/951 
f 950/950/950 952/952/952 951/951/951 
f 951/951/951 952/952/952 951/951/951 
f 952/952/952 953/953/953 951/951/951 
f 951/951/951 953/953/953 954/954/954 
f 953/953/953 955/955/955 954/954/954 
f 954/954/954 955/955/955 956/956/956 
f 955/955/955 957/957/957 956/956/956 
f 956/956/956 957/957/957 958/958/958 
f 957/957/957 959/959/959 958/958/958 
f 958/958/958 959/959/959 960/960/960 
f 959/959/959 961/961/961 960/960/960 
f 960/960/960 961/961/961 962/962/962 
f 961/961/961 963/963/963 962/962/962 
f 962/962/962 963/963/963 964/964/964 
f 963/963/963 965/965/965 964/964/964 
f 964/964/964 965/965/965 965/965/965 
f 965/965/965 934/934/934 965/965/965 
f 965/965/965 934/934/934 934/934/934 
f 934/934/934 939/939/939 934/934/934 
f 934/934/934 939/939/939 923/923/923 
f 939/939/939 966/966/966 923/923/923 
f 923/923/923 966/966/966 922/922/922 
f 966/966/966 922/922/922 922/922/922 
f 922/922/922 922/922/922 966/966/966 
f 922/922/922 966/966/966 966/966/966 
f 966/966/966 966/966/966 942/942/942 
f 966/966/966 939/939/939 942/942/942 
f 942/942/942 939/939/939 939/939/939 
f 939/939/939 963/963/963 939/939/939 
f 939/939/939 963/963/963 963/963/963 
f 963/963/963 961/961/961 963/963/963 
f 963/963/963 961/961/961 967/967/967 
f 961/961/961 967/967/967 967/967/967 
f 967/967/967 967/967/967 964/964/964 
f 967/967/967 964/964/964 964/964/964 
f 964/964/964 964/964/964 962/962/962 
f 964/964/964 968/968/968 962/962/962 
f 962/962/962 968/968/968 960/960/960 
f 968/968/968 969/969/969 960/960/960 
f 960/960/960 969/969/969 958/958/958 
f 969/969/969 970/970/970 958/958/958 
f 958/958/958 970/970/970 956/956/956 
f 970/970/970 971/971/971 956/956/956 
f 956/956/956 971/971/971 954/954/954 
f 971/971/971 972/972/972 954/954/954 
f 954/954/954 972/972/972 951/951/951 
f 972/972/972 972/972/972 951/951/951 
f 951/951/951 972/972/972 949/949/949 
f 972/972/972 973/973/973 949/949/949 
f 949/949/949 973/973/973 947/947/947 
f 973/973/973 974/974/974 947/947/947 
f 947/947/947 974/974/974 945/945/945 
f 974/974/974 975/975/975 945/945/945 
f 945/945/945 975/975/975 943/943/943 
f 975/975/975 976/976/976 943/943/943 
f 943/943/943 976/976/976 942/942/942 
f 976/976/976 977/977/977 942/942/942 
f 942/942/942 977/977/977 966/966/966 
f 977/977/977 978/978/978 966/966/966 
f 966/966/966 978/978/978 922/922/922 
f 978/978/978 978/978/978 922/922/922 
f 922/922/922 978/978/978 921/921/921 
f 978/978/978 978/978/978 921/921/921 
f 921/921/921 978/978/978 979/979/979 
f 978/978/978 978/978/978 979/979/979 
f 979/979/979 978/978/978 980/980/980 
f 978/978/978 978/978/978 980/980/980 
f 980/980/980 978/978/978 981/981/981 
f 978/978/978 977/977/977 981/981/981 
f 981/981/981 977/977/977 982/982/982 
f 977/977/977 976/976/976 982/982/982 
f 982/982/982 976/976/976 982/982/982 
f 976/976/976 975/975/975 982/982/982 
f 982/982/982 975/975/975 983/983/983 
f 975/975/975 974/974/974 983/983/983 
f 983/983/983 974/974/974 984/984/984 
f 974/974/974 973/973/973 984/984/984 
f 984/984/984 973/973/973 985/985/985 
f 973/973/973 972/972/972 985/985/985 
f 985/985/985 972/972/972 986/986/986 
f 972/972/972 987/987/987 986/986/986 
f 986/986/986 987/987/987 988/988/988 
f 987/987/987 988/988/988 988/988/988 
f 988/988/988 988/988/988 987/987/987 
f 988/988/988 987/987/987 987/987/987 
f 987/987/987 987/987/987 989/989/989 
f 987/987/987 972/972/972 989/989/989 
f 989/989/989 972/972/972 989/989/989 
f 972/972/972 971/971/971 989/989/989 
f 989/989/989 971/971/971 989/989/989 
f 971/971/971 970/970/970 989/989/989 
f 989/989/989 970/970/970 990/990/990 
f 970/970/970 969/969/969 990/990/990 
f 990/990/990 969/969/969 991/991/991 
f 969/969/969 968/968/968 991/991/991 
f 991/991/991 968/968/968 992/992/992 
f 968/968/968 964/964/964 992/992/992 
f 992/992/992 964/964/964 993/993/993 
f 964/964/964 965/965/965 993/993/993 
f 993/993/993 965/965/965 994/994/994 
f 965/965/965 995/995/995 994/994/994 
f 994/994/994 995/995/995 995/995/995 
f 995/995/995 994/994/994 995/995/995 
f 995/995/995 994/994/994 994/994/994 
f 994/994/994 996/996/996 994/994/994 
f 994/994/994 996/996/996 993/993/993 
f 996/996/996 996/996/996 993/993/993 
f 993/993/993 996/996/996 992/992/992 
f 996/996/996 997/997/997 992/992/992 
f 992/992/992 997/997/997 991/991/991 
f 997/997/997 998/998/998 991/991/991 
f 991/991/991 998/998/998 990/990/990 
f 998/998/998 999/999/999 990/990/990 
f 990/990/990 999/999/999 990/990/990 
f 999/999/999 1000/1000/1000 990/990/990 
f 990/990/990 1000/1000/1000 989/989/989 
f 1000/1000/1000 1001/1001/1001 989/989/989 
f 989/989/989 1001/1001/1001 987/987/987 
f 1001/1001/1001 1001/1001/1001 987/987/987 
f 987/987/987 1001/1001/1001 988/988/988 
f 1001/1001/1001 1001/1001/1001 988/988/988 
f 988/988/988 1001/1001/1001 1002/1002/1002 
f 1001/1001/1001 1003/1003/1003 1002/1002/1002 
f 1002/1002/1002 1003/1003/1003 1004/1004/1004 
f 1003/1003/1003 1004/1004/1004 1004/1004/1004 
f 1004/1004/1004 1004/1004/1004 1003/1003/1003 
f 1004/1004/1004 1003/1003/1003 1003/1003/1003 
f 1003/1003/1003 1003/1003/1003 1005/1005/1005 
f 1003/1003/1003 1001/1001/1001 1005/1005/1005 
f 1005/1005/1005 1001/1001/1001 1005/1005/1005 
f 1001/1001/1001 1000/1000/1000 1005/1005/1005 
f 1005/1005/1005 1000/1000/1000 1005/1005/1005 
f 1000/1000/1000 999/999/999 1005/1005/1005 
f 1005/1005/1005 999/999/999 1005/1005/1005 
f 999/999/999 1006/1006/1006 1005/1005/1005 
f 1005/1005/1005 1006/1006/1006 1005/1005/1005 
f 1006/1006/1006 1007/1007/1007 1005/1005/1005 
f 1005/1005/1005 1007/1007/1007 1003/1003/1003 
f 1007/1007/1007 1008/1008/1008 1003/1003/1003 
f 1003/1003/1003 1008/1008/1008 1004/1004/1004 
f 1008/1008/1008 1008/1008/1008 1004/1004/1004 
f 1004/1004/1004 1008/1008/1008 1009/1009/1009 
f 1008/1008/1008 1008/1008/1008 1009/1009/1009 
f 1009/1009/1009 1008/1008/1008 1010/1010/1010 
f 1008/1008/1008 920/920/920 1010/1010/1010 
f 1010/1010/1010 920/920/920 1010/1010/1010 
f 920/920/920 919/919/919 1010/1010/1010 
f 1010/1010/1010 919/919/919 1011/1011/1011 
f 919/919/919 921/921/921 1011/1011/1011 
f 1011/1011/1011 921/921/921 979/979/979 
f 921/921/921 979/979/979 979/979/979 
f 979/979/979 979/979/979 920/920/920 
f 979/979/979 920/920/920 920/920/920 
f 920/920/920 920/920/920 1012/1012/1012 
f 920/920/920 1008/1008/1008 1012/1012/1012 
f 1012/1012/1012 1008/1008/1008 1012/1012/1012 
f 1008/1008/1008 1007/1007/1007 1012/1012/1012 
f 1012/1012/1012 1007/1007/1007 1013/1013/1013 
f 1007/1007/1007 1006/1006/1006 1013/1013/1013 
f 1013/1013/1013 1006/1006/1006 1006/1006/1006 
f 1006/1006/1006 920/920/920 1006/1006/1006 
f 1006/1006/1006 920/920/920 920/920/920 
f 920/920/920 1012/1012/1012 920/920/920 
f 920/920/920 1012/1012/1012 918/918/918 
f 1012/1012/1012 1014/1014/1014 918/918/918 
f 918/918/918 1014/1014/1014 917/917/917 
f 1014/1014/1014 1015/1015/1015 917/917/917 
f 917/917/917 1015/1015/1015 916/916/916 
f 1015/1015/1015 1016/1016/1016 916/916/916 
f 916/916/916 1016/1016/1016 914/914/914 
f 1016/1016/1016 1017/1017/1017 914/914/914 
f 914/914/914 1017/1017/1017 897/897/897 
f 1017/1017/1017 1017/1017/1017 897/897/897 
f 897/897/897 1017/1017/1017 877/877/877 
f 1017/1017/1017 1017/1017/1017 877/877/877 
f 877/877/877 1017/1017/1017 876/876/876 
f 1017/1017/1017 1018/1018/1018 876/876/876 
f 876/876/876 1018/1018/1018 875/875/875 
f 1018/1018/1018 875/875/875 875/875/875 
f 875/875/875 875/875/875 1013/1013/1013 
f 875/875/875 1013/1013/1013 1013/1013/1013 
f 1013/1013/1013 1013/1013/1013 1012/1012/1012 
f 1013/1013/1013 1014/1014/1014 1012/1012/1012 
f 1012/1012/1012 1014/1014/1014 1014/1014/1014 
f 1014/1014/1014 1017/1017/1017 1014/1014/1014 
f 1014/1014/1014 1017/1017/1017 1017/1017/1017 
f 1017/1017/1017 1016/1016/1016 1017/1017/1017 
f 1017/1017/1017 1016/1016/1016 1018/1018/1018 
f 1016/1016/1016 1019/1019/1019 1018/1018/1018 
f 1018/1018/1018 1019/1019/1019 1020/1020/1020 
f 1019/1019/1019 1021/1021/1021 1020/1020/1020 
f 1020/1020/1020 1021/1021/1021 1022/1022/1022 
f 1021/1021/1021 1023/1023/1023 1022/1022/1022 
f 1022/1022/1022 1023/1023/1023 1024/1024/1024 
f 1023/1023/1023 1025/1025/1025 1024/1024/1024 
f 1024/1024/1024 1025/1025/1025 1026/1026/1026 
f 1025/1025/1025 1027/1027/1027 1026/1026/1026 
f 1026/1026/1026 1027/1027/1027 1028/1028/1028 
f 1027/1027/1027 1029/1029/1029 1028/1028/1028 
f 1028/1028/1028 1029/1029/1029 1030/1030/1030 
f 1029/1029/1029 1031/1031/1031 1030/1030/1030 
f 1030/1030/1030 1031/1031/1031 1032/1032/1032 
f 1031/1031/1031 1033/1033/1033 1032/1032/1032 
f 1032/1032/1032 1033/1033/1033 1034/1034/1034 
f 1033/1033/1033 1035/1035/1035 1034/1034/1034 
f 1034/1034/1034 1035/1035/1035 1036/1036/1036 
f 1035/1035/1035 1037/1037/1037 1036/1036/1036 
f 1036/1036/1036 1037/1037/1037 1038/1038/1038 
f 1037/1037/1037 1037/1037/1037 1038/1038/1038 
f 1038/1038/1038 1037/1037/1037 1039/1039/1039 
f 1037/1037/1037 1040/1040/1040 1039/1039/1039 
f 1039/1039/1039 1040/1040/1040 1041/1041/1041 
f 1040/1040/1040 1042/1042/1042 1041/1041/1041 
f 1041/1041/1041 1042/1042/1042 1043/1043/1043 
f 1042/1042/1042 1044/1044/1044 1043/1043/1043 
f 1043/1043/1043 1044/1044/1044 1045/1045/1045 
f 1044/1044/1044 1046/1046/1046 1045/1045/1045 
f 1045/1045/1045 1046/1046/1046 1047/1047/1047 
f 1046/1046/1046 1048/1048/1048 1047/1047/1047 
f 1047/1047/1047 1048/1048/1048 1049/1049/1049 
f 1048/1048/1048 1050/1050/1050 1049/1049/1049 
f 1049/1049/1049 1050/1050/1050 1051/1051/1051 
f 1050/1050/1050 1020/1020/1020 1051/1051/1051 
f 1051/1051/1051 1020/1020/1020 1022/1022/1022 
f 1020/1020/1020 1022/1022/1022 1022/1022/1022 
f 1022/1022/1022 1022/1022/1022 1016/1016/1016 
f 1022/1022/1022 1016/1016/1016 1016/1016/1016 
f 1016/1016/1016 1016/1016/1016 1019/1019/1019 
f 1016/1016/1016 1015/1015/1015 1019/1019/1019 
f 1019/1019/1019 1015/1015/1015 1023/1023/1023 
f 1015/1015/1015 1015/1015/1015 1023/1023/1023 
f 1023/1023/1023 1015/1015/1015 1025/1025/1025 
f 1015/1015/1015 1027/1027/1027 1025/1025/1025 
f 1025/1025/1025 1027/1027/1027 1027/1027/1027 
f 1027/1027/1027 1023/1023/1023 1027/1027/1027 
f 1027/1027/1027 1023/1023/1023 1023/1023/1023 
f 1023/1023/1023 1021/1021/1021 1023/1023/1023 
f 1023/1023/1023 1021/1021/1021 1019/1019/1019 
f 1021/1021/1021 1019/1019/1019 1019/1019/1019 
f 1019/1019/1019 1019/1019/1019 1020/1020/1020 
f 1019/1019/1019 1020/1020/1020 1020/1020/1020 
f 1020/1020/1020 1020/1020/1020 1018/1018/1018 
f 1020/1020/1020 1050/1050/1050 1018/1018/1018 
f 1018/1018/1018 1050/1050/1050 1018/1018/1018 
f 1050/1050/1050 1048/1048/1048 1018/1018/1018 
f 1018/1018/1018 1048/1048/1048 1052/1052/1052 
f 1048/1048/1048 1046/1046/1046 1052/1052/1052 
f 1052/1052/1052 1046/1046/1046 1052/1052/1052 
f 1046/1046/1046 1044/1044/1044 1052/1052/1052 
f 1052/1052/1052 1044/1044/1044 1053/1053/1053 
f 1044/1044/1044 1042/1042/1042 1053/1053/1053 
f 1053/1053/1053 1042/1042/1042 1053/1053/1053 
f 1042/1042/1042 1040/1040/1040 1053/1053/1053 
f 1053/1053/1053 1040/1040/1040 1054/1054/1054 
f 1040/1040/1040 1037/1037/1037 1054/1054/1054 
f 1054/1054/1054 1037/1037/1037 1054/1054/1054 
f 1037/1037/1037 1035/1035/1035 1054/1054/1054 
f 1054/1054/1054 1035/1035/1035 1055/1055/1055 
f 1035/1035/1035 1033/1033/1033 1055/1055/1055 
f 1055/1055/1055 1033/1033/1033 1055/1055/1055 
f 1033/1033/1033 1031/1031/1031 1055/1055/1055 
f 1055/1055/1055 1031/1031/1031 1056/1056/1056 
f 1031/1031/1031 1029/1029/1029 1056/1056/1056 
f 1056/1056/1056 1029/1029/1029 1056/1056/1056 
f 1029/1029/1029 1027/1027/1027 1056/1056/1056 
f 1056/1056/1056 1027/1027/1027 1056/1056/1056 
f 1027/1027/1027 1015/1015/1015 1056/1056/1056 
f 1056/1056/1056 1015/1015/1015 1056/1056/1056 
f 1015/1015/1015 1014/1014/1014 1056/1056/1056 
f 1056/1056/1056 1014/1014/1014 1056/1056/1056 
f 1014/1014/1014 1013/1013/1013 1056/1056/1056 
f 1056/1056/1056 1013/1013/1013 1055/1055/1055 
f 1013/1013/1013 1006/1006/1006 1055/1055/1055 
f 1055/1055/1055 1006/1006/1006 1057/1057/1057 
f 1006/1006/1006 1006/1006/1006 1057/1057/1057 
f 1057/1057/1057 1006/1006/1006 1058/1058/1058 
f 1006/1006/1006 999/999/999 1058/1058/1058 
f 1058/1058/1058 999/999/999 1058/1058/1058 
f 999/999/999 998/998/998 1058/1058/1058 
f 1058/1058/1058 998/998/998 1059/1059/1059 
f 998/998/998 997/997/997 1059/1059/1059 
f 1059/1059/1059 997/997/997 1060/1060/1060 
f 997/997/997 996/996/996 1060/1060/1060 
f 1060/1060/1060 996/996/996 1061/1061/1061 
f 996/996/996 994/994/994 1061/1061/1061 
f 1061/1061/1061 994/994/994 1062/1062/1062 
f 994/994/994 995/995/995 1062/1062/1062 
f 1062/1062/1062 995/995/995 1063/1063/1063 
f 995/995/995 1064/1064/1064 1063/1063/1063 
f 1063/1063/1063 1064/1064/1064 1064/1064/1064 
f 1064/1064/1064 1018/1018/1018 1064/1064/1064 
f 1064/1064/1064 1018/1018/1018 1018/1018/1018 
f 1018/1018/1018 1052/1052/1052 1018/1018/1018 
f 1018/1018/1018 1052/1052/1052 875/875/875 
f 1052/1052/1052 1052/1052/1052 875/875/875 
f 875/875/875 1052/1052/1052 874/874/874 
f 1052/1052/1052 1053/1053/1053 874/874/874 
f 874/874/874 1053/1053/1053 1053/1053/1053 
f 1053/1053/1053 1055/1055/1055 1053/1053/1053 
f 1053/1053/1053 1055/1055/1055 1055/1055/1055 
f 1055/1055/1055 1057/1057/1057 1055/1055/1055 
f 1055/1055/1055 1057/1057/1057 1054/1054/1054 
f 1057/1057/1057 1054/1054/1054 1054/1054/1054 
f 1054/1054/1054 1054/1054/1054 1063/1063/1063 
f 1054/1054/1054 1063/1063/1063 1063/1063/1063 
f 1063/1063/1063 1063/1063/1063 1062/1062/1062 
f 1063/1063/1063 1065/1065/1065 1062/1062/1062 
f 1062/1062/1062 1065/1065/1065 1061/1061/1061 
f 1065/1065/1065 1066/1066/1066 1061/1061/1061 
f 1061/1061/1061 1066/1066/1066 1060/1060/1060 
f 1066/1066/1066 1066/1066/1066 1060/1060/1060 
f 1060/1060/1060 1066/1066/1066 1059/1059/1059 
f 1066/1066/1066 1067/1067/1067 1059/1059/1059 
f 1059/1059/1059 1067/1067/1067 1068/1068/1068 
f 1067/1067/1067 1069/1069/1069 1068/1068/1068 
f 1068/1068/1068 1069/1069/1069 1068/1068/1068 
f 1069/1069/1069 1054/1054/1054 1068/1068/1068 
f 1068/1068/1068 1054/1054/1054 1068/1068/1068 
f 1054/1054/1054 1057/1057/1057 1068/1068/1068 
f 1068/1068/1068 1057/1057/1057 1068/1068/1068 
f 1057/1057/1057 1058/1058/1058 1068/1068/1068 
f 1068/1068/1068 1058/1058/1058 1059/1059/1059 
f 1058/1058/1058 1059/1059/1059 1059/1059/1059 
f 1059/1059/1059 1059/1059/1059 1069/1069/1069 
f 1059/1059/1059 1069/1069/1069 1069/1069/1069 
f 1069/1069/1069 1069/1069/1069 1070/1070/1070 
f 1069/1069/1069 1067/1067/1067 1070/1070/1070 
f 1070/1070/1070 1067/1067/1067 1070/1070/1070 
f 1067/1067/1067 1066/1066/1066 1070/1070/1070 
f 1070/1070/1070 1066/1066/1066 1071/1071/1071 
f 1066/1066/1066 1065/1065/1065 1071/1071/1071 
f 1071/1071/1071 1065/1065/1065 1072/1072/1072 
f 1065/1065/1065 1063/1063/1063 1072/1072/1072 
f 1072/1072/1072 1063/1063/1063 1073/1073/1073 
f 1063/1063/1063 1064/1064/1064 1073/1073/1073 
f 1073/1073/1073 1064/1064/1064 1074/1074/1074 
f 1064/1064/1064 1075/1075/1075 1074/1074/1074 
f 1074/1074/1074 1075/1075/1075 1076/1076/1076 
f 1075/1075/1075 1075/1075/1075 1076/1076/1076 
f 1076/1076/1076 1075/1075/1075 1077/1077/1077 
f 1075/1075/1075 812/812/812 1077/1077/1077 
f 1077/1077/1077 812/812/812 1078/1078/1078 
f 812/812/812 811/811/811 1078/1078/1078 
f 1078/1078/1078 811/811/811 1079/1079/1079 
f 811/811/811 814/814/814 1079/1079/1079 
f 1079/1079/1079 814/814/814 814/814/814 
f 814/814/814 1073/1073/1073 814/814/814 
f 814/814/814 1073/1073/1073 1073/1073/1073 
f 1073/1073/1073 1074/1074/1074 1073/1073/1073 
f 1073/1073/1073 1074/1074/1074 1072/1072/1072 
f 1074/1074/1074 1080/1080/1080 1072/1072/1072 
f 1072/1072/1072 1080/1080/1080 1071/1071/1071 
f 1080/1080/1080 1071/1071/1071 1071/1071/1071 
f 1071/1071/1071 1071/1071/1071 1074/1074/1074 
f 1071/1071/1071 1074/1074/1074 1074/1074/1074 
f 1074/1074/1074 1074/1074/1074 1080/1080/1080 
f 1074/1074/1074 1076/1076/1076 1080/1080/1080 
f 1080/1080/1080 1076/1076/1076 1081/1081/1081 
f 1076/1076/1076 1077/1077/1077 1081/1081/1081 
f 1081/1081/1081 1077/1077/1077 1082/1082/1082 
f 1077/1077/1077 1078/1078/1078 1082/1082/1082 
f 1082/1082/1082 1078/1078/1078 1079/1079/1079 
f 1078/1078/1078 1079/1079/1079 1079/1079/1079 
f 1079/1079/1079 1079/1079/1079 1081/1081/1081 
f 1079/1079/1079 1081/1081/1081 1081/1081/1081 
f 1081/1081/1081 1081/1081/1081 1080/1080/1080 
f 1081/1081/1081 1083/1083/1083 1080/1080/1080 
f 1080/1080/1080 1083/1083/1083 1071/1071/1071 
f 1083/1083/1083 1083/1083/1083 1071/1071/1071 
f 1071/1071/1071 1083/1083/1083 1070/1070/1070 
f 1083/1083/1083 1084/1084/1084 1070/1070/1070 
f 1070/1070/1070 1084/1084/1084 1069/1069/1069 
f 1084/1084/1084 1085/1085/1085 1069/1069/1069 
f 1069/1069/1069 1085/1085/1085 1054/1054/1054 
f 1085/1085/1085 1086/1086/1086 1054/1054/1054 
f 1054/1054/1054 1086/1086/1086 1053/1053/1053 
f 1086/1086/1086 873/873/873 1053/1053/1053 
f 1053/1053/1053 873/873/873 874/874/874 
f 873/873/873 874/874/874 874/874/874 
f 874/874/874 874/874/874 873/873/873 
f 874/874/874 873/873/873 873/873/873 
f 873/873/873 873/873/873 1087/1087/1087 
f 873/873/873 1086/1086/1086 1087/1087/1087 
f 1087/1087/1087 1086/1086/1086 1085/1085/1085 
f 1086/1086/1086 1085/1085/1085 1085/1085/1085 
f 1085/1085/1085 1085/1085/1085 873/873/873 
f 1085/1085/1085 873/873/873 873/873/873 
f 873/873/873 873/873/873 872/872/872 
f 873/873/873 1087/1087/1087 872/872/872 
f 872/872/872 1087/1087/1087 872/872/872 
f 1087/1087/1087 1088/1088/1088 872/872/872 
f 872/872/872 1088/1088/1088 870/870/870 
f 1088/1088/1088 1089/1089/1089 870/870/870 
f 870/870/870 1089/1089/1089 815/815/815 
f 1089/1089/1089 1089/1089/1089 815/815/815 
f 815/815/815 1089/1089/1089 814/814/814 
f 1089/1089/1089 1089/1089/1089 814/814/814 
f 814/814/814 1089/1089/1089 1079/1079/1079 
f 1089/1089/1089 1090/1090/1090 1079/1079/1079 
f 1079/1079/1079 1090/1090/1090 1082/1082/1082 
f 1090/1090/1090 1091/1091/1091 1082/1082/1082 
f 1082/1082/1082 1091/1091/1091 1081/1081/1081 
f 1091/1091/1091 1091/1091/1091 1081/1081/1081 
f 1081/1081/1081 1091/1091/1091 1083/1083/1083 
f 1091/1091/1091 1092/1092/1092 1083/1083/1083 
f 1083/1083/1083 1092/1092/1092 1084/1084/1084 
f 1092/1092/1092 1092/1092/1092 1084/1084/1084 
f 1084/1084/1084 1092/1092/1092 1085/1085/1085 
f 1092/1092/1092 1092/1092/1092 1085/1085/1085 
f 1085/1085/1085 1092/1092/1092 1087/1087/1087 
f 1092/1092/1092 1092/1092/1092 1087/1087/1087 
f 1087/1087/1087 1092/1092/1092 1088/1088/1088 
f 1092/1092/1092 1090/1090/1090 1088/1088/1088 
f 1088/1088/1088 1090/1090/1090 1089/1089/1089 
f 1090/1090/1090 1089/1089/1089 1089/1089/1089 
f 1089/1089/1089 1089/1089/1089 1092/1092/1092 
f 1089/1089/1089 1092/1092/1092 1092/1092/1092 
f 1092/1092/1092 1092/1092/1092 1090/1090/1090 
f 1092/1092/1092 1091/1091/1091 1090/1090/1090 
f 1090/1090/1090 1091/1091/1091 1091/1091/1091 
f 1091/1091/1091 1093/1093/1093 1091/1091/1091 
f 1091/1091/1091 1093/1093/1093 1093/1093/1093 
f 1093/1093/1093 1094/1094/1094 1093/1093/1093 
f 1093/1093/1093 1094/1094/1094 1095/1095/1095 
f 1094/1094/1094 1096/1096/1096 1095/1095/1095 
f 1095/1095/1095 1096/1096/1096 1096/1096/1096 
f 1096/1096/1096 1097/1097/1097 1096/1096/1096 
f 1096/1096/1096 1097/1097/1097 1097/1097/1097 
f 1097/1097/1097 1098/1098/1098 1097/1097/1097 
f 1097/1097/1097 1098/1098/1098 1093/1093/1093 
f 1098/1098/1098 1099/1099/1099 1093/1093/1093 
f 1093/1093/1093 1099/1099/1099 1094/1094/1094 
f 1099/1099/1099 1094/1094/1094 1094/1094/1094 
f 1094/1094/1094 1094/1094/1094 1097/1097/1097 
f 1094/1094/1094 1097/1097/1097 1097/1097/1097 
f 1097/1097/1097 1097/1097/1097 1098/1098/1098 
f 1097/1097/1097 1100/1100/1100 1098/1098/1098 
f 1098/1098/1098 1100/1100/1100 1098/1098/1098 
f 1100/1100/1100 1101/1101/1101 1098/1098/1098 
f 1098/1098/1098 1101/1101/1101 1098/1098/1098 
f 1101/1101/1101 1102/1102/1102 1098/1098/1098 
f 1098/1098/1098 1102/1102/1102 1098/1098/1098 
f 1102/1102/1102 1103/1103/1103 1098/1098/1098 
f 1098/1098/1098 1103/1103/1103 1098/1098/1098 
f 1103/1103/1103 1104/1104/1104 1098/1098/1098 
f 1098/1098/1098 1104/1104/1104 1099/1099/1099 
f 1104/1104/1104 1105/1105/1105 1099/1099/1099 
f 1099/1099/1099 1105/1105/1105 1106/1106/1106 
f 1105/1105/1105 1107/1107/1107 1106/1106/1106 
f 1106/1106/1106 1107/1107/1107 1108/1108/1108 
f 1107/1107/1107 1109/1109/1109 1108/1108/1108 
f 1108/1108/1108 1109/1109/1109 1110/1110/1110 
f 1109/1109/1109 1111/1111/1111 1110/1110/1110 
f 1110/1110/1110 1111/1111/1111 1110/1110/1110 
f 1111/1111/1111 1112/1112/1112 1110/1110/1110 
f 1110/1110/1110 1112/1112/1112 1110/1110/1110 
f 1112/1112/1112 1113/1113/1113 1110/1110/1110 
f 1110/1110/1110 1113/1113/1113 1114/1114/1114 
f 1113/1113/1113 1115/1115/1115 1114/1114/1114 
f 1114/1114/1114 1115/1115/1115 1106/1106/1106 
f 1115/1115/1115 1094/1094/1094 1106/1106/1106 
f 1106/1106/1106 1094/1094/1094 1099/1099/1099 
f 1094/1094/1094 1099/1099/1099 1099/1099/1099 
f 1099/1099/1099 1099/1099/1099 1104/1104/1104 
f 1099/1099/1099 1104/1104/1104 1104/1104/1104 
f 1104/1104/1104 1104/1104/1104 1105/1105/1105 
f 1104/1104/1104 1116/1116/1116 1105/1105/1105 
f 1105/1105/1105 1116/1116/1116 1107/1107/1107 
f 1116/1116/1116 1117/1117/1117 1107/1107/1107 
f 1107/1107/1107 1117/1117/1117 1109/1109/1109 
f 1117/1117/1117 1109/1109/1109 1109/1109/1109 
f 1109/1109/1109 1109/1109/1109 1094/1094/1094 
f 1109/1109/1109 1094/1094/1094 1094/1094/1094 
f 1094/1094/1094 1094/1094/1094 1096/1096/1096 
f 1094/1094/1094 1115/1115/1115 1096/1096/1096 
f 1096/1096/1096 1115/1115/1115 1118/1118/1118 
f 1115/1115/1115 1113/1113/1113 1118/1118/1118 
f 1118/1118/1118 1113/1113/1113 1119/1119/1119 
f 1113/1113/1113 1112/1112/1112 1119/1119/1119 
f 1119/1119/1119 1112/1112/1112 1112/1112/1112 
f 1112/1112/1112 1096/1096/1096 1112/1112/1112 
f 1112/1112/1112 1096/1096/1096 1096/1096/1096 
f 1096/1096/1096 1118/1118/1118 1096/1096/1096 
f 1096/1096/1096 1118/1118/1118 1120/1120/1120 
f 1118/1118/1118 1121/1121/1121 1120/1120/1120 
f 1120/1120/1120 1121/1121/1121 1122/1122/1122 
f 1121/1121/1121 1121/1121/1121 1122/1122/1122 
f 1122/1122/1122 1121/1121/1121 1123/1123/1123 
f 1121/1121/1121 1124/1124/1124 1123/1123/1123 
f 1123/1123/1123 1124/1124/1124 1125/1125/1125 
f 1124/1124/1124 1125/1125/1125 1125/1125/1125 
f 1125/1125/1125 1125/1125/1125 1118/1118/1118 
f 1125/1125/1125 1118/1118/1118 1118/1118/1118 
f 1118/1118/1118 1118/1118/1118 1121/1121/1121 
f 1118/1118/1118 1119/1119/1119 1121/1121/1121 
f 1121/1121/1121 1119/1119/1119 1124/1124/1124 
f 1119/1119/1119 1119/1119/1119 1124/1124/1124 
f 1124/1124/1124 1119/1119/1119 1126/1126/1126 
f 1119/1119/1119 1112/1112/1112 1126/1126/1126 
f 1126/1126/1126 1112/1112/1112 1127/1127/1127 
f 1112/1112/1112 1111/1111/1111 1127/1127/1127 
f 1127/1127/1127 1111/1111/1111 1128/1128/1128 
f 1111/1111/1111 1111/1111/1111 1128/1128/1128 
f 1128/1128/1128 1111/1111/1111 1129/1129/1129 
f 1111/1111/1111 1109/1109/1109 1129/1129/1129 
f 1129/1129/1129 1109/1109/1109 1130/1130/1130 
f 1109/1109/1109 1117/1117/1117 1130/1130/1130 
f 1130/1130/1130 1117/1117/1117 1130/1130/1130 
f 1117/1117/1117 1131/1131/1131 1130/1130/1130 
f 1130/1130/1130 1131/1131/1131 1132/1132/1132 
f 1131/1131/1131 1133/1133/1133 1132/1132/1132 
f 1132/1132/1132 1133/1133/1133 1134/1134/1134 
f 1133/1133/1133 1133/1133/1133 1134/1134/1134 
f 1134/1134/1134 1133/1133/1133 1135/1135/1135 
f 1133/1133/1133 1133/1133/1133 1135/1135/1135 
f 1135/1135/1135 1133/1133/1133 1136/1136/1136 
f 1133/1133/1133 1137/1137/1137 1136/1136/1136 
f 1136/1136/1136 1137/1137/1137 1136/1136/1136 
f 1137/1137/1137 1138/1138/1138 1136/1136/1136 
f 1136/1136/1136 1138/1138/1138 1136/1136/1136 
f 1138/1138/1138 1139/1139/1139 1136/1136/1136 
f 1136/1136/1136 1139/1139/1139 1140/1140/1140 
f 1139/1139/1139 1141/1141/1141 1140/1140/1140 
f 1140/1140/1140 1141/1141/1141 1141/1141/1141 
f 1141/1141/1141 1120/1120/1120 1141/1141/1141 
f 1141/1141/1141 1120/1120/1120 1120/1120/1120 
f 1120/1120/1120 1122/1122/1122 1120/1120/1120 
f 1120/1120/1120 1122/1122/1122 1142/1142/1142 
f 1122/1122/1122 1142/1142/1142 1142/1142/1142 
f 1142/1142/1142 1142/1142/1142 1136/1136/1136 
f 1142/1142/1142 1136/1136/1136 1136/1136/1136 
f 1136/1136/1136 1136/1136/1136 1135/1135/1135 
f 1136/1136/1136 1140/1140/1140 1135/1135/1135 
f 1135/1135/1135 1140/1140/1140 1143/1143/1143 
f 1140/1140/1140 1140/1140/1140 1143/1143/1143 
f 1143/1143/1143 1140/1140/1140 1144/1144/1144 
f 1140/1140/1140 1141/1141/1141 1144/1144/1144 
f 1144/1144/1144 1141/1141/1141 1145/1145/1145 
f 1141/1141/1141 1141/1141/1141 1145/1145/1145 
f 1145/1145/1145 1141/1141/1141 1146/1146/1146 
f 1141/1141/1141 1139/1139/1139 1146/1146/1146 
f 1146/1146/1146 1139/1139/1139 1147/1147/1147 
f 1139/1139/1139 1138/1138/1138 1147/1147/1147 
f 1147/1147/1147 1138/1138/1138 1138/1138/1138 
f 1138/1138/1138 1146/1146/1146 1138/1138/1138 
f 1138/1138/1138 1146/1146/1146 1146/1146/1146 
f 1146/1146/1146 1147/1147/1147 1146/1146/1146 
f 1146/1146/1146 1147/1147/1147 1148/1148/1148 
f 1147/1147/1147 1147/1147/1147 1148/1148/1148 
f 1148/1148/1148 1147/1147/1147 1149/1149/1149 
f 1147/1147/1147 1147/1147/1147 1149/1149/1149 
f 1149/1149/1149 1147/1147/1147 1150/1150/1150 
f 1147/1147/1147 1147/1147/1147 1150/1150/1150 
f 1150/1150/1150 1147/1147/1147 1151/1151/1151 
f 1147/1147/1147 1147/1147/1147 1151/1151/1151 
f 1151/1151/1151 1147/1147/1147 1152/1152/1152 
f 1147/1147/1147 1138/1138/1138 1152/1152/1152 
f 1152/1152/1152 1138/1138/1138 1138/1138/1138 
f 1138/1138/1138 1145/1145/1145 1138/1138/1138 
f 1138/1138/1138 1145/1145/1145 1145/1145/1145 
f 1145/1145/1145 1153/1153/1153 1145/1145/1145 
f 1145/1145/1145 1153/1153/1153 1144/1144/1144 
f 1153/1153/1153 1154/1154/1154 1144/1144/1144 
f 1144/1144/1144 1154/1154/1154 1143/1143/1143 
f 1154/1154/1154 1143/1143/1143 1143/1143/1143 
f 1143/1143/1143 1143/1143/1143 1132/1132/1132 
f 1143/1143/1143 1132/1132/1132 1132/1132/1132 
f 1132/1132/1132 1132/1132/1132 1130/1130/1130 
f 1132/1132/1132 1155/1155/1155 1130/1130/1130 
f 1130/1130/1130 1155/1155/1155 1129/1129/1129 
f 1155/1155/1155 1129/1129/1129 1129/1129/1129 
f 1129/1129/1129 1129/1129/1129 1155/1155/1155 
f 1129/1129/1129 1155/1155/1155 1155/1155/1155 
f 1155/1155/1155 1155/1155/1155 1156/1156/1156 
f 1155/1155/1155 1132/1132/1132 1156/1156/1156 
f 1156/1156/1156 1132/1132/1132 1134/1134/1134 
f 1132/1132/1132 1134/1134/1134 1134/1134/1134 
f 1134/1134/1134 1134/1134/1134 1154/1154/1154 
f 1134/1134/1134 1154/1154/1154 1154/1154/1154 
f 1154/1154/1154 1154/1154/1154 1157/1157/1157 
f 1154/1154/1154 1153/1153/1153 1157/1157/1157 
f 1157/1157/1157 1153/1153/1153 1157/1157/1157 
f 1153/1153/1153 1158/1158/1158 1157/1157/1157 
f 1157/1157/1157 1158/1158/1158 1159/1159/1159 
f 1158/1158/1158 1160/1160/1160 1159/1159/1159 
f 1159/1159/1159 1160/1160/1160 1159/1159/1159 
f 1160/1160/1160 1161/1161/1161 1159/1159/1159 
f 1159/1159/1159 1161/1161/1161 1162/1162/1162 
f 1161/1161/1161 1163/1163/1163 1162/1162/1162 
f 1162/1162/1162 1163/1163/1163 1164/1164/1164 
f 1163/1163/1163 1165/1165/1165 1164/1164/1164 
f 1164/1164/1164 1165/1165/1165 1164/1164/1164 
f 1165/1165/1165 1166/1166/1166 1164/1164/1164 
f 1164/1164/1164 1166/1166/1166 1167/1167/1167 
f 1166/1166/1166 1168/1168/1168 1167/1167/1167 
f 1167/1167/1167 1168/1168/1168 1168/1168/1168 
f 1168/1168/1168 1167/1167/1167 1168/1168/1168 
f 1168/1168/1168 1167/1167/1167 1167/1167/1167 
f 1167/1167/1167 1169/1169/1169 1167/1167/1167 
f 1167/1167/1167 1169/1169/1169 1164/1164/1164 
f 1169/1169/1169 1169/1169/1169 1164/1164/1164 
f 1164/1164/1164 1169/1169/1169 1162/1162/1162 
f 1169/1169/1169 1170/1170/1170 1162/1162/1162 
f 1162/1162/1162 1170/1170/1170 1159/1159/1159 
f 1170/1170/1170 1170/1170/1170 1159/1159/1159 
f 1159/1159/1159 1170/1170/1170 1157/1157/1157 
f 1170/1170/1170 1171/1171/1171 1157/1157/1157 
f 1157/1157/1157 1171/1171/1171 1154/1154/1154 
f 1171/1171/1171 1154/1154/1154 1154/1154/1154 
f 1154/1154/1154 1154/1154/1154 1171/1171/1171 
f 1154/1154/1154 1171/1171/1171 1171/1171/1171 
f 1171/1171/1171 1171/1171/1171 1172/1172/1172 
f 1171/1171/1171 1170/1170/1170 1172/1172/1172 
f 1172/1172/1172 1170/1170/1170 1172/1172/1172 
f 1170/1170/1170 1169/1169/1169 1172/1172/1172 
f 1172/1172/1172 1169/1169/1169 1173/1173/1173 
f 1169/1169/1169 1167/1167/1167 1173/1173/1173 
f 1173/1173/1173 1167/1167/1167 1174/1174/1174 
f 1167/1167/1167 1175/1175/1175 1174/1174/1174 
f 1174/1174/1174 1175/1175/1175 1174/1174/1174 
f 1175/1175/1175 1176/1176/1176 1174/1174/1174 
f 1174/1174/1174 1176/1176/1176 1173/1173/1173 
f 1176/1176/1176 1177/1177/1177 1173/1173/1173 
f 1173/1173/1173 1177/1177/1177 1172/1172/1172 
f 1177/1177/1177 1178/1178/1178 1172/1172/1172 
f 1172/1172/1172 1178/1178/1178 1171/1171/1171 
f 1178/1178/1178 1179/1179/1179 1171/1171/1171 
f 1171/1171/1171 1179/1179/1179 1154/1154/1154 
f 1179/1179/1179 1180/1180/1180 1154/1154/1154 
f 1154/1154/1154 1180/1180/1180 1143/1143/1143 
f 1180/1180/1180 1181/1181/1181 1143/1143/1143 
f 1143/1143/1143 1181/1181/1181 1135/1135/1135 
f 1181/1181/1181 1181/1181/1181 1135/1135/1135 
f 1135/1135/1135 1181/1181/1181 1134/1134/1134 
f 1181/1181/1181 1182/1182/1182 1134/1134/1134 
f 1134/1134/1134 1182/1182/1182 1156/1156/1156 
f 1182/1182/1182 1156/1156/1156 1156/1156/1156 
f 1156/1156/1156 1156/1156/1156 1182/1182/1182 
f 1156/1156/1156 1182/1182/1182 1182/1182/1182 
f 1182/1182/1182 1182/1182/1182 1183/1183/1183 
f 1182/1182/1182 1181/1181/1181 1183/1183/1183 
f 1183/1183/1183 1181/1181/1181 1183/1183/1183 
f 1181/1181/1181 1180/1180/1180 1183/1183/1183 
f 1183/1183/1183 1180/1180/1180 1183/1183/1183 
f 1180/1180/1180 1179/1179/1179 1183/1183/1183 
f 1183/1183/1183 1179/1179/1179 1184/1184/1184 
f 1179/1179/1179 1178/1178/1178 1184/1184/1184 
f 1184/1184/1184 1178/1178/1178 1185/1185/1185 
f 1178/1178/1178 1178/1178/1178 1185/1185/1185 
f 1185/1185/1185 1178/1178/1178 1186/1186/1186 
f 1178/1178/1178 1177/1177/1177 1186/1186/1186 
f 1186/1186/1186 1177/1177/1177 1187/1187/1187 
f 1177/1177/1177 1176/1176/1176 1187/1187/1187 
f 1187/1187/1187 1176/1176/1176 1188/1188/1188 
f 1176/1176/1176 1175/1175/1175 1188/1188/1188 
f 1188/1188/1188 1175/1175/1175 1189/1189/1189 
f 1175/1175/1175 1167/1167/1167 1189/1189/1189 
f 1189/1189/1189 1167/1167/1167 1167/1167/1167 
f 1167/1167/1167 1184/1184/1184 1167/1167/1167 
f 1167/1167/1167 1184/1184/1184 1184/1184/1184 
f 1184/1184/1184 1182/1182/1182 1184/1184/1184 
f 1184/1184/1184 1182/1182/1182 1183/1183/1183 
f 1182/1182/1182 1183/1183/1183 1183/1183/1183 
f 1183/1183/1183 1183/1183/1183 1189/1189/1189 
f 1183/1183/1183 1189/1189/1189 1189/1189/1189 
f 1189/1189/1189 1189/1189/1189 1188/1188/1188 
f 1189/1189/1189 1190/1190/1190 1188/1188/1188 
f 1188/1188/1188 1190/1190/1190 1191/1191/1191 
f 1190/1190/1190 1192/1192/1192 1191/1191/1191 
f 1191/1191/1191 1192/1192/1192 1193/1193/1193 
f 1192/1192/1192 1186/1186/1186 1193/1193/1193 
f 1193/1193/1193 1186/1186/1186 1193/1193/1193 
f 1186/1186/1186 1187/1187/1187 1193/1193/1193 
f 1193/1193/1193 1187/1187/1187 1191/1191/1191 
f 1187/1187/1187 1188/1188/1188 1191/1191/1191 
f 1191/1191/1191 1188/1188/1188 1188/1188/1188 
f 1188/1188/1188 1192/1192/1192 1188/1188/1188 
f 1188/1188/1188 1192/1192/1192 1192/1192/1192 
f 1192/1192/1192 1194/1194/1194 1192/1192/1192 
f 1192/1192/1192 1194/1194/1194 1186/1186/1186 
f 1194/1194/1194 1194/1194/1194 1186/1186/1186 
f 1186/1186/1186 1194/1194/1194 1185/1185/1185 
f 1194/1194/1194 1195/1195/1195 1185/1185/1185 
f 1185/1185/1185 1195/1195/1195 1185/1185/1185 
f 1195/1195/1195 1196/1196/1196 1185/1185/1185 
f 1185/1185/1185 1196/1196/1196 1185/1185/1185 
f 1196/1196/1196 1197/1197/1197 1185/1185/1185 
f 1185/1185/1185 1197/1197/1197 1184/1184/1184 
f 1197/1197/1197 1198/1198/1198 1184/1184/1184 
f 1184/1184/1184 1198/1198/1198 1182/1182/1182 
f 1198/1198/1198 1199/1199/1199 1182/1182/1182 
f 1182/1182/1182 1199/1199/1199 1156/1156/1156 
f 1199/1199/1199 1199/1199/1199 1156/1156/1156 
f 1156/1156/1156 1199/1199/1199 1155/1155/1155 
f 1199/1199/1199 1200/1200/1200 1155/1155/1155 
f 1155/1155/1155 1200/1200/1200 1129/1129/1129 
f 1200/1200/1200 1201/1201/1201 1129/1129/1129 
f 1129/1129/1129 1201/1201/1201 1128/1128/1128 
f 1201/1201/1201 1202/1202/1202 1128/1128/1128 
f 1128/1128/1128 1202/1202/1202 1128/1128/1128 
f 1202/1202/1202 1203/1203/1203 1128/1128/1128 
f 1128/1128/1128 1203/1203/1203 1127/1127/1127 
f 1203/1203/1203 1204/1204/1204 1127/1127/1127 
f 1127/1127/1127 1204/1204/1204 1126/1126/1126 
f 1204/1204/1204 1205/1205/1205 1126/1126/1126 
f 1126/1126/1126 1205/1205/1205 1124/1124/1124 
f 1205/1205/1205 1205/1205/1205 1124/1124/1124 
f 1124/1124/1124 1205/1205/1205 1125/1125/1125 
f 1205/1205/1205 1205/1205/1205 1125/1125/1125 
f 1125/1125/1125 1205/1205/1205 1206/1206/1206 
f 1205/1205/1205 1205/1205/1205 1206/1206/1206 
f 1206/1206/1206 1205/1205/1205 1207/1207/1207 
f 1205/1205/1205 1204/1204/1204 1207/1207/1207 
f 1207/1207/1207 1204/1204/1204 1204/1204/1204 
f 1204/1204/1204 1199/1199/1199 1204/1204/1204 
f 1204/1204/1204 1199/1199/1199 1199/1199/1199 
f 1199/1199/1199 1198/1198/1198 1199/1199/1199 
f 1199/1199/1199 1198/1198/1198 1197/1197/1197 
f 1198/1198/1198 1197/1197/1197 1197/1197/1197 
f 1197/1197/1197 1197/1197/1197 1194/1194/1194 
f 1197/1197/1197 1194/1194/1194 1194/1194/1194 
f 1194/1194/1194 1194/1194/1194 1208/1208/1208 
f 1194/1194/1194 1192/1192/1192 1208/1208/1208 
f 1208/1208/1208 1192/1192/1192 1208/1208/1208 
f 1192/1192/1192 1190/1190/1190 1208/1208/1208 
f 1208/1208/1208 1190/1190/1190 1208/1208/1208 
f 1190/1190/1190 1209/1209/1209 1208/1208/1208 
f 1208/1208/1208 1209/1209/1209 1194/1194/1194 
f 1209/1209/1209 1195/1195/1195 1194/1194/1194 
f 1194/1194/1194 1195/1195/1195 1195/1195/1195 
f 1195/1195/1195 1207/1207/1207 1195/1195/1195 
f 1195/1195/1195 1207/1207/1207 1207/1207/1207 
f 1207/1207/1207 1210/1210/1210 1207/1207/1207 
f 1207/1207/1207 1210/1210/1210 1206/1206/1206 
f 1210/1210/1210 1210/1210/1210 1206/1206/1206 
f 1206/1206/1206 1210/1210/1210 1211/1211/1211 
f 1210/1210/1210 1210/1210/1210 1211/1211/1211 
f 1211/1211/1211 1210/1210/1210 1212/1212/1212 
f 1210/1210/1210 1213/1213/1213 1212/1212/1212 
f 1212/1212/1212 1213/1213/1213 1214/1214/1214 
f 1213/1213/1213 1215/1215/1215 1214/1214/1214 
f 1214/1214/1214 1215/1215/1215 1216/1216/1216 
f 1215/1215/1215 1217/1217/1217 1216/1216/1216 
f 1216/1216/1216 1217/1217/1217 1216/1216/1216 
f 1217/1217/1217 1218/1218/1218 1216/1216/1216 
f 1216/1216/1216 1218/1218/1218 1219/1219/1219 
f 1218/1218/1218 1220/1220/1220 1219/1219/1219 
f 1219/1219/1219 1220/1220/1220 1221/1221/1221 
f 1220/1220/1220 1220/1220/1220 1221/1221/1221 
f 1221/1221/1221 1220/1220/1220 1222/1222/1222 
f 1220/1220/1220 1223/1223/1223 1222/1222/1222 
f 1222/1222/1222 1223/1223/1223 1222/1222/1222 
f 1223/1223/1223 1224/1224/1224 1222/1222/1222 
f 1222/1222/1222 1224/1224/1224 1225/1225/1225 
f 1224/1224/1224 1226/1226/1226 1225/1225/1225 
f 1225/1225/1225 1226/1226/1226 1227/1227/1227 
f 1226/1226/1226 1228/1228/1228 1227/1227/1227 
f 1227/1227/1227 1228/1228/1228 1229/1229/1229 
f 1228/1228/1228 1230/1230/1230 1229/1229/1229 
f 1229/1229/1229 1230/1230/1230 1231/1231/1231 
f 1230/1230/1230 1232/1232/1232 1231/1231/1231 
f 1231/1231/1231 1232/1232/1232 1233/1233/1233 
f 1232/1232/1232 1234/1234/1234 1233/1233/1233 
f 1233/1233/1233 1234/1234/1234 1235/1235/1235 
f 1234/1234/1234 1236/1236/1236 1235/1235/1235 
f 1235/1235/1235 1236/1236/1236 1237/1237/1237 
f 1236/1236/1236 1236/1236/1236 1237/1237/1237 
f 1237/1237/1237 1236/1236/1236 1238/1238/1238 
f 1236/1236/1236 1239/1239/1239 1238/1238/1238 
f 1238/1238/1238 1239/1239/1239 1240/1240/1240 
f 1239/1239/1239 1241/1241/1241 1240/1240/1240 
f 1240/1240/1240 1241/1241/1241 1242/1242/1242 
f 1241/1241/1241 1242/1242/1242 1242/1242/1242 
f 1242/1242/1242 1242/1242/1242 1241/1241/1241 
f 1242/1242/1242 1241/1241/1241 1241/1241/1241 
f 1241/1241/1241 1241/1241/1241 1243/1243/1243 
f 1241/1241/1241 1239/1239/1239 1243/1243/1243 
f 1243/1243/1243 1239/1239/1239 1244/1244/1244 
f 1239/1239/1239 1239/1239/1239 1244/1244/1244 
f 1244/1244/1244 1239/1239/1239 1245/1245/1245 
f 1239/1239/1239 1236/1236/1236 1245/1245/1245 
f 1245/1245/1245 1236/1236/1236 1246/1246/1246 
f 1236/1236/1236 1234/1234/1234 1246/1246/1246 
f 1246/1246/1246 1234/1234/1234 1246/1246/1246 
f 1234/1234/1234 1232/1232/1232 1246/1246/1246 
f 1246/1246/1246 1232/1232/1232 1247/1247/1247 
f 1232/1232/1232 1230/1230/1230 1247/1247/1247 
f 1247/1247/1247 1230/1230/1230 1248/1248/1248 
f 1230/1230/1230 1228/1228/1228 1248/1248/1248 
f 1248/1248/1248 1228/1228/1228 1249/1249/1249 
f 1228/1228/1228 1226/1226/1226 1249/1249/1249 
f 1249/1249/1249 1226/1226/1226 1250/1250/1250 
f 1226/1226/1226 1224/1224/1224 1250/1250/1250 
f 1250/1250/1250 1224/1224/1224 1251/1251/1251 
f 1224/1224/1224 1223/1223/1223 1251/1251/1251 
f 1251/1251/1251 1223/1223/1223 1252/1252/1252 
f 1223/1223/1223 1223/1223/1223 1252/1252/1252 
f 1252/1252/1252 1223/1223/1223 1253/1253/1253 
f 1223/1223/1223 1220/1220/1220 1253/1253/1253 
f 1253/1253/1253 1220/1220/1220 1254/1254/1254 
f 1220/1220/1220 1218/1218/1218 1254/1254/1254 
f 1254/1254/1254 1218/1218/1218 1255/1255/1255 
f 1218/1218/1218 1217/1217/1217 1255/1255/1255 
f 1255/1255/1255 1217/1217/1217 1217/1217/1217 
f 1217/1217/1217 1244/1244/1244 1217/1217/1217 
f 1217/1217/1217 1244/1244/1244 1244/1244/1244 
f 1244/1244/1244 1256/1256/1256 1244/1244/1244 
f 1244/1244/1244 1256/1256/1256 1243/1243/1243 
f 1256/1256/1256 1243/1243/1243 1243/1243/1243 
f 1243/1243/1243 1243/1243/1243 1255/1255/1255 
f 1243/1243/1243 1255/1255/1255 1255/1255/1255 
f 1255/1255/1255 1255/1255/1255 1254/1254/1254 
f 1255/1255/1255 1257/1257/1257 1254/1254/1254 
f 1254/1254/1254 1257/1257/1257 1253/1253/1253 
f 1257/1257/1257 1258/1258/1258 1253/1253/1253 
f 1253/1253/1253 1258/1258/1258 1259/1259/1259 
f 1258/1258/1258 1258/1258/1258 1259/1259/1259 
f 1259/1259/1259 1258/1258/1258 1260/1260/1260 
f 1258/1258/1258 1258/1258/1258 1260/1260/1260 
f 1260/1260/1260 1258/1258/1258 1261/1261/1261 
f 1258/1258/1258 1258/1258/1258 1261/1261/1261 
f 1261/1261/1261 1258/1258/1258 1262/1262/1262 
f 1258/1258/1258 1257/1257/1257 1262/1262/1262 
f 1262/1262/1262 1257/1257/1257 1263/1263/1263 
f 1257/1257/1257 1255/1255/1255 1263/1263/1263 
f 1263/1263/1263 1255/1255/1255 1264/1264/1264 
f 1255/1255/1255 1217/1217/1217 1264/1264/1264 
f 1264/1264/1264 1217/1217/1217 1264/1264/1264 
f 1217/1217/1217 1215/1215/1215 1264/1264/1264 
f 1264/1264/1264 1215/1215/1215 1265/1265/1265 
f 1215/1215/1215 1213/1213/1213 1265/1265/1265 
f 1265/1265/1265 1213/1213/1213 1266/1266/1266 
f 1213/1213/1213 1213/1213/1213 1266/1266/1266 
f 1266/1266/1266 1213/1213/1213 1267/1267/1267 
f 1213/1213/1213 1210/1210/1210 1267/1267/1267 
f 1267/1267/1267 1210/1210/1210 1267/1267/1267 
f 1210/1210/1210 1207/1207/1207 1267/1267/1267 
f 1267/1267/1267 1207/1207/1207 1267/1267/1267 
f 1207/1207/1207 1204/1204/1204 1267/1267/1267 
f 1267/1267/1267 1204/1204/1204 1268/1268/1268 
f 1204/1204/1204 1203/1203/1203 1268/1268/1268 
f 1268/1268/1268 1203/1203/1203 1269/1269/1269 
f 1203/1203/1203 1202/1202/1202 1269/1269/1269 
f 1269/1269/1269 1202/1202/1202 1270/1270/1270 
f 1202/1202/1202 1201/1201/1201 1270/1270/1270 
f 1270/1270/1270 1201/1201/1201 1271/1271/1271 
f 1201/1201/1201 1201/1201/1201 1271/1271/1271 
f 1271/1271/1271 1201/1201/1201 1272/1272/1272 
f 1201/1201/1201 1200/1200/1200 1272/1272/1272 
f 1272/1272/1272 1200/1200/1200 1273/1273/1273 
f 1200/1200/1200 1199/1199/1199 1273/1273/1273 
f 1273/1273/1273 1199/1199/1199 1273/1273/1273 
f 1199/1199/1199 1197/1197/1197 1273/1273/1273 
f 1273/1273/1273 1197/1197/1197 1274/1274/1274 
f 1197/1197/1197 1197/1197/1197 1274/1274/1274 
f 1274/1274/1274 1197/1197/1197 1275/1275/1275 
f 1197/1197/1197 1196/1196/1196 1275/1275/1275 
f 1275/1275/1275 1196/1196/1196 1276/1276/1276 
f 1196/1196/1196 1195/1195/1195 1276/1276/1276 
f 1276/1276/1276 1195/1195/1195 1277/1277/1277 
f 1195/1195/1195 1209/1209/1209 1277/1277/1277 
f 1277/1277/1277 1209/1209/1209 1209/1209/1209 
f 1209/1209/1209 1275/1275/1275 1209/1209/1209 
f 1209/1209/1209 1275/1275/1275 1275/1275/1275 
f 1275/1275/1275 1276/1276/1276 1275/1275/1275 
f 1275/1275/1275 1276/1276/1276 1278/1278/1278 
f 1276/1276/1276 1279/1279/1279 1278/1278/1278 
f 1278/1278/1278 1279/1279/1279 1280/1280/1280 
f 1279/1279/1279 1279/1279/1279 1280/1280/1280 
f 1280/1280/1280 1279/1279/1279 1281/1281/1281 
f 1279/1279/1279 1279/1279/1279 1281/1281/1281 
f 1281/1281/1281 1279/1279/1279 1282/1282/1282 
f 1279/1279/1279 1283/1283/1283 1282/1282/1282 
f 1282/1282/1282 1283/1283/1283 1284/1284/1284 
f 1283/1283/1283 1285/1285/1285 1284/1284/1284 
f 1284/1284/1284 1285/1285/1285 1286/1286/1286 
f 1285/1285/1285 1277/1277/1277 1286/1286/1286 
f 1286/1286/1286 1277/1277/1277 1287/1287/1287 
f 1277/1277/1277 1277/1277/1277 1287/1287/1287 
f 1287/1287/1287 1277/1277/1277 1288/1288/1288 
f 1277/1277/1277 1209/1209/1209 1288/1288/1288 
f 1288/1288/1288 1209/1209/1209 1289/1289/1289 
f 1209/1209/1209 1190/1190/1190 1289/1289/1289 
f 1289/1289/1289 1190/1190/1190 1289/1289/1289 
f 1190/1190/1190 1189/1189/1189 1289/1289/1289 
f 1289/1289/1289 1189/1189/1189 1289/1289/1289 
f 1189/1189/1189 1167/1167/1167 1289/1289/1289 
f 1289/1289/1289 1167/1167/1167 1290/1290/1290 
f 1167/1167/1167 1168/1168/1168 1290/1290/1290 
f 1290/1290/1290 1168/1168/1168 1291/1291/1291 
f 1168/1168/1168 1292/1292/1292 1291/1291/1291 
f 1291/1291/1291 1292/1292/1292 1291/1291/1291 
f 1292/1292/1292 1293/1293/1293 1291/1291/1291 
f 1291/1291/1291 1293/1293/1293 1294/1294/1294 
f 1293/1293/1293 1295/1295/1295 1294/1294/1294 
f 1294/1294/1294 1295/1295/1295 1296/1296/1296 
f 1295/1295/1295 1297/1297/1297 1296/1296/1296 
f 1296/1296/1296 1297/1297/1297 1298/1298/1298 
f 1297/1297/1297 1299/1299/1299 1298/1298/1298 
f 1298/1298/1298 1299/1299/1299 1300/1300/1300 
f 1299/1299/1299 1299/1299/1299 1300/1300/1300 
f 1300/1300/1300 1299/1299/1299 1301/1301/1301 
f 1299/1299/1299 1299/1299/1299 1301/1301/1301 
f 1301/1301/1301 1299/1299/1299 1302/1302/1302 
f 1299/1299/1299 1299/1299/1299 1302/1302/1302 
f 1302/1302/1302 1299/1299/1299 1303/1303/1303 
f 1299/1299/1299 1304/1304/1304 1303/1303/1303 
f 1303/1303/1303 1304/1304/1304 1305/1305/1305 
f 1304/1304/1304 1306/1306/1306 1305/1305/1305 
f 1305/1305/1305 1306/1306/1306 1307/1307/1307 
f 1306/1306/1306 1308/1308/1308 1307/1307/1307 
f 1307/1307/1307 1308/1308/1308 1309/1309/1309 
f 1308/1308/1308 1310/1310/1310 1309/1309/1309 
f 1309/1309/1309 1310/1310/1310 1311/1311/1311 
f 1310/1310/1310 1312/1312/1312 1311/1311/1311 
f 1311/1311/1311 1312/1312/1312 1313/1313/1313 
f 1312/1312/1312 1314/1314/1314 1313/1313/1313 
f 1313/1313/1313 1314/1314/1314 1315/1315/1315 
f 1314/1314/1314 1314/1314/1314 1315/1315/1315 
f 1315/1315/1315 1314/1314/1314 1316/1316/1316 
f 1314/1314/1314 1317/1317/1317 1316/1316/1316 
f 1316/1316/1316 1317/1317/1317 1317/1317/1317 
f 1317/1317/1317 1277/1277/1277 1317/1317/1317 
f 1317/1317/1317 1277/1277/1277 1277/1277/1277 
f 1277/1277/1277 1285/1285/1285 1277/1277/1277 
f 1277/1277/1277 1285/1285/1285 1276/1276/1276 
f 1285/1285/1285 1283/1283/1283 1276/1276/1276 
f 1276/1276/1276 1283/1283/1283 1279/1279/1279 
f 1283/1283/1283 1279/1279/1279 1279/1279/1279 
f 1279/1279/1279 1279/1279/1279 1289/1289/1289 
f 1279/1279/1279 1289/1289/1289 1289/1289/1289 
f 1289/1289/1289 1289/1289/1289 1291/1291/1291 
f 1289/1289/1289 1290/1290/1290 1291/1291/1291 
f 1291/1291/1291 1290/1290/1290 1290/1290/1290 
f 1290/1290/1290 1275/1275/1275 1290/1290/1290 
f 1290/1290/1290 1275/1275/1275 1275/1275/1275 
f 1275/1275/1275 1278/1278/1278 1275/1275/1275 
f 1275/1275/1275 1278/1278/1278 1318/1318/1318 
f 1278/1278/1278 1280/1280/1280 1318/1318/1318 
f 1318/1318/1318 1280/1280/1280 1280/1280/1280 
f 1280/1280/1280 1316/1316/1316 1280/1280/1280 
f 1280/1280/1280 1316/1316/1316 1316/1316/1316 
f 1316/1316/1316 1319/1319/1319 1316/1316/1316 
f 1316/1316/1316 1319/1319/1319 1315/1315/1315 
f 1319/1319/1319 1320/1320/1320 1315/1315/1315 
f 1315/1315/1315 1320/1320/1320 1313/1313/1313 
f 1320/1320/1320 1321/1321/1321 1313/1313/1313 
f 1313/1313/1313 1321/1321/1321 1311/1311/1311 
f 1321/1321/1321 1322/1322/1322 1311/1311/1311 
f 1311/1311/1311 1322/1322/1322 1309/1309/1309 
f 1322/1322/1322 1323/1323/1323 1309/1309/1309 
f 1309/1309/1309 1323/1323/1323 1307/1307/1307 
f 1323/1323/1323 1324/1324/1324 1307/1307/1307 
f 1307/1307/1307 1324/1324/1324 1305/1305/1305 
f 1324/1324/1324 1325/1325/1325 1305/1305/1305 
f 1305/1305/1305 1325/1325/1325 1303/1303/1303 
f 1325/1325/1325 1326/1326/1326 1303/1303/1303 
f 1303/1303/1303 1326/1326/1326 1303/1303/1303 
f 1326/1326/1326 1327/1327/1327 1303/1303/1303 
f 1303/1303/1303 1327/1327/1327 1302/1302/1302 
f 1327/1327/1327 1328/1328/1328 1302/1302/1302 
f 1302/1302/1302 1328/1328/1328 1301/1301/1301 
f 1328/1328/1328 1329/1329/1329 1301/1301/1301 
f 1301/1301/1301 1329/1329/1329 1300/1300/1300 
f 1329/1329/1329 1330/1330/1330 1300/1300/1300 
f 1300/1300/1300 1330/1330/1330 1298/1298/1298 
f 1330/1330/1330 1331/1331/1331 1298/1298/1298 
f 1298/1298/1298 1331/1331/1331 1296/1296/1296 
f 1331/1331/1331 1332/1332/1332 1296/1296/1296 
f 1296/1296/1296 1332/1332/1332 1294/1294/1294 
f 1332/1332/1332 1332/1332/1332 1294/1294/1294 
f 1294/1294/1294 1332/1332/1332 1291/1291/1291 
f 1332/1332/1332 1333/1333/1333 1291/1291/1291 
f 1291/1291/1291 1333/1333/1333 1289/1289/1289 
f 1333/1333/1333 1333/1333/1333 1289/1289/1289 
f 1289/1289/1289 1333/1333/1333 1288/1288/1288 
f 1333/1333/1333 1332/1332/1332 1288/1288/1288 
f 1288/1288/1288 1332/1332/1332 1287/1287/1287 
f 1332/1332/1332 1331/1331/1331 1287/1287/1287 
f 1287/1287/1287 1331/1331/1331 1286/1286/1286 
f 1331/1331/1331 1330/1330/1330 1286/1286/1286 
f 1286/1286/1286 1330/1330/1330 1284/1284/1284 
f 1330/1330/1330 1329/1329/1329 1284/1284/1284 
f 1284/1284/1284 1329/1329/1329 1282/1282/1282 
f 1329/1329/1329 1328/1328/1328 1282/1282/1282 
f 1282/1282/1282 1328/1328/1328 1281/1281/1281 
f 1328/1328/1328 1327/1327/1327 1281/1281/1281 
f 1281/1281/1281 1327/1327/1327 1334/1334/1334 
f 1327/1327/1327 1326/1326/1326 1334/1334/1334 
f 1334/1334/1334 1326/1326/1326 1335/1335/1335 
f 1326/1326/1326 1325/1325/1325 1335/1335/1335 
f 1335/1335/1335 1325/1325/1325 1336/1336/1336 
f 1325/1325/1325 1324/1324/1324 1336/1336/1336 
f 1336/1336/1336 1324/1324/1324 1324/1324/1324 
f 1324/1324/1324 1281/1281/1281 1324/1324/1324 
f 1324/1324/1324 1281/1281/1281 1281/1281/1281 
f 1281/1281/1281 1334/1334/1334 1281/1281/1281 
f 1281/1281/1281 1334/1334/1334 1280/1280/1280 
f 1334/1334/1334 1337/1337/1337 1280/1280/1280 
f 1280/1280/1280 1337/1337/1337 1318/1318/1318 
f 1337/1337/1337 1338/1338/1338 1318/1318/1318 
f 1318/1318/1318 1338/1338/1338 1318/1318/1318 
f 1338/1338/1338 1339/1339/1339 1318/1318/1318 
f 1318/1318/1318 1339/1339/1339 1275/1275/1275 
f 1339/1339/1339 1339/1339/1339 1275/1275/1275 
f 1275/1275/1275 1339/1339/1339 1274/1274/1274 
f 1339/1339/1339 1339/1339/1339 1274/1274/1274 
f 1274/1274/1274 1339/1339/1339 1340/1340/1340 
f 1339/1339/1339 1341/1341/1341 1340/1340/1340 
f 1340/1340/1340 1341/1341/1341 1342/1342/1342 
f 1341/1341/1341 1341/1341/1341 1342/1342/1342 
f 1342/1342/1342 1341/1341/1341 1343/1343/1343 
f 1341/1341/1341 1338/1338/1338 1343/1343/1343 
f 1343/1343/1343 1338/1338/1338 1344/1344/1344 
f 1338/1338/1338 1345/1345/1345 1344/1344/1344 
f 1344/1344/1344 1345/1345/1345 1346/1346/1346 
f 1345/1345/1345 1345/1345/1345 1346/1346/1346 
f 1346/1346/1346 1345/1345/1345 1336/1336/1336 
f 1345/1345/1345 1345/1345/1345 1336/1336/1336 
f 1336/1336/1336 1345/1345/1345 1335/1335/1335 
f 1345/1345/1345 1337/1337/1337 1335/1335/1335 
f 1335/1335/1335 1337/1337/1337 1334/1334/1334 
f 1337/1337/1337 1334/1334/1334 1334/1334/1334 
f 1334/1334/1334 1334/1334/1334 1338/1338/1338 
f 1334/1334/1334 1338/1338/1338 1338/1338/1338 
f 1338/1338/1338 1338/1338/1338 1345/1345/1345 
f 1338/1338/1338 1337/1337/1337 1345/1345/1345 
f 1345/1345/1345 1337/1337/1337 1337/1337/1337 
f 1337/1337/1337 1338/1338/1338 1337/1337/1337 
f 1337/1337/1337 1338/1338/1338 1338/1338/1338 
f 1338/1338/1338 1341/1341/1341 1338/1338/1338 
f 1338/1338/1338 1341/1341/1341 1339/1339/1339 
f 1341/1341/1341 1339/1339/1339 1339/1339/1339 
f 1339/1339/1339 1339/1339/1339 1346/1346/1346 
f 1339/1339/1339 1346/1346/1346 1346/1346/1346 
f 1346/1346/1346 1346/1346/1346 1344/1344/1344 
f 1346/1346/1346 1347/1347/1347 1344/1344/1344 
f 1344/1344/1344 1347/1347/1347 1343/1343/1343 
f 1347/1347/1347 1348/1348/1348 1343/1343/1343 
f 1343/1343/1343 1348/1348/1348 1343/1343/1343 
f 1348/1348/1348 1349/1349/1349 1343/1343/1343 
f 1343/1343/1343 1349/1349/1349 1342/1342/1342 
f 1349/1349/1349 1350/1350/1350 1342/1342/1342 
f 1342/1342/1342 1350/1350/1350 1342/1342/1342 
f 1350/1350/1350 1351/1351/1351 1342/1342/1342 
f 1342/1342/1342 1351/1351/1351 1340/1340/1340 
f 1351/1351/1351 1352/1352/1352 1340/1340/1340 
f 1340/1340/1340 1352/1352/1352 1274/1274/1274 
f 1352/1352/1352 1352/1352/1352 1274/1274/1274 
f 1274/1274/1274 1352/1352/1352 1273/1273/1273 
f 1352/1352/1352 1353/1353/1353 1273/1273/1273 
f 1273/1273/1273 1353/1353/1353 1273/1273/1273 
f 1353/1353/1353 1354/1354/1354 1273/1273/1273 
f 1273/1273/1273 1354/1354/1354 1355/1355/1355 
f 1354/1354/1354 1356/1356/1356 1355/1355/1355 
f 1355/1355/1355 1356/1356/1356 1272/1272/1272 
f 1356/1356/1356 1356/1356/1356 1272/1272/1272 
f 1272/1272/1272 1356/1356/1356 1271/1271/1271 
f 1356/1356/1356 1357/1357/1357 1271/1271/1271 
f 1271/1271/1271 1357/1357/1357 1270/1270/1270 
f 1357/1357/1357 1358/1358/1358 1270/1270/1270 
f 1270/1270/1270 1358/1358/1358 1269/1269/1269 
f 1358/1358/1358 1359/1359/1359 1269/1269/1269 
f 1269/1269/1269 1359/1359/1359 1268/1268/1268 
f 1359/1359/1359 1360/1360/1360 1268/1268/1268 
f 1268/1268/1268 1360/1360/1360 1267/1267/1267 
f 1360/1360/1360 1361/1361/1361 1267/1267/1267 
f 1267/1267/1267 1361/1361/1361 1266/1266/1266 
f 1361/1361/1361 1361/1361/1361 1266/1266/1266 
f 1266/1266/1266 1361/1361/1361 1265/1265/1265 
f 1361/1361/1361 1362/1362/1362 1265/1265/1265 
f 1265/1265/1265 1362/1362/1362 1264/1264/1264 
f 1362/1362/1362 1363/1363/1363 1264/1264/1264 
f 1264/1264/1264 1363/1363/1363 1263/1263/1263 
f 1363/1363/1363 1364/1364/1364 1263/1263/1263 
f 1263/1263/1263 1364/1364/1364 1262/1262/1262 
f 1364/1364/1364 1262/1262/1262 1262/1262/1262 
f 1262/1262/1262 1262/1262/1262 1355/1355/1355 
f 1262/1262/1262 1355/1355/1355 1355/1355/1355 
f 1355/1355/1355 1355/1355/1355 1273/1273/1273 
f 1355/1355/1355 1272/1272/1272 1273/1273/1273 
f 1273/1273/1273 1272/1272/1272 1272/1272/1272 
f 1272/1272/1272 1361/1361/1361 1272/1272/1272 
f 1272/1272/1272 1361/1361/1361 1361/1361/1361 
f 1361/1361/1361 1365/1365/1365 1361/1361/1361 
f 1361/1361/1361 1365/1365/1365 1362/1362/1362 
f 1365/1365/1365 1366/1366/1366 1362/1362/1362 
f 1362/1362/1362 1366/1366/1366 1363/1363/1363 
f 1366/1366/1366 1367/1367/1367 1363/1363/1363 
f 1363/1363/1363 1367/1367/1367 1364/1364/1364 
f 1367/1367/1367 1364/1364/1364 1364/1364/1364 
f 1364/1364/1364 1364/1364/1364 1361/1361/1361 
f 1364/1364/1364 1361/1361/1361 1361/1361/1361 
f 1361/1361/1361 1361/1361/1361 1365/1365/1365 
f 1361/1361/1361 1360/1360/1360 1365/1365/1365 
f 1365/1365/1365 1360/1360/1360 1365/1365/1365 
f 1360/1360/1360 1359/1359/1359 1365/1365/1365 
f 1365/1365/1365 1359/1359/1359 1368/1368/1368 
f 1359/1359/1359 1358/1358/1358 1368/1368/1368 
f 1368/1368/1368 1358/1358/1358 1369/1369/1369 
f 1358/1358/1358 1357/1357/1357 1369/1369/1369 
f 1369/1369/1369 1357/1357/1357 1369/1369/1369 
f 1357/1357/1357 1356/1356/1356 1369/1369/1369 
f 1369/1369/1369 1356/1356/1356 1369/1369/1369 
f 1356/1356/1356 1354/1354/1354 1369/1369/1369 
f 1369/1369/1369 1354/1354/1354 1369/1369/1369 
f 1354/1354/1354 1353/1353/1353 1369/1369/1369 
f 1369/1369/1369 1353/1353/1353 1370/1370/1370 
f 1353/1353/1353 1352/1352/1352 1370/1370/1370 
f 1370/1370/1370 1352/1352/1352 1371/1371/1371 
f 1352/1352/1352 1351/1351/1351 1371/1371/1371 
f 1371/1371/1371 1351/1351/1351 1372/1372/1372 
f 1351/1351/1351 1350/1350/1350 1372/1372/1372 
f 1372/1372/1372 1350/1350/1350 1372/1372/1372 
f 1350/1350/1350 1373/1373/1373 1372/1372/1372 
f 1372/1372/1372 1373/1373/1373 1367/1367/1367 
f 1373/1373/1373 1374/1374/1374 1367/1367/1367 
f 1367/1367/1367 1374/1374/1374 1364/1364/1364 
f 1374/1374/1374 1375/1375/1375 1364/1364/1364 
f 1364/1364/1364 1375/1375/1375 1262/1262/1262 
f 1375/1375/1375 1376/1376/1376 1262/1262/1262 
f 1262/1262/1262 1376/1376/1376 1261/1261/1261 
f 1376/1376/1376 1377/1377/1377 1261/1261/1261 
f 1261/1261/1261 1377/1377/1377 1260/1260/1260 
f 1377/1377/1377 1378/1378/1378 1260/1260/1260 
f 1260/1260/1260 1378/1378/1378 1260/1260/1260 
f 1378/1378/1378 1379/1379/1379 1260/1260/1260 
f 1260/1260/1260 1379/1379/1379 1259/1259/1259 
f 1379/1379/1379 1380/1380/1380 1259/1259/1259 
f 1259/1259/1259 1380/1380/1380 1253/1253/1253 
f 1380/1380/1380 1381/1381/1381 1253/1253/1253 
f 1253/1253/1253 1381/1381/1381 1252/1252/1252 
f 1381/1381/1381 1252/1252/1252 1252/1252/1252 
f 1252/1252/1252 1252/1252/1252 1369/1369/1369 
f 1252/1252/1252 1369/1369/1369 1369/1369/1369 
f 1369/1369/1369 1369/1369/1369 1368/1368/1368 
f 1369/1369/1369 1370/1370/1370 1368/1368/1368 
f 1368/1368/1368 1370/1370/1370 1365/1365/1365 
f 1370/1370/1370 1371/1371/1371 1365/1365/1365 
f 1365/1365/1365 1371/1371/1371 1366/1366/1366 
f 1371/1371/1371 1372/1372/1372 1366/1366/1366 
f 1366/1366/1366 1372/1372/1372 1367/1367/1367 
f 1372/1372/1372 1367/1367/1367 1367/1367/1367 
f 1367/1367/1367 1367/1367/1367 1380/1380/1380 
f 1367/1367/1367 1380/1380/1380 1380/1380/1380 
f 1380/1380/1380 1380/1380/1380 1381/1381/1381 
f 1380/1380/1380 1382/1382/1382 1381/1381/1381 
f 1381/1381/1381 1382/1382/1382 1252/1252/1252 
f 1382/1382/1382 1252/1252/1252 1252/1252/1252 
f 1252/1252/1252 1252/1252/1252 1382/1382/1382 
f 1252/1252/1252 1382/1382/1382 1382/1382/1382 
f 1382/1382/1382 1382/1382/1382 1383/1383/1383 
f 1382/1382/1382 1380/1380/1380 1383/1383/1383 
f 1383/1383/1383 1380/1380/1380 1383/1383/1383 
f 1380/1380/1380 1379/1379/1379 1383/1383/1383 
f 1383/1383/1383 1379/1379/1379 1384/1384/1384 
f 1379/1379/1379 1378/1378/1378 1384/1384/1384 
f 1384/1384/1384 1378/1378/1378 1378/1378/1378 
f 1378/1378/1378 1252/1252/1252 1378/1378/1378 
f 1378/1378/1378 1252/1252/1252 1252/1252/1252 
f 1252/1252/1252 1382/1382/1382 1252/1252/1252 
f 1252/1252/1252 1382/1382/1382 1385/1385/1385 
f 1382/1382/1382 1382/1382/1382 1385/1385/1385 
f 1385/1385/1385 1382/1382/1382 1386/1386/1386 
f 1382/1382/1382 1383/1383/1383 1386/1386/1386 
f 1386/1386/1386 1383/1383/1383 1387/1387/1387 
f 1383/1383/1383 1384/1384/1384 1387/1387/1387 
f 1387/1387/1387 1384/1384/1384 1384/1384/1384 
f 1384/1384/1384 1252/1252/1252 1384/1384/1384 
f 1384/1384/1384 1252/1252/1252 1252/1252/1252 
f 1252/1252/1252 1385/1385/1385 1252/1252/1252 
f 1252/1252/1252 1385/1385/1385 1251/1251/1251 
f 1385/1385/1385 1388/1388/1388 1251/1251/1251 
f 1251/1251/1251 1388/1388/1388 1250/1250/1250 
f 1388/1388/1388 1250/1250/1250 1250/1250/1250 
f 1250/1250/1250 1250/1250/1250 1388/1388/1388 
f 1250/1250/1250 1388/1388/1388 1388/1388/1388 
f 1388/1388/1388 1388/1388/1388 1389/1389/1389 
f 1388/1388/1388 1385/1385/1385 1389/1389/1389 
f 1389/1389/1389 1385/1385/1385 1389/1389/1389 
f 1385/1385/1385 1386/1386/1386 1389/1389/1389 
f 1389/1389/1389 1386/1386/1386 1390/1390/1390 
f 1386/1386/1386 1387/1387/1387 1390/1390/1390 
f 1390/1390/1390 1387/1387/1387 1387/1387/1387 
f 1387/1387/1387 1390/1390/1390 1387/1387/1387 
f 1387/1387/1387 1390/1390/1390 1390/1390/1390 
f 1390/1390/1390 1391/1391/1391 1390/1390/1390 
f 1390/1390/1390 1391/1391/1391 1389/1389/1389 
f 1391/1391/1391 1391/1391/1391 1389/1389/1389 
f 1389/1389/1389 1391/1391/1391 1388/1388/1388 
f 1391/1391/1391 1392/1392/1392 1388/1388/1388 
f 1388/1388/1388 1392/1392/1392 1250/1250/1250 
f 1392/1392/1392 1392/1392/1392 1250/1250/1250 
f 1250/1250/1250 1392/1392/1392 1249/1249/1249 
f 1392/1392/1392 1393/1393/1393 1249/1249/1249 
f 1249/1249/1249 1393/1393/1393 1248/1248/1248 
f 1393/1393/1393 1248/1248/1248 1248/1248/1248 
f 1248/1248/1248 1248/1248/1248 1393/1393/1393 
f 1248/1248/1248 1393/1393/1393 1393/1393/1393 
f 1393/1393/1393 1393/1393/1393 1394/1394/1394 
f 1393/1393/1393 1392/1392/1392 1394/1394/1394 
f 1394/1394/1394 1392/1392/1392 1394/1394/1394 
f 1392/1392/1392 1391/1391/1391 1394/1394/1394 
f 1394/1394/1394 1391/1391/1391 1395/1395/1395 
f 1391/1391/1391 1396/1396/1396 1395/1395/1395 
f 1395/1395/1395 1396/1396/1396 1397/1397/1397 
f 1396/1396/1396 1390/1390/1390 1397/1397/1397 
f 1397/1397/1397 1390/1390/1390 1398/1398/1398 
f 1390/1390/1390 1387/1387/1387 1398/1398/1398 
f 1398/1398/1398 1387/1387/1387 1398/1398/1398 
f 1387/1387/1387 1384/1384/1384 1398/1398/1398 
f 1398/1398/1398 1384/1384/1384 1399/1399/1399 
f 1384/1384/1384 1378/1378/1378 1399/1399/1399 
f 1399/1399/1399 1378/1378/1378 1400/1400/1400 
f 1378/1378/1378 1377/1377/1377 1400/1400/1400 
f 1400/1400/1400 1377/1377/1377 1401/1401/1401 
f 1377/1377/1377 1376/1376/1376 1401/1401/1401 
f 1401/1401/1401 1376/1376/1376 1402/1402/1402 
f 1376/1376/1376 1375/1375/1375 1402/1402/1402 
f 1402/1402/1402 1375/1375/1375 1403/1403/1403 
f 1375/1375/1375 1375/1375/1375 1403/1403/1403 
f 1403/1403/1403 1375/1375/1375 1404/1404/1404 
f 1375/1375/1375 1374/1374/1374 1404/1404/1404 
f 1404/1404/1404 1374/1374/1374 1404/1404/1404 
f 1374/1374/1374 1373/1373/1373 1404/1404/1404 
f 1404/1404/1404 1373/1373/1373 1404/1404/1404 
f 1373/1373/1373 1350/1350/1350 1404/1404/1404 
f 1404/1404/1404 1350/1350/1350 1404/1404/1404 
f 1350/1350/1350 1349/1349/1349 1404/1404/1404 
f 1404/1404/1404 1349/1349/1349 1405/1405/1405 
f 1349/1349/1349 1348/1348/1348 1405/1405/1405 
f 1405/1405/1405 1348/1348/1348 1405/1405/1405 
f 1348/1348/1348 1406/1406/1406 1405/1405/1405 
f 1405/1405/1405 1406/1406/1406 1407/1407/1407 
f 1406/1406/1406 1408/1408/1408 1407/1407/1407 
f 1407/1407/1407 1408/1408/1408 1403/1403/1403 
f 1408/1408/1408 1409/1409/1409 1403/1403/1403 
f 1403/1403/1403 1409/1409/1409 1402/1402/1402 
f 1409/1409/1409 1402/1402/1402 1402/1402/1402 
f 1402/1402/1402 1402/1402/1402 1391/1391/1391 
f 1402/1402/1402 1391/1391/1391 1391/1391/1391 
f 1391/1391/1391 1391/1391/1391 1396/1396/1396 
f 1391/1391/1391 1390/1390/1390 1396/1396/1396 
f 1396/1396/1396 1390/1390/1390 1390/1390/1390 
f 1390/1390/1390 1397/1397/1397 1390/1390/1390 
f 1390/1390/1390 1397/1397/1397 1397/1397/1397 
f 1397/1397/1397 1398/1398/1398 1397/1397/1397 
f 1397/1397/1397 1398/1398/1398 1395/1395/1395 
f 1398/1398/1398 1395/1395/1395 1395/1395/1395 
f 1395/1395/1395 1395/1395/1395 1405/1405/1405 
f 1395/1395/1395 1405/1405/1405 1405/1405/1405 
f 1405/1405/1405 1405/1405/1405 1404/1404/1404 
f 1405/1405/1405 1407/1407/1407 1404/1404/1404 
f 1404/1404/1404 1407/1407/1407 1403/1403/1403 
f 1407/1407/1407 1403/1403/1403 1403/1403/1403 
f 1403/1403/1403 1403/1403/1403 1409/1409/1409 
f 1403/1403/1403 1409/1409/1409 1409/1409/1409 
f 1409/1409/1409 1409/1409/1409 1410/1410/1410 
f 1409/1409/1409 1408/1408/1408 1410/1410/1410 
f 1410/1410/1410 1408/1408/1408 1410/1410/1410 
f 1408/1408/1408 1406/1406/1406 1410/1410/1410 
f 1410/1410/1410 1406/1406/1406 1411/1411/1411 
f 1406/1406/1406 1412/1412/1412 1411/1411/1411 
f 1411/1411/1411 1412/1412/1412 1413/1413/1413 
f 1412/1412/1412 1414/1414/1414 1413/1413/1413 
f 1413/1413/1413 1414/1414/1414 1415/1415/1415 
f 1414/1414/1414 1414/1414/1414 1415/1415/1415 
f 1415/1415/1415 1414/1414/1414 1416/1416/1416 
f 1414/1414/1414 1346/1346/1346 1416/1416/1416 
f 1416/1416/1416 1346/1346/1346 1417/1417/1417 
f 1346/1346/1346 1336/1336/1336 1417/1417/1417 
f 1417/1417/1417 1336/1336/1336 1417/1417/1417 
f 1336/1336/1336 1324/1324/1324 1417/1417/1417 
f 1417/1417/1417 1324/1324/1324 1417/1417/1417 
f 1324/1324/1324 1323/1323/1323 1417/1417/1417 
f 1417/1417/1417 1323/1323/1323 1417/1417/1417 
f 1323/1323/1323 1418/1418/1418 1417/1417/1417 
f 1417/1417/1417 1418/1418/1418 1416/1416/1416 
f 1418/1418/1418 1418/1418/1418 1416/1416/1416 
f 1416/1416/1416 1418/1418/1418 1415/1415/1415 
f 1418/1418/1418 1418/1418/1418 1415/1415/1415 
f 1415/1415/1415 1418/1418/1418 1419/1419/1419 
f 1418/1418/1418 1322/1322/1322 1419/1419/1419 
f 1419/1419/1419 1322/1322/1322 1419/1419/1419 
f 1322/1322/1322 1321/1321/1321 1419/1419/1419 
f 1419/1419/1419 1321/1321/1321 1420/1420/1420 
f 1321/1321/1321 1320/1320/1320 1420/1420/1420 
f 1420/1420/1420 1320/1320/1320 1320/1320/1320 
f 1320/1320/1320 1406/1406/1406 1320/1320/1320 
f 1320/1320/1320 1406/1406/1406 1406/1406/1406 
f 1406/1406/1406 1348/1348/1348 1406/1406/1406 
f 1406/1406/1406 1348/1348/1348 1412/1412/1412 
f 1348/1348/1348 1347/1347/1347 1412/1412/1412 
f 1412/1412/1412 1347/1347/1347 1414/1414/1414 
f 1347/1347/1347 1346/1346/1346 1414/1414/1414 
f 1414/1414/1414 1346/1346/1346 1346/1346/1346 
f 1346/1346/1346 1322/1322/1322 1346/1346/1346 
f 1346/1346/1346 1322/1322/1322 1322/1322/1322 
f 1322/1322/1322 1418/1418/1418 1322/1322/1322 
f 1322/1322/1322 1418/1418/1418 1323/1323/1323 
f 1418/1418/1418 1323/1323/1323 1323/1323/1323 
f 1323/1323/1323 1323/1323/1323 1420/1420/1420 
f 1323/1323/1323 1420/1420/1420 1420/1420/1420 
f 1420/1420/1420 1420/1420/1420 1419/1419/1419 
f 1420/1420/1420 1421/1421/1421 1419/1419/1419 
f 1419/1419/1419 1421/1421/1421 1415/1415/1415 
f 1421/1421/1421 1421/1421/1421 1415/1415/1415 
f 1415/1415/1415 1421/1421/1421 1413/1413/1413 
f 1421/1421/1421 1422/1422/1422 1413/1413/1413 
f 1413/1413/1413 1422/1422/1422 1411/1411/1411 
f 1422/1422/1422 1423/1423/1423 1411/1411/1411 
f 1411/1411/1411 1423/1423/1423 1410/1410/1410 
f 1423/1423/1423 1424/1424/1424 1410/1410/1410 
f 1410/1410/1410 1424/1424/1424 1409/1409/1409 
f 1424/1424/1424 1425/1425/1425 1409/1409/1409 
f 1409/1409/1409 1425/1425/1425 1402/1402/1402 
f 1425/1425/1425 1425/1425/1425 1402/1402/1402 
f 1402/1402/1402 1425/1425/1425 1401/1401/1401 
f 1425/1425/1425 1426/1426/1426 1401/1401/1401 
f 1401/1401/1401 1426/1426/1426 1400/1400/1400 
f 1426/1426/1426 1400/1400/1400 1400/1400/1400 
f 1400/1400/1400 1400/1400/1400 1426/1426/1426 
f 1400/1400/1400 1426/1426/1426 1426/1426/1426 
f 1426/1426/1426 1426/1426/1426 1427/1427/1427 
f 1426/1426/1426 1425/1425/1425 1427/1427/1427 
f 1427/1427/1427 1425/1425/1425 1427/1427/1427 
f 1425/1425/1425 1424/1424/1424 1427/1427/1427 
f 1427/1427/1427 1424/1424/1424 1428/1428/1428 
f 1424/1424/1424 1423/1423/1423 1428/1428/1428 
f 1428/1428/1428 1423/1423/1423 1428/1428/1428 
f 1423/1423/1423 1422/1422/1422 1428/1428/1428 
f 1428/1428/1428 1422/1422/1422 1429/1429/1429 
f 1422/1422/1422 1422/1422/1422 1429/1429/1429 
f 1429/1429/1429 1422/1422/1422 1430/1430/1430 
f 1422/1422/1422 1421/1421/1421 1430/1430/1430 
f 1430/1430/1430 1421/1421/1421 1430/1430/1430 
f 1421/1421/1421 1420/1420/1420 1430/1430/1430 
f 1430/1430/1430 1420/1420/1420 1431/1431/1431 
f 1420/1420/1420 1320/1320/1320 1431/1431/1431 
f 1431/1431/1431 1320/1320/1320 1431/1431/1431 
f 1320/1320/1320 1319/1319/1319 1431/1431/1431 
f 1431/1431/1431 1319/1319/1319 1431/1431/1431 
f 1319/1319/1319 1432/1432/1432 1431/1431/1431 
f 1431/1431/1431 1432/1432/1432 1431/1431/1431 
f 1432/1432/1432 1433/1433/1433 1431/1431/1431 
f 1431/1431/1431 1433/1433/1433 1430/1430/1430 
f 1433/1433/1433 1433/1433/1433 1430/1430/1430 
f 1430/1430/1430 1433/1433/1433 1429/1429/1429 
f 1433/1433/1433 1434/1434/1434 1429/1429/1429 
f 1429/1429/1429 1434/1434/1434 1428/1428/1428 
f 1434/1434/1434 1435/1435/1435 1428/1428/1428 
f 1428/1428/1428 1435/1435/1435 1427/1427/1427 
f 1435/1435/1435 1436/1436/1436 1427/1427/1427 
f 1427/1427/1427 1436/1436/1436 1426/1426/1426 
f 1436/1436/1436 1437/1437/1437 1426/1426/1426 
f 1426/1426/1426 1437/1437/1437 1400/1400/1400 
f 1437/1437/1437 1437/1437/1437 1400/1400/1400 
f 1400/1400/1400 1437/1437/1437 1399/1399/1399 
f 1437/1437/1437 1438/1438/1438 1399/1399/1399 
f 1399/1399/1399 1438/1438/1438 1398/1398/1398 
f 1438/1438/1438 1398/1398/1398 1398/1398/1398 
f 1398/1398/1398 1398/1398/1398 1438/1438/1438 
f 1398/1398/1398 1438/1438/1438 1438/1438/1438 
f 1438/1438/1438 1438/1438/1438 1439/1439/1439 
f 1438/1438/1438 1437/1437/1437 1439/1439/1439 
f 1439/1439/1439 1437/1437/1437 1439/1439/1439 
f 1437/1437/1437 1436/1436/1436 1439/1439/1439 
f 1439/1439/1439 1436/1436/1436 1440/1440/1440 
f 1436/1436/1436 1435/1435/1435 1440/1440/1440 
f 1440/1440/1440 1435/1435/1435 1440/1440/1440 
f 1435/1435/1435 1434/1434/1434 1440/1440/1440 
f 1440/1440/1440 1434/1434/1434 1441/1441/1441 
f 1434/1434/1434 1434/1434/1434 1441/1441/1441 
f 1441/1441/1441 1434/1434/1434 1442/1442/1442 
f 1434/1434/1434 1433/1433/1433 1442/1442/1442 
f 1442/1442/1442 1433/1433/1433 1442/1442/1442 
f 1433/1433/1433 1432/1432/1432 1442/1442/1442 
f 1442/1442/1442 1432/1432/1432 1443/1443/1443 
f 1432/1432/1432 1444/1444/1444 1443/1443/1443 
f 1443/1443/1443 1444/1444/1444 1445/1445/1445 
f 1444/1444/1444 1444/1444/1444 1445/1445/1445 
f 1445/1445/1445 1444/1444/1444 1446/1446/1446 
f 1444/1444/1444 1316/1316/1316 1446/1446/1446 
f 1446/1446/1446 1316/1316/1316 1317/1317/1317 
f 1316/1316/1316 1317/1317/1317 1317/1317/1317 
f 1317/1317/1317 1317/1317/1317 1432/1432/1432 
f 1317/1317/1317 1432/1432/1432 1432/1432/1432 
f 1432/1432/1432 1432/1432/1432 1444/1444/1444 
f 1432/1432/1432 1319/1319/1319 1444/1444/1444 
f 1444/1444/1444 1319/1319/1319 1316/1316/1316 
f 1319/1319/1319 1316/1316/1316 1316/1316/1316 
f 1316/1316/1316 1316/1316/1316 1442/1442/1442 
f 1316/1316/1316 1442/1442/1442 1442/1442/1442 
f 1442/1442/1442 1442/1442/1442 1447/1447/1447 
f 1442/1442/1442 1443/1443/1443 1447/1447/1447 
f 1447/1447/1447 1443/1443/1443 1448/1448/1448 
f 1443/1443/1443 1445/1445/1445 1448/1448/1448 
f 1448/1448/1448 1445/1445/1445 1445/1445/1445 
f 1445/1445/1445 1442/1442/1442 1445/1445/1445 
f 1445/1445/1445 1442/1442/1442 1442/1442/1442 
f 1442/1442/1442 1447/1447/1447 1442/1442/1442 
f 1442/1442/1442 1447/1447/1447 1441/1441/1441 
f 1447/1447/1447 1449/1449/1449 1441/1441/1441 
f 1441/1441/1441 1449/1449/1449 1440/1440/1440 
f 1449/1449/1449 1450/1450/1450 1440/1440/1440 
f 1440/1440/1440 1450/1450/1450 1439/1439/1439 
f 1450/1450/1450 1451/1451/1451 1439/1439/1439 
f 1439/1439/1439 1451/1451/1451 1438/1438/1438 
f 1451/1451/1451 1452/1452/1452 1438/1438/1438 
f 1438/1438/1438 1452/1452/1452 1398/1398/1398 
f 1452/1452/1452 1453/1453/1453 1398/1398/1398 
f 1398/1398/1398 1453/1453/1453 1395/1395/1395 
f 1453/1453/1453 1454/1454/1454 1395/1395/1395 
f 1395/1395/1395 1454/1454/1454 1394/1394/1394 
f 1454/1454/1454 1455/1455/1455 1394/1394/1394 
f 1394/1394/1394 1455/1455/1455 1393/1393/1393 
f 1455/1455/1455 1456/1456/1456 1393/1393/1393 
f 1393/1393/1393 1456/1456/1456 1248/1248/1248 
f 1456/1456/1456 1456/1456/1456 1248/1248/1248 
f 1248/1248/1248 1456/1456/1456 1247/1247/1247 
f 1456/1456/1456 1457/1457/1457 1247/1247/1247 
f 1247/1247/1247 1457/1457/1457 1246/1246/1246 
f 1457/1457/1457 1458/1458/1458 1246/1246/1246 
f 1246/1246/1246 1458/1458/1458 1245/1245/1245 
f 1458/1458/1458 1245/1245/1245 1245/1245/1245 
f 1245/1245/1245 1245/1245/1245 1458/1458/1458 
f 1245/1245/1245 1458/1458/1458 1458/1458/1458 
f 1458/1458/1458 1458/1458/1458 1459/1459/1459 
f 1458/1458/1458 1457/1457/1457 1459/1459/1459 
f 1459/1459/1459 1457/1457/1457 1459/1459/1459 
f 1457/1457/1457 1456/1456/1456 1459/1459/1459 
f 1459/1459/1459 1456/1456/1456 1459/1459/1459 
f 1456/1456/1456 1455/1455/1455 1459/1459/1459 
f 1459/1459/1459 1455/1455/1455 1460/1460/1460 
f 1455/1455/1455 1454/1454/1454 1460/1460/1460 
f 1460/1460/1460 1454/1454/1454 1461/1461/1461 
f 1454/1454/1454 1453/1453/1453 1461/1461/1461 
f 1461/1461/1461 1453/1453/1453 1453/1453/1453 
f 1453/1453/1453 1461/1461/1461 1453/1453/1453 
f 1453/1453/1453 1461/1461/1461 1461/1461/1461 
f 1461/1461/1461 1462/1462/1462 1461/1461/1461 
f 1461/1461/1461 1462/1462/1462 1460/1460/1460 
f 1462/1462/1462 1462/1462/1462 1460/1460/1460 
f 1460/1460/1460 1462/1462/1462 1459/1459/1459 
f 1462/1462/1462 1463/1463/1463 1459/1459/1459 
f 1459/1459/1459 1463/1463/1463 1458/1458/1458 
f 1463/1463/1463 1464/1464/1464 1458/1458/1458 
f 1458/1458/1458 1464/1464/1464 1245/1245/1245 
f 1464/1464/1464 1464/1464/1464 1245/1245/1245 
f 1245/1245/1245 1464/1464/1464 1244/1244/1244 
f 1464/1464/1464 1464/1464/1464 1244/1244/1244 
f 1244/1244/1244 1464/1464/1464 1256/1256/1256 
f 1464/1464/1464 1464/1464/1464 1256/1256/1256 
f 1256/1256/1256 1464/1464/1464 1465/1465/1465 
f 1464/1464/1464 1466/1466/1466 1465/1465/1465 
f 1465/1465/1465 1466/1466/1466 1467/1467/1467 
f 1466/1466/1466 1468/1468/1468 1467/1467/1467 
f 1467/1467/1467 1468/1468/1468 1469/1469/1469 
f 1468/1468/1468 1470/1470/1470 1469/1469/1469 
f 1469/1469/1469 1470/1470/1470 1471/1471/1471 
f 1470/1470/1470 1471/1471/1471 1471/1471/1471 
f 1471/1471/1471 1471/1471/1471 1464/1464/1464 
f 1471/1471/1471 1464/1464/1464 1464/1464/1464 
f 1464/1464/1464 1464/1464/1464 1466/1466/1466 
f 1464/1464/1464 1463/1463/1463 1466/1466/1466 
f 1466/1466/1466 1463/1463/1463 1468/1468/1468 
f 1463/1463/1463 1462/1462/1462 1468/1468/1468 
f 1468/1468/1468 1462/1462/1462 1472/1472/1472 
f 1462/1462/1462 1461/1461/1461 1472/1472/1472 
f 1472/1472/1472 1461/1461/1461 1472/1472/1472 
f 1461/1461/1461 1473/1473/1473 1472/1472/1472 
f 1472/1472/1472 1473/1473/1473 1474/1474/1474 
f 1473/1473/1473 1475/1475/1475 1474/1474/1474 
f 1474/1474/1474 1475/1475/1475 1476/1476/1476 
f 1475/1475/1475 1477/1477/1477 1476/1476/1476 
f 1476/1476/1476 1477/1477/1477 1476/1476/1476 
f 1477/1477/1477 1478/1478/1478 1476/1476/1476 
f 1476/1476/1476 1478/1478/1478 1479/1479/1479 
f 1478/1478/1478 1478/1478/1478 1479/1479/1479 
f 1479/1479/1479 1478/1478/1478 1480/1480/1480 
f 1478/1478/1478 1478/1478/1478 1480/1480/1480 
f 1480/1480/1480 1478/1478/1478 1481/1481/1481 
f 1478/1478/1478 1478/1478/1478 1481/1481/1481 
f 1481/1481/1481 1478/1478/1478 1482/1482/1482 
f 1478/1478/1478 1478/1478/1478 1482/1482/1482 
f 1482/1482/1482 1478/1478/1478 1483/1483/1483 
f 1478/1478/1478 1478/1478/1478 1483/1483/1483 
f 1483/1483/1483 1478/1478/1478 1484/1484/1484 
f 1478/1478/1478 1478/1478/1478 1484/1484/1484 
f 1484/1484/1484 1478/1478/1478 1485/1485/1485 
f 1478/1478/1478 1478/1478/1478 1485/1485/1485 
f 1485/1485/1485 1478/1478/1478 1486/1486/1486 
f 1478/1478/1478 1478/1478/1478 1486/1486/1486 
f 1486/1486/1486 1478/1478/1478 1487/1487/1487 
f 1478/1478/1478 1478/1478/1478 1487/1487/1487 
f 1487/1487/1487 1478/1478/1478 1488/1488/1488 
f 1478/1478/1478 1478/1478/1478 1488/1488/1488 
f 1488/1488/1488 1478/1478/1478 1489/1489/1489 
f 1478/1478/1478 1478/1478/1478 1489/1489/1489 
f 1489/1489/1489 1478/1478/1478 1490/1490/1490 
f 1478/1478/1478 1478/1478/1478 1490/1490/1490 
f 1490/1490/1490 1478/1478/1478 1491/1491/1491 
f 1478/1478/1478 1477/1477/1477 1491/1491/1491 
f 1491/1491/1491 1477/1477/1477 1477/1477/1477 
f 1477/1477/1477 1468/1468/1468 1477/1477/1477 
f 1477/1477/1477 1468/1468/1468 1468/1468/1468 
f 1468/1468/1468 1472/1472/1472 1468/1468/1468 
f 1468/1468/1468 1472/1472/1472 1470/1470/1470 
f 1472/1472/1472 1474/1474/1474 1470/1470/1470 
f 1470/1470/1470 1474/1474/1474 1471/1471/1471 
f 1474/1474/1474 1476/1476/1476 1471/1471/1471 
f 1471/1471/1471 1476/1476/1476 1476/1476/1476 
f 1476/1476/1476 1492/1492/1492 1476/1476/1476 
f 1476/1476/1476 1492/1492/1492 1492/1492/1492 
f 1492/1492/1492 1477/1477/1477 1492/1492/1492 
f 1492/1492/1492 1477/1477/1477 1493/1493/1493 
f 1477/1477/1477 1475/1475/1475 1493/1493/1493 
f 1493/1493/1493 1475/1475/1475 1475/1475/1475 
f 1475/1475/1475 1493/1493/1493 1475/1475/1475 
f 1475/1475/1475 1493/1493/1493 1493/1493/1493 
f 1493/1493/1493 1494/1494/1494 1493/1493/1493 
f 1493/1493/1493 1494/1494/1494 1492/1492/1492 
f 1494/1494/1494 1494/1494/1494 1492/1492/1492 
f 1492/1492/1492 1494/1494/1494 1495/1495/1495 
f 1494/1494/1494 1496/1496/1496 1495/1495/1495 
f 1495/1495/1495 1496/1496/1496 1497/1497/1497 
f 1496/1496/1496 1498/1498/1498 1497/1497/1497 
f 1497/1497/1497 1498/1498/1498 1499/1499/1499 
f 1498/1498/1498 1500/1500/1500 1499/1499/1499 
f 1499/1499/1499 1500/1500/1500 1501/1501/1501 
f 1500/1500/1500 1502/1502/1502 1501/1501/1501 
f 1501/1501/1501 1502/1502/1502 1503/1503/1503 
f 1502/1502/1502 1502/1502/1502 1503/1503/1503 
f 1503/1503/1503 1502/1502/1502 1504/1504/1504 
f 1502/1502/1502 1505/1505/1505 1504/1504/1504 
f 1504/1504/1504 1505/1505/1505 1506/1506/1506 
f 1505/1505/1505 1506/1506/1506 1506/1506/1506 
f 1506/1506/1506 1506/1506/1506 1505/1505/1505 
f 1506/1506/1506 1505/1505/1505 1505/1505/1505 
f 1505/1505/1505 1505/1505/1505 1507/1507/1507 
f 1505/1505/1505 1502/1502/1502 1507/1507/1507 
f 1507/1507/1507 1502/1502/1502 1507/1507/1507 
f 1502/1502/1502 1500/1500/1500 1507/1507/1507 
f 1507/1507/1507 1500/1500/1500 1507/1507/1507 
f 1500/1500/1500 1498/1498/1498 1507/1507/1507 
f 1507/1507/1507 1498/1498/1498 1508/1508/1508 
f 1498/1498/1498 1509/1509/1509 1508/1508/1508 
f 1508/1508/1508 1509/1509/1509 1510/1510/1510 
f 1509/1509/1509 1509/1509/1509 1510/1510/1510 
f 1510/1510/1510 1509/1509/1509 1511/1511/1511 
f 1509/1509/1509 1509/1509/1509 1511/1511/1511 
f 1511/1511/1511 1509/1509/1509 1494/1494/1494 
f 1509/1509/1509 1509/1509/1509 1494/1494/1494 
f 1494/1494/1494 1509/1509/1509 1496/1496/1496 
f 1509/1509/1509 1498/1498/1498 1496/1496/1496 
f 1496/1496/1496 1498/1498/1498 1498/1498/1498 
f 1498/1498/1498 1507/1507/1507 1498/1498/1498 
f 1498/1498/1498 1507/1507/1507 1507/1507/1507 
f 1507/1507/1507 1508/1508/1508 1507/1507/1507 
f 1507/1507/1507 1508/1508/1508 1512/1512/1512 
f 1508/1508/1508 1508/1508/1508 1512/1512/1512 
f 1512/1512/1512 1508/1508/1508 1513/1513/1513 
f 1508/1508/1508 1510/1510/1510 1513/1513/1513 
f 1513/1513/1513 1510/1510/1510 1510/1510/1510 
f 1510/1510/1510 1507/1507/1507 1510/1510/1510 
f 1510/1510/1510 1507/1507/1507 1507/1507/1507 
f 1507/1507/1507 1512/1512/1512 1507/1507/1507 
f 1507/1507/1507 1512/1512/1512 1505/1505/1505 
f 1512/1512/1512 1514/1514/1514 1505/1505/1505 
f 1505/1505/1505 1514/1514/1514 1506/1506/1506 
f 1514/1514/1514 1515/1515/1515 1506/1506/1506 
f 1506/1506/1506 1515/1515/1515 1516/1516/1516 
f 1515/1515/1515 1515/1515/1515 1516/1516/1516 
f 1516/1516/1516 1515/1515/1515 1317/1317/1317 
f 1515/1515/1515 1515/1515/1515 1317/1317/1317 
f 1317/1317/1317 1515/1515/1515 1446/1446/1446 
f 1515/1515/1515 1514/1514/1514 1446/1446/1446 
f 1446/1446/1446 1514/1514/1514 1446/1446/1446 
f 1514/1514/1514 1512/1512/1512 1446/1446/1446 
f 1446/1446/1446 1512/1512/1512 1445/1445/1445 
f 1512/1512/1512 1512/1512/1512 1445/1445/1445 
f 1445/1445/1445 1512/1512/1512 1448/1448/1448 
f 1512/1512/1512 1513/1513/1513 1448/1448/1448 
f 1448/1448/1448 1513/1513/1513 1448/1448/1448 
f 1513/1513/1513 1517/1517/1517 1448/1448/1448 
f 1448/1448/1448 1517/1517/1517 1447/1447/1447 
f 1517/1517/1517 1517/1517/1517 1447/1447/1447 
f 1447/1447/1447 1517/1517/1517 1449/1449/1449 
f 1517/1517/1517 1518/1518/1518 1449/1449/1449 
f 1449/1449/1449 1518/1518/1518 1450/1450/1450 
f 1518/1518/1518 1519/1519/1519 1450/1450/1450 
f 1450/1450/1450 1519/1519/1519 1451/1451/1451 
f 1519/1519/1519 1520/1520/1520 1451/1451/1451 
f 1451/1451/1451 1520/1520/1520 1452/1452/1452 
f 1520/1520/1520 1521/1521/1521 1452/1452/1452 
f 1452/1452/1452 1521/1521/1521 1453/1453/1453 
f 1521/1521/1521 1521/1521/1521 1453/1453/1453 
f 1453/1453/1453 1521/1521/1521 1461/1461/1461 
f 1521/1521/1521 1521/1521/1521 1461/1461/1461 
f 1461/1461/1461 1521/1521/1521 1473/1473/1473 
f 1521/1521/1521 1522/1522/1522 1473/1473/1473 
f 1473/1473/1473 1522/1522/1522 1475/1475/1475 
f 1522/1522/1522 1523/1523/1523 1475/1475/1475 
f 1475/1475/1475 1523/1523/1523 1493/1493/1493 
f 1523/1523/1523 1523/1523/1523 1493/1493/1493 
f 1493/1493/1493 1523/1523/1523 1494/1494/1494 
f 1523/1523/1523 1523/1523/1523 1494/1494/1494 
f 1494/1494/1494 1523/1523/1523 1511/1511/1511 
f 1523/1523/1523 1524/1524/1524 1511/1511/1511 
f 1511/1511/1511 1524/1524/1524 1510/1510/1510 
f 1524/1524/1524 1518/1518/1518 1510/1510/1510 
f 1510/1510/1510 1518/1518/1518 1510/1510/1510 
f 1518/1518/1518 1517/1517/1517 1510/1510/1510 
f 1510/1510/1510 1517/1517/1517 1513/1513/1513 
f 1517/1517/1517 1513/1513/1513 1513/1513/1513 
f 1513/1513/1513 1513/1513/1513 1521/1521/1521 
f 1513/1513/1513 1521/1521/1521 1521/1521/1521 
f 1521/1521/1521 1521/1521/1521 1522/1522/1522 
f 1521/1521/1521 1520/1520/1520 1522/1522/1522 
f 1522/1522/1522 1520/1520/1520 1522/1522/1522 
f 1520/1520/1520 1519/1519/1519 1522/1522/1522 
f 1522/1522/1522 1519/1519/1519 1523/1523/1523 
f 1519/1519/1519 1519/1519/1519 1523/1523/1523 
f 1523/1523/1523 1519/1519/1519 1524/1524/1524 
f 1519/1519/1519 1518/1518/1518 1524/1524/1524 
f 1524/1524/1524 1518/1518/1518 1518/1518/1518 
f 1518/1518/1518 525/525/525 1518/1518/1518 
f 1518/1518/1518 525/525/525 525/525/525 
f 525/525/525 1525/1525/1525 525/525/525 
f 525/525/525 1525/1525/1525 523/523/523 
f 1525/1525/1525 1526/1526/1526 523/523/523 
f 523/523/523 1526/1526/1526 524/524/524 
f 1526/1526/1526 1527/1527/1527 524/524/524 
f 524/524/524 1527/1527/1527 1528/1528/1528 
f 1527/1527/1527 1528/1528/1528 1528/1528/1528 
f 1528/1528/1528 1528/1528/1528 525/525/525 
f 1528/1528/1528 525/525/525 525/525/525 
f 525/525/525 525/525/525 1525/1525/1525 
f 525/525/525 738/738/738 1525/1525/1525 
f 1525/1525/1525 738/738/738 1525/1525/1525 
f 738/738/738 739/739/739 1525/1525/1525 
f 1525/1525/1525 739/739/739 1525/1525/1525 
f 739/739/739 1529/1529/1529 1525/1525/1525 
f 1525/1525/1525 1529/1529/1529 1526/1526/1526 
f 1529/1529/1529 1529/1529/1529 1526/1526/1526 
f 1526/1526/1526 1529/1529/1529 1527/1527/1527 
f 1529/1529/1529 1530/1530/1530 1527/1527/1527 
f 1527/1527/1527 1530/1530/1530 1531/1531/1531 
f 1530/1530/1530 1532/1532/1532 1531/1531/1531 
f 1531/1531/1531 1532/1532/1532 1533/1533/1533 
f 1532/1532/1532 1532/1532/1532 1533/1533/1533 
f 1533/1533/1533 1532/1532/1532 1534/1534/1534 
f 1532/1532/1532 748/748/748 1534/1534/1534 
f 1534/1534/1534 748/748/748 747/747/747 
f 748/748/748 747/747/747 747/747/747 
f 747/747/747 747/747/747 1527/1527/1527 
f 747/747/747 1527/1527/1527 1527/1527/1527 
f 1527/1527/1527 1527/1527/1527 1528/1528/1528 
f 1527/1527/1527 1531/1531/1531 1528/1528/1528 
f 1528/1528/1528 1531/1531/1531 1528/1528/1528 
f 1531/1531/1531 1533/1533/1533 1528/1528/1528 
f 1528/1528/1528 1533/1533/1533 1535/1535/1535 
f 1533/1533/1533 1535/1535/1535 1535/1535/1535 
f 1535/1535/1535 1535/1535/1535 748/748/748 
f 1535/1535/1535 748/748/748 748/748/748 
f 748/748/748 748/748/748 741/741/741 
f 748/748/748 1532/1532/1532 741/741/741 
f 741/741/741 1532/1532/1532 741/741/741 
f 1532/1532/1532 1530/1530/1530 741/741/741 
f 741/741/741 1530/1530/1530 740/740/740 
f 1530/1530/1530 1529/1529/1529 740/740/740 
f 740/740/740 1529/1529/1529 739/739/739 
f 1529/1529/1529 739/739/739 739/739/739 
f 739/739/739 739/739/739 1536/1536/1536 
f 739/739/739 1536/1536/1536 1536/1536/1536 
f 1536/1536/1536 1536/1536/1536 1537/1537/1537 
f 1536/1536/1536 165/165/165 1537/1537/1537 
f 1537/1537/1537 165/165/165 467/467/467 
f 165/165/165 467/467/467 467/467/467 
f 467/467/467 467/467/467 165/165/165 
f 467/467/467 165/165/165 165/165/165 
f 165/165/165 165/165/165 166/166/166 
f 165/165/165 1536/1536/1536 166/166/166 
f 166/166/166 1536/1536/1536 166/166/166 
f 1536/1536/1536 1538/1538/1538 166/166/166 
f 166/166/166 1538/1538/1538 167/167/167 
f 1538/1538/1538 1539/1539/1539 167/167/167 
f 167/167/167 1539/1539/1539 167/167/167 
f 1539/1539/1539 1540/1540/1540 167/167/167 
f 167/167/167 1540/1540/1540 167/167/167 
f 1540/1540/1540 1541/1541/1541 167/167/167 
f 167/167/167 1541/1541/1541 168/168/168 
f 1541/1541/1541 1542/1542/1542 168/168/168 
f 168/168/168 1542/1542/1542 169/169/169 
f 1542/1542/1542 1543/1543/1543 169/169/169 
f 169/169/169 1543/1543/1543 207/207/207 
f 1543/1543/1543 1544/1544/1544 207/207/207 
f 207/207/207 1544/1544/1544 208/208/208 
f 1544/1544/1544 1545/1545/1545 208/208/208 
f 208/208/208 1545/1545/1545 210/210/210 
f 1545/1545/1545 1546/1546/1546 210/210/210 
f 210/210/210 1546/1546/1546 216/216/216 
f 1546/1546/1546 1547/1547/1547 216/216/216 
f 216/216/216 1547/1547/1547 216/216/216 
f 1547/1547/1547 1548/1548/1548 216/216/216 
f 216/216/216 1548/1548/1548 220/220/220 
f 1548/1548/1548 1549/1549/1549 220/220/220 
f 220/220/220 1549/1549/1549 1550/1550/1550 
f 1549/1549/1549 1551/1551/1551 1550/1550/1550 
f 1550/1550/1550 1551/1551/1551 1550/1550/1550 
f 1551/1551/1551 1552/1552/1552 1550/1550/1550 
f 1550/1550/1550 1552/1552/1552 1550/1550/1550 
f 1552/1552/1552 1553/1553/1553 1550/1550/1550 
f 1550/1550/1550 1553/1553/1553 219/219/219 
f 1553/1553/1553 292/292/292 219/219/219 
f 219/219/219 292/292/292 292/292/292 
f 292/292/292 220/220/220 292/292/292 
f 292/292/292 220/220/220 220/220/220 
f 220/220/220 1550/1550/1550 220/220/220 
f 220/220/220 1550/1550/1550 219/219/219 
f 1550/1550/1550 219/219/219 219/219/219 
f 219/219/219 219/219/219 1551/1551/1551 
f 219/219/219 1551/1551/1551 1551/1551/1551 
f 1551/1551/1551 1551/1551/1551 1554/1554/1554 
f 1551/1551/1551 1549/1549/1549 1554/1554/1554 
f 1554/1554/1554 1549/1549/1549 1555/1555/1555 
f 1549/1549/1549 1548/1548/1548 1555/1555/1555 
f 1555/1555/1555 1548/1548/1548 1556/1556/1556 
f 1548/1548/1548 1547/1547/1547 1556/1556/1556 
f 1556/1556/1556 1547/1547/1547 1547/1547/1547 
f 1547/1547/1547 1556/1556/1556 1547/1547/1547 
f 1547/1547/1547 1556/1556/1556 1556/1556/1556 
f 1556/1556/1556 1557/1557/1557 1556/1556/1556 
f 1556/1556/1556 1557/1557/1557 1555/1555/1555 
f 1557/1557/1557 1557/1557/1557 1555/1555/1555 
f 1555/1555/1555 1557/1557/1557 1554/1554/1554 
f 1557/1557/1557 1558/1558/1558 1554/1554/1554 
f 1554/1554/1554 1558/1558/1558 1551/1551/1551 
f 1558/1558/1558 1559/1559/1559 1551/1551/1551 
f 1551/1551/1551 1559/1559/1559 1552/1552/1552 
f 1559/1559/1559 1560/1560/1560 1552/1552/1552 
f 1552/1552/1552 1560/1560/1560 1553/1553/1553 
f 1560/1560/1560 1560/1560/1560 1553/1553/1553 
f 1553/1553/1553 1560/1560/1560 1561/1561/1561 
f 1560/1560/1560 1560/1560/1560 1561/1561/1561 
f 1561/1561/1561 1560/1560/1560 1562/1562/1562 
f 1560/1560/1560 1563/1563/1563 1562/1562/1562 
f 1562/1562/1562 1563/1563/1563 1564/1564/1564 
f 1563/1563/1563 1565/1565/1565 1564/1564/1564 
f 1564/1564/1564 1565/1565/1565 1566/1566/1566 
f 1565/1565/1565 1557/1557/1557 1566/1566/1566 
f 1566/1566/1566 1557/1557/1557 1567/1567/1567 
f 1557/1557/1557 1556/1556/1556 1567/1567/1567 
f 1567/1567/1567 1556/1556/1556 1567/1567/1567 
f 1556/1556/1556 1547/1547/1547 1567/1567/1567 
f 1567/1567/1567 1547/1547/1547 1567/1567/1567 
f 1547/1547/1547 1568/1568/1568 1567/1567/1567 
f 1567/1567/1567 1568/1568/1568 1566/1566/1566 
f 1568/1568/1568 1568/1568/1568 1566/1566/1566 
f 1566/1566/1566 1568/1568/1568 1564/1564/1564 
f 1568/1568/1568 1569/1569/1569 1564/1564/1564 
f 1564/1564/1564 1569/1569/1569 1562/1562/1562 
f 1569/1569/1569 1562/1562/1562 1562/1562/1562 
f 1562/1562/1562 1562/1562/1562 1560/1560/1560 
f 1562/1562/1562 1560/1560/1560 1560/1560/1560 
f 1560/1560/1560 1560/1560/1560 1563/1563/1563 
f 1560/1560/1560 1559/1559/1559 1563/1563/1563 
f 1563/1563/1563 1559/1559/1559 1570/1570/1570 
f 1559/1559/1559 1558/1558/1558 1570/1570/1570 
f 1570/1570/1570 1558/1558/1558 1570/1570/1570 
f 1558/1558/1558 1557/1557/1557 1570/1570/1570 
f 1570/1570/1570 1557/1557/1557 1570/1570/1570 
f 1557/1557/1557 1565/1565/1565 1570/1570/1570 
f 1570/1570/1570 1565/1565/1565 1563/1563/1563 
f 1565/1565/1565 1563/1563/1563 1563/1563/1563 
f 1563/1563/1563 1563/1563/1563 1547/1547/1547 
f 1563/1563/1563 1547/1547/1547 1547/1547/1547 
f 1547/1547/1547 1547/1547/1547 1568/1568/1568 
f 1547/1547/1547 1546/1546/1546 1568/1568/1568 
f 1568/1568/1568 1546/1546/1546 1569/1569/1569 
f 1546/1546/1546 1545/1545/1545 1569/1569/1569 
f 1569/1569/1569 1545/1545/1545 1569/1569/1569 
f 1545/1545/1545 1571/1571/1571 1569/1569/1569 
f 1569/1569/1569 1571/1571/1571 1562/1562/1562 
f 1571/1571/1571 1571/1571/1571 1562/1562/1562 
f 1562/1562/1562 1571/1571/1571 1561/1561/1561 
f 1571/1571/1571 1572/1572/1572 1561/1561/1561 
f 1561/1561/1561 1572/1572/1572 1561/1561/1561 
f 1572/1572/1572 1573/1573/1573 1561/1561/1561 
f 1561/1561/1561 1573/1573/1573 1553/1553/1553 
f 1573/1573/1573 1574/1574/1574 1553/1553/1553 
f 1553/1553/1553 1574/1574/1574 292/292/292 
f 1574/1574/1574 1575/1575/1575 292/292/292 
f 292/292/292 1575/1575/1575 292/292/292 
f 1575/1575/1575 1576/1576/1576 292/292/292 
f 292/292/292 1576/1576/1576 291/291/291 
f 1576/1576/1576 1577/1577/1577 291/291/291 
f 291/291/291 1577/1577/1577 438/438/438 
f 1577/1577/1577 1578/1578/1578 438/438/438 
f 438/438/438 1578/1578/1578 439/439/439 
f 1578/1578/1578 1579/1579/1579 439/439/439 
f 439/439/439 1579/1579/1579 440/440/440 
f 1579/1579/1579 1579/1579/1579 440/440/440 
f 440/440/440 1579/1579/1579 441/441/441 
f 1579/1579/1579 1580/1580/1580 441/441/441 
f 441/441/441 1580/1580/1580 442/442/442 
f 1580/1580/1580 1581/1581/1581 442/442/442 
f 442/442/442 1581/1581/1581 443/443/443 
f 1581/1581/1581 443/443/443 443/443/443 
f 443/443/443 443/443/443 1581/1581/1581 
f 443/443/443 1581/1581/1581 1581/1581/1581 
f 1581/1581/1581 1581/1581/1581 1582/1582/1582 
f 1581/1581/1581 1580/1580/1580 1582/1582/1582 
f 1582/1582/1582 1580/1580/1580 1582/1582/1582 
f 1580/1580/1580 1579/1579/1579 1582/1582/1582 
f 1582/1582/1582 1579/1579/1579 1583/1583/1583 
f 1579/1579/1579 1584/1584/1584 1583/1583/1583 
f 1583/1583/1583 1584/1584/1584 1585/1585/1585 
f 1584/1584/1584 1577/1577/1577 1585/1585/1585 
f 1585/1585/1585 1577/1577/1577 1585/1585/1585 
f 1577/1577/1577 1576/1576/1576 1585/1585/1585 
f 1585/1585/1585 1576/1576/1576 1586/1586/1586 
f 1576/1576/1576 1575/1575/1575 1586/1586/1586 
f 1586/1586/1586 1575/1575/1575 1575/1575/1575 
f 1575/1575/1575 1579/1579/1579 1575/1575/1575 
f 1575/1575/1575 1579/1579/1579 1579/1579/1579 
f 1579/1579/1579 1578/1578/1578 1579/1579/1579 
f 1579/1579/1579 1578/1578/1578 1584/1584/1584 
f 1578/1578/1578 1577/1577/1577 1584/1584/1584 
f 1584/1584/1584 1577/1577/1577 1577/1577/1577 
f 1577/1577/1577 1586/1586/1586 1577/1577/1577 
f 1577/1577/1577 1586/1586/1586 1586/1586/1586 
f 1586/1586/1586 1587/1587/1587 1586/1586/1586 
f 1586/1586/1586 1587/1587/1587 1585/1585/1585 
f 1587/1587/1587 1587/1587/1587 1585/1585/1585 
f 1585/1585/1585 1587/1587/1587 1583/1583/1583 
f 1587/1587/1587 1587/1587/1587 1583/1583/1583 
f 1583/1583/1583 1587/1587/1587 1582/1582/1582 
f 1587/1587/1587 1587/1587/1587 1582/1582/1582 
f 1582/1582/1582 1587/1587/1587 1581/1581/1581 
f 1587/1587/1587 1588/1588/1588 1581/1581/1581 
f 1581/1581/1581 1588/1588/1588 443/443/443 
f 1588/1588/1588 1588/1588/1588 443/443/443 
f 443/443/443 1588/1588/1588 449/449/449 
f 1588/1588/1588 1575/1575/1575 449/449/449 
f 449/449/449 1575/1575/1575 449/449/449 
f 1575/1575/1575 1574/1574/1574 449/449/449 
f 449/449/449 1574/1574/1574 1589/1589/1589 
f 1574/1574/1574 1573/1573/1573 1589/1589/1589 
f 1589/1589/1589 1573/1573/1573 1590/1590/1590 
f 1573/1573/1573 1572/1572/1572 1590/1590/1590 
f 1590/1590/1590 1572/1572/1572 1591/1591/1591 
f 1572/1572/1572 1572/1572/1572 1591/1591/1591 
f 1591/1591/1591 1572/1572/1572 1592/1592/1592 
f 1572/1572/1572 1571/1571/1571 1592/1592/1592 
f 1592/1592/1592 1571/1571/1571 1593/1593/1593 
f 1571/1571/1571 1545/1545/1545 1593/1593/1593 
f 1593/1593/1593 1545/1545/1545 1593/1593/1593 
f 1545/1545/1545 1544/1544/1544 1593/1593/1593 
f 1593/1593/1593 1544/1544/1544 1593/1593/1593 
f 1544/1544/1544 1543/1543/1543 1593/1593/1593 
f 1593/1593/1593 1543/1543/1543 1594/1594/1594 
f 1543/1543/1543 1542/1542/1542 1594/1594/1594 
f 1594/1594/1594 1542/1542/1542 1542/1542/1542 
f 1542/1542/1542 1587/1587/1587 1542/1542/1542 
f 1542/1542/1542 1587/1587/1587 1587/1587/1587 
f 1587/1587/1587 1586/1586/1586 1587/1587/1587 
f 1587/1587/1587 1586/1586/1586 1588/1588/1588 
f 1586/1586/1586 1575/1575/1575 1588/1588/1588 
f 1588/1588/1588 1575/1575/1575 1575/1575/1575 
f 1575/1575/1575 448/448/448 1575/1575/1575 
f 1575/1575/1575 448/448/448 448/448/448 
f 448/448/448 449/449/449 448/448/448 
f 448/448/448 449/449/449 1589/1589/1589 
f 449/449/449 1589/1589/1589 1589/1589/1589 
f 1589/1589/1589 1589/1589/1589 1594/1594/1594 
f 1589/1589/1589 1594/1594/1594 1594/1594/1594 
f 1594/1594/1594 1594/1594/1594 1593/1593/1593 
f 1594/1594/1594 1595/1595/1595 1593/1593/1593 
f 1593/1593/1593 1595/1595/1595 1592/1592/1592 
f 1595/1595/1595 1596/1596/1596 1592/1592/1592 
f 1592/1592/1592 1596/1596/1596 1592/1592/1592 
f 1596/1596/1596 1597/1597/1597 1592/1592/1592 
f 1592/1592/1592 1597/1597/1597 1536/1536/1536 
f 1597/1597/1597 1538/1538/1538 1536/1536/1536 
f 1536/1536/1536 1538/1538/1538 1538/1538/1538 
f 1538/1538/1538 1592/1592/1592 1538/1538/1538 
f 1538/1538/1538 1592/1592/1592 1592/1592/1592 
f 1592/1592/1592 1536/1536/1536 1592/1592/1592 
f 1592/1592/1592 1536/1536/1536 1591/1591/1591 
f 1536/1536/1536 1537/1537/1537 1591/1591/1591 
f 1591/1591/1591 1537/1537/1537 1598/1598/1598 
f 1537/1537/1537 1537/1537/1537 1598/1598/1598 
f 1598/1598/1598 1537/1537/1537 1599/1599/1599 
f 1537/1537/1537 467/467/467 1599/1599/1599 
f 1599/1599/1599 467/467/467 1600/1600/1600 
f 467/467/467 463/463/463 1600/1600/1600 
f 1600/1600/1600 463/463/463 1600/1600/1600 
f 463/463/463 447/447/447 1600/1600/1600 
f 1600/1600/1600 447/447/447 1601/1601/1601 
f 447/447/447 448/448/448 1601/1601/1601 
f 1601/1601/1601 448/448/448 1602/1602/1602 
f 448/448/448 1589/1589/1589 1602/1602/1602 
f 1602/1602/1602 1589/1589/1589 1603/1603/1603 
f 1589/1589/1589 1589/1589/1589 1603/1603/1603 
f 1603/1603/1603 1589/1589/1589 1604/1604/1604 
f 1589/1589/1589 1590/1590/1590 1604/1604/1604 
f 1604/1604/1604 1590/1590/1590 1605/1605/1605 
f 1590/1590/1590 1591/1591/1591 1605/1605/1605 
f 1605/1605/1605 1591/1591/1591 1605/1605/1605 
f 1591/1591/1591 1598/1598/1598 1605/1605/1605 
f 1605/1605/1605 1598/1598/1598 1605/1605/1605 
f 1598/1598/1598 1606/1606/1606 1605/1605/1605 
f 1605/1605/1605 1606/1606/1606 1605/1605/1605 
f 1606/1606/1606 1607/1607/1607 1605/1605/1605 
f 1605/1605/1605 1607/1607/1607 1604/1604/1604 
f 1607/1607/1607 1608/1608/1608 1604/1604/1604 
f 1604/1604/1604 1608/1608/1608 1603/1603/1603 
f 1608/1608/1608 1609/1609/1609 1603/1603/1603 
f 1603/1603/1603 1609/1609/1609 1602/1602/1602 
f 1609/1609/1609 1610/1610/1610 1602/1602/1602 
f 1602/1602/1602 1610/1610/1610 1601/1601/1601 
f 1610/1610/1610 1611/1611/1611 1601/1601/1601 
f 1601/1601/1601 1611/1611/1611 1600/1600/1600 
f 1611/1611/1611 1612/1612/1612 1600/1600/1600 
f 1600/1600/1600 1612/1612/1612 1599/1599/1599 
f 1612/1612/1612 1613/1613/1613 1599/1599/1599 
f 1599/1599/1599 1613/1613/1613 1598/1598/1598 
f 1613/1613/1613 1613/1613/1613 1598/1598/1598 
f 1598/1598/1598 1613/1613/1613 1606/1606/1606 
f 1613/1613/1613 1613/1613/1613 1606/1606/1606 
f 1606/1606/1606 1613/1613/1613 1614/1614/1614 
f 1613/1613/1613 1613/1613/1613 1614/1614/1614 
f 1614/1614/1614 1613/1613/1613 1615/1615/1615 
f 1613/1613/1613 1612/1612/1612 1615/1615/1615 
f 1615/1615/1615 1612/1612/1612 1616/1616/1616 
f 1612/1612/1612 1611/1611/1611 1616/1616/1616 
f 1616/1616/1616 1611/1611/1611 1617/1617/1617 
f 1611/1611/1611 1610/1610/1610 1617/1617/1617 
f 1617/1617/1617 1610/1610/1610 1618/1618/1618 
f 1610/1610/1610 1609/1609/1609 1618/1618/1618 
f 1618/1618/1618 1609/1609/1609 1619/1619/1619 
f 1609/1609/1609 1608/1608/1608 1619/1619/1619 
f 1619/1619/1619 1608/1608/1608 1620/1620/1620 
f 1608/1608/1608 1607/1607/1607 1620/1620/1620 
f 1620/1620/1620 1607/1607/1607 1621/1621/1621 
f 1607/1607/1607 1606/1606/1606 1621/1621/1621 
f 1621/1621/1621 1606/1606/1606 1621/1621/1621 
f 1606/1606/1606 1614/1614/1614 1621/1621/1621 
f 1621/1621/1621 1614/1614/1614 1622/1622/1622 
f 1614/1614/1614 1615/1615/1615 1622/1622/1622 
f 1622/1622/1622 1615/1615/1615 1622/1622/1622 
f 1615/1615/1615 1616/1616/1616 1622/1622/1622 
f 1622/1622/1622 1616/1616/1616 1622/1622/1622 
f 1616/1616/1616 1617/1617/1617 1622/1622/1622 
f 1622/1622/1622 1617/1617/1617 1622/1622/1622 
f 1617/1617/1617 1618/1618/1618 1622/1622/1622 
f 1622/1622/1622 1618/1618/1618 1622/1622/1622 
f 1618/1618/1618 1619/1619/1619 1622/1622/1622 
f 1622/1622/1622 1619/1619/1619 1622/1622/1622 
f 1619/1619/1619 1620/1620/1620 1622/1622/1622 
f 1622/1622/1622 1620/1620/1620 1621/1621/1621 
f 1620/1620/1620 1621/1621/1621 1621/1621/1621 
f 1621/1621/1621 1621/1621/1621 1623/1623/1623 
f 1621/1621/1621 1623/1623/1623 1623/1623/1623 
f 1623/1623/1623 1623/1623/1623 1624/1624/1624 
f 1623/1623/1623 1625/1625/1625 1624/1624/1624 
f 1624/1624/1624 1625/1625/1625 1624/1624/1624 
f 1625/1625/1625 1626/1626/1626 1624/1624/1624 
f 1624/1624/1624 1626/1626/1626 1624/1624/1624 
f 1626/1626/1626 1627/1627/1627 1624/1624/1624 
f 1624/1624/1624 1627/1627/1627 1628/1628/1628 
f 1627/1627/1627 1629/1629/1629 1628/1628/1628 
f 1628/1628/1628 1629/1629/1629 1630/1630/1630 
f 1629/1629/1629 1631/1631/1631 1630/1630/1630 
f 1630/1630/1630 1631/1631/1631 1632/1632/1632 
f 1631/1631/1631 1633/1633/1633 1632/1632/1632 
f 1632/1632/1632 1633/1633/1633 1634/1634/1634 
f 1633/1633/1633 1635/1635/1635 1634/1634/1634 
f 1634/1634/1634 1635/1635/1635 1636/1636/1636 
f 1635/1635/1635 1637/1637/1637 1636/1636/1636 
f 1636/1636/1636 1637/1637/1637 1638/1638/1638 
f 1637/1637/1637 1639/1639/1639 1638/1638/1638 
f 1638/1638/1638 1639/1639/1639 1638/1638/1638 
f 1639/1639/1639 1640/1640/1640 1638/1638/1638 
f 1638/1638/1638 1640/1640/1640 1638/1638/1638 
f 1640/1640/1640 1623/1623/1623 1638/1638/1638 
f 1638/1638/1638 1623/1623/1623 1636/1636/1636 
f 1623/1623/1623 1623/1623/1623 1636/1636/1636 
f 1636/1636/1636 1623/1623/1623 1634/1634/1634 
f 1623/1623/1623 1623/1623/1623 1634/1634/1634 
f 1634/1634/1634 1623/1623/1623 1632/1632/1632 
f 1623/1623/1623 1623/1623/1623 1632/1632/1632 
f 1632/1632/1632 1623/1623/1623 1630/1630/1630 
f 1623/1623/1623 1623/1623/1623 1630/1630/1630 
f 1630/1630/1630 1623/1623/1623 1628/1628/1628 
f 1623/1623/1623 1624/1624/1624 1628/1628/1628 
f 1628/1628/1628 1624/1624/1624 1624/1624/1624 
f 1624/1624/1624 1639/1639/1639 1624/1624/1624 
f 1624/1624/1624 1639/1639/1639 1639/1639/1639 
f 1639/1639/1639 1641/1641/1641 1639/1639/1639 
f 1639/1639/1639 1641/1641/1641 1640/1640/1640 
f 1641/1641/1641 1642/1642/1642 1640/1640/1640 
f 1640/1640/1640 1642/1642/1642 1623/1623/1623 
f 1642/1642/1642 1643/1643/1643 1623/1623/1623 
f 1623/1623/1623 1643/1643/1643 1644/1644/1644 
f 1643/1643/1643 1645/1645/1645 1644/1644/1644 
f 1644/1644/1644 1645/1645/1645 1646/1646/1646 
f 1645/1645/1645 1645/1645/1645 1646/1646/1646 
f 1646/1646/1646 1645/1645/1645 1647/1647/1647 
f 1645/1645/1645 1648/1648/1648 1647/1647/1647 
f 1647/1647/1647 1648/1648/1648 1649/1649/1649 
f 1648/1648/1648 1648/1648/1648 1649/1649/1649 
f 1649/1649/1649 1648/1648/1648 1650/1650/1650 
f 1648/1648/1648 1641/1641/1641 1650/1650/1650 
f 1650/1650/1650 1641/1641/1641 1651/1651/1651 
f 1641/1641/1641 1639/1639/1639 1651/1651/1651 
f 1651/1651/1651 1639/1639/1639 1652/1652/1652 
f 1639/1639/1639 1637/1637/1637 1652/1652/1652 
f 1652/1652/1652 1637/1637/1637 1653/1653/1653 
f 1637/1637/1637 1635/1635/1635 1653/1653/1653 
f 1653/1653/1653 1635/1635/1635 1654/1654/1654 
f 1635/1635/1635 1633/1633/1633 1654/1654/1654 
f 1654/1654/1654 1633/1633/1633 1654/1654/1654 
f 1633/1633/1633 1631/1631/1631 1654/1654/1654 
f 1654/1654/1654 1631/1631/1631 1655/1655/1655 
f 1631/1631/1631 1631/1631/1631 1655/1655/1655 
f 1655/1655/1655 1631/1631/1631 1656/1656/1656 
f 1631/1631/1631 1629/1629/1629 1656/1656/1656 
f 1656/1656/1656 1629/1629/1629 1657/1657/1657 
f 1629/1629/1629 1627/1627/1627 1657/1657/1657 
f 1657/1657/1657 1627/1627/1627 1658/1658/1658 
f 1627/1627/1627 1626/1626/1626 1658/1658/1658 
f 1658/1658/1658 1626/1626/1626 1659/1659/1659 
f 1626/1626/1626 1660/1660/1660 1659/1659/1659 
f 1659/1659/1659 1660/1660/1660 1661/1661/1661 
f 1660/1660/1660 1661/1661/1661 1661/1661/1661 
f 1661/1661/1661 1661/1661/1661 1641/1641/1641 
f 1661/1661/1661 1641/1641/1641 1641/1641/1641 
f 1641/1641/1641 1641/1641/1641 1642/1642/1642 
f 1641/1641/1641 1648/1648/1648 1642/1642/1642 
f 1642/1642/1642 1648/1648/1648 1643/1643/1643 
f 1648/1648/1648 1645/1645/1645 1643/1643/1643 
f 1643/1643/1643 1645/1645/1645 1645/1645/1645 
f 1645/1645/1645 1626/1626/1626 1645/1645/1645 
f 1645/1645/1645 1626/1626/1626 1626/1626/1626 
f 1626/1626/1626 1625/1625/1625 1626/1626/1626 
f 1626/1626/1626 1625/1625/1625 1660/1660/1660 
f 1625/1625/1625 1662/1662/1662 1660/1660/1660 
f 1660/1660/1660 1662/1662/1662 1660/1660/1660 
f 1662/1662/1662 1663/1663/1663 1660/1660/1660 
f 1660/1660/1660 1663/1663/1663 1661/1661/1661 
f 1663/1663/1663 1663/1663/1663 1661/1661/1661 
f 1661/1661/1661 1663/1663/1663 1664/1664/1664 
f 1663/1663/1663 1663/1663/1663 1664/1664/1664 
f 1664/1664/1664 1663/1663/1663 1665/1665/1665 
f 1663/1663/1663 1666/1666/1666 1665/1665/1665 
f 1665/1665/1665 1666/1666/1666 1667/1667/1667 
f 1666/1666/1666 1623/1623/1623 1667/1667/1667 
f 1667/1667/1667 1623/1623/1623 1668/1668/1668 
f 1623/1623/1623 1644/1644/1644 1668/1668/1668 
f 1668/1668/1668 1644/1644/1644 1646/1646/1646 
f 1644/1644/1644 1646/1646/1646 1646/1646/1646 
f 1646/1646/1646 1646/1646/1646 1625/1625/1625 
f 1646/1646/1646 1625/1625/1625 1625/1625/1625 
f 1625/1625/1625 1625/1625/1625 1662/1662/1662 
f 1625/1625/1625 1623/1623/1623 1662/1662/1662 
f 1662/1662/1662 1623/1623/1623 1662/1662/1662 
f 1623/1623/1623 1666/1666/1666 1662/1662/1662 
f 1662/1662/1662 1666/1666/1666 1663/1663/1663 
f 1666/1666/1666 1663/1663/1663 1663/1663/1663 
f 1663/1663/1663 1663/1663/1663 1647/1647/1647 
f 1663/1663/1663 1647/1647/1647 1647/1647/1647 
f 1647/1647/1647 1647/1647/1647 1646/1646/1646 
f 1647/1647/1647 1669/1669/1669 1646/1646/1646 
f 1646/1646/1646 1669/1669/1669 1646/1646/1646 
f 1669/1669/1669 1670/1670/1670 1646/1646/1646 
f 1646/1646/1646 1670/1670/1670 1671/1671/1671 
f 1670/1670/1670 1664/1664/1664 1671/1671/1671 
f 1671/1671/1671 1664/1664/1664 1671/1671/1671 
f 1664/1664/1664 1665/1665/1665 1671/1671/1671 
f 1671/1671/1671 1665/1665/1665 1671/1671/1671 
f 1665/1665/1665 1667/1667/1667 1671/1671/1671 
f 1671/1671/1671 1667/1667/1667 1671/1671/1671 
f 1667/1667/1667 1668/1668/1668 1671/1671/1671 
f 1671/1671/1671 1668/1668/1668 1646/1646/1646 
f 1668/1668/1668 1646/1646/1646 1646/1646/1646 
f 1646/1646/1646 1646/1646/1646 1672/1672/1672 
f 1646/1646/1646 1672/1672/1672 1672/1672/1672 
f 1672/1672/1672 1672/1672/1672 1673/1673/1673 
f 1672/1672/1672 1674/1674/1674 1673/1673/1673 
f 1673/1673/1673 1674/1674/1674 1673/1673/1673 
f 1674/1674/1674 1675/1675/1675 1673/1673/1673 
f 1673/1673/1673 1675/1675/1675 1673/1673/1673 
f 1675/1675/1675 1676/1676/1676 1673/1673/1673 
f 1673/1673/1673 1676/1676/1676 1677/1677/1677 
f 1676/1676/1676 1678/1678/1678 1677/1677/1677 
f 1677/1677/1677 1678/1678/1678 1679/1679/1679 
f 1678/1678/1678 1680/1680/1680 1679/1679/1679 
f 1679/1679/1679 1680/1680/1680 1681/1681/1681 
f 1680/1680/1680 1682/1682/1682 1681/1681/1681 
f 1681/1681/1681 1682/1682/1682 1681/1681/1681 
f 1682/1682/1682 1672/1672/1672 1681/1681/1681 
f 1681/1681/1681 1672/1672/1672 1679/1679/1679 
f 1672/1672/1672 1672/1672/1672 1679/1679/1679 
f 1679/1679/1679 1672/1672/1672 1677/1677/1677 
f 1672/1672/1672 1673/1673/1673 1677/1677/1677 
f 1677/1677/1677 1673/1673/1673 1673/1673/1673 
f 1673/1673/1673 1683/1683/1683 1673/1673/1673 
f 1673/1673/1673 1683/1683/1683 1683/1683/1683 
f 1683/1683/1683 1684/1684/1684 1683/1683/1683 
f 1683/1683/1683 1684/1684/1684 1680/1680/1680 
f 1684/1684/1684 1682/1682/1682 1680/1680/1680 
f 1680/1680/1680 1682/1682/1682 1682/1682/1682 
f 1682/1682/1682 1683/1683/1683 1682/1682/1682 
f 1682/1682/1682 1683/1683/1683 1683/1683/1683 
f 1683/1683/1683 1680/1680/1680 1683/1683/1683 
f 1683/1683/1683 1680/1680/1680 1685/1685/1685 
f 1680/1680/1680 1678/1678/1678 1685/1685/1685 
f 1685/1685/1685 1678/1678/1678 1686/1686/1686 
f 1678/1678/1678 1676/1676/1676 1686/1686/1686 
f 1686/1686/1686 1676/1676/1676 1687/1687/1687 
f 1676/1676/1676 1675/1675/1675 1687/1687/1687 
f 1687/1687/1687 1675/1675/1675 1688/1688/1688 
f 1675/1675/1675 1689/1689/1689 1688/1688/1688 
f 1688/1688/1688 1689/1689/1689 1690/1690/1690 
f 1689/1689/1689 1691/1691/1691 1690/1690/1690 
f 1690/1690/1690 1691/1691/1691 1692/1692/1692 
f 1691/1691/1691 1693/1693/1693 1692/1692/1692 
f 1692/1692/1692 1693/1693/1693 1694/1694/1694 
f 1693/1693/1693 1694/1694/1694 1694/1694/1694 
f 1694/1694/1694 1694/1694/1694 1675/1675/1675 
f 1694/1694/1694 1675/1675/1675 1675/1675/1675 
f 1675/1675/1675 1675/1675/1675 1689/1689/1689 
f 1675/1675/1675 1674/1674/1674 1689/1689/1689 
f 1689/1689/1689 1674/1674/1674 1695/1695/1695 
f 1674/1674/1674 1672/1672/1672 1695/1695/1695 
f 1695/1695/1695 1672/1672/1672 1696/1696/1696 
f 1672/1672/1672 1697/1697/1697 1696/1696/1696 
f 1696/1696/1696 1697/1697/1697 1693/1693/1693 
f 1697/1697/1697 1698/1698/1698 1693/1693/1693 
f 1693/1693/1693 1698/1698/1698 1694/1694/1694 
f 1698/1698/1698 1698/1698/1698 1694/1694/1694 
f 1694/1694/1694 1698/1698/1698 1699/1699/1699 
f 1698/1698/1698 1698/1698/1698 1699/1699/1699 
f 1699/1699/1699 1698/1698/1698 1700/1700/1700 
f 1698/1698/1698 1698/1698/1698 1700/1700/1700 
f 1700/1700/1700 1698/1698/1698 1701/1701/1701 
f 1698/1698/1698 1697/1697/1697 1701/1701/1701 
f 1701/1701/1701 1697/1697/1697 1702/1702/1702 
f 1697/1697/1697 1672/1672/1672 1702/1702/1702 
f 1702/1702/1702 1672/1672/1672 1702/1702/1702 
f 1672/1672/1672 1703/1703/1703 1702/1702/1702 
f 1702/1702/1702 1703/1703/1703 1701/1701/1701 
f 1703/1703/1703 1704/1704/1704 1701/1701/1701 
f 1701/1701/1701 1704/1704/1704 1700/1700/1700 
f 1704/1704/1704 1704/1704/1704 1700/1700/1700 
f 1700/1700/1700 1704/1704/1704 1705/1705/1705 
f 1704/1704/1704 1706/1706/1706 1705/1705/1705 
f 1705/1705/1705 1706/1706/1706 1707/1707/1707 
f 1706/1706/1706 1707/1707/1707 1707/1707/1707 
f 1707/1707/1707 1707/1707/1707 1689/1689/1689 
f 1707/1707/1707 1689/1689/1689 1689/1689/1689 
f 1689/1689/1689 1689/1689/1689 1691/1691/1691 
f 1689/1689/1689 1695/1695/1695 1691/1691/1691 
f 1691/1691/1691 1695/1695/1695 1691/1691/1691 
f 1695/1695/1695 1696/1696/1696 1691/1691/1691 
f 1691/1691/1691 1696/1696/1696 1693/1693/1693 
f 1696/1696/1696 1693/1693/1693 1693/1693/1693 
f 1693/1693/1693 1693/1693/1693 1706/1706/1706 
f 1693/1693/1693 1706/1706/1706 1706/1706/1706 
f 1706/1706/1706 1706/1706/1706 1708/1708/1708 
f 1706/1706/1706 1704/1704/1704 1708/1708/1708 
f 1708/1708/1708 1704/1704/1704 1708/1708/1708 
f 1704/1704/1704 1703/1703/1703 1708/1708/1708 
f 1708/1708/1708 1703/1703/1703 1708/1708/1708 
f 1703/1703/1703 1672/1672/1672 1708/1708/1708 
f 1708/1708/1708 1672/1672/1672 1708/1708/1708 
f 1672/1672/1672 1709/1709/1709 1708/1708/1708 
f 1708/1708/1708 1709/1709/1709 1706/1706/1706 
f 1709/1709/1709 1710/1710/1710 1706/1706/1706 
f 1706/1706/1706 1710/1710/1710 1707/1707/1707 
f 1710/1710/1710 1710/1710/1710 1707/1707/1707 
f 1707/1707/1707 1710/1710/1710 1711/1711/1711 
f 1710/1710/1710 1712/1712/1712 1711/1711/1711 
f 1711/1711/1711 1712/1712/1712 1713/1713/1713 
f 1712/1712/1712 1713/1713/1713 1713/1713/1713 
f 1713/1713/1713 1713/1713/1713 1712/1712/1712 
f 1713/1713/1713 1712/1712/1712 1712/1712/1712 
f 1712/1712/1712 1712/1712/1712 1714/1714/1714 
f 1712/1712/1712 1710/1710/1710 1714/1714/1714 
f 1714/1714/1714 1710/1710/1710 1714/1714/1714 
f 1710/1710/1710 1709/1709/1709 1714/1714/1714 
f 1714/1714/1714 1709/1709/1709 1714/1714/1714 
f 1709/1709/1709 1672/1672/1672 1714/1714/1714 
f 1714/1714/1714 1672/1672/1672 1715/1715/1715 
f 1672/1672/1672 1716/1716/1716 1715/1715/1715 
f 1715/1715/1715 1716/1716/1716 1717/1717/1717 
f 1716/1716/1716 1718/1718/1718 1717/1717/1717 
f 1717/1717/1717 1718/1718/1718 1719/1719/1719 
f 1718/1718/1718 1720/1720/1720 1719/1719/1719 
f 1719/1719/1719 1720/1720/1720 1720/1720/1720 
f 1720/1720/1720 1714/1714/1714 1720/1720/1720 
f 1720/1720/1720 1714/1714/1714 1714/1714/1714 
f 1714/1714/1714 1715/1715/1715 1714/1714/1714 
f 1714/1714/1714 1715/1715/1715 1712/1712/1712 
f 1715/1715/1715 1717/1717/1717 1712/1712/1712 
f 1712/1712/1712 1717/1717/1717 1713/1713/1713 
f 1717/1717/1717 1719/1719/1719 1713/1713/1713 
f 1713/1713/1713 1719/1719/1719 1719/1719/1719 
f 1719/1719/1719 1672/1672/1672 1719/1719/1719 
f 1719/1719/1719 1672/1672/1672 1672/1672/1672 
f 1672/1672/1672 1682/1682/1682 1672/1672/1672 
f 1672/1672/1672 1682/1682/1682 1716/1716/1716 
f 1682/1682/1682 1682/1682/1682 1716/1716/1716 
f 1716/1716/1716 1682/1682/1682 1718/1718/1718 
f 1682/1682/1682 1684/1684/1684 1718/1718/1718 
f 1718/1718/1718 1684/1684/1684 1720/1720/1720 
f 1684/1684/1684 1683/1683/1683 1720/1720/1720 
f 1720/1720/1720 1683/1683/1683 1683/1683/1683 
f 1683/1683/1683 1721/1721/1721 1683/1683/1683 
f 1683/1683/1683 1721/1721/1721 1721/1721/1721 
f 1721/1721/1721 1722/1722/1722 1721/1721/1721 
f 1721/1721/1721 1722/1722/1722 1723/1723/1723 
f 1722/1722/1722 1724/1724/1724 1723/1723/1723 
f 1723/1723/1723 1724/1724/1724 1725/1725/1725 
f 1724/1724/1724 1724/1724/1724 1725/1725/1725 
f 1725/1725/1725 1724/1724/1724 1726/1726/1726 
f 1724/1724/1724 1722/1722/1722 1726/1726/1726 
f 1726/1726/1726 1722/1722/1722 1722/1722/1722 
f 1722/1722/1722 1721/1721/1721 1722/1722/1722 
f 1722/1722/1722 1721/1721/1721 1721/1721/1721 
f 1721/1721/1721 1723/1723/1723 1721/1721/1721 
f 1721/1721/1721 1723/1723/1723 1727/1727/1727 
f 1723/1723/1723 1728/1728/1728 1727/1727/1727 
f 1727/1727/1727 1728/1728/1728 1729/1729/1729 
f 1728/1728/1728 1730/1730/1730 1729/1729/1729 
f 1729/1729/1729 1730/1730/1730 1731/1731/1731 
f 1730/1730/1730 1732/1732/1732 1731/1731/1731 
f 1731/1731/1731 1732/1732/1732 1731/1731/1731 
f 1732/1732/1732 1733/1733/1733 1731/1731/1731 
f 1731/1731/1731 1733/1733/1733 1729/1729/1729 
f 1733/1733/1733 1734/1734/1734 1729/1729/1729 
f 1729/1729/1729 1734/1734/1734 1735/1735/1735 
f 1734/1734/1734 1736/1736/1736 1735/1735/1735 
f 1735/1735/1735 1736/1736/1736 1735/1735/1735 
f 1736/1736/1736 1737/1737/1737 1735/1735/1735 
f 1735/1735/1735 1737/1737/1737 1727/1727/1727 
f 1737/1737/1737 1738/1738/1738 1727/1727/1727 
f 1727/1727/1727 1738/1738/1738 1721/1721/1721 
f 1738/1738/1738 1721/1721/1721 1721/1721/1721 
f 1721/1721/1721 1721/1721/1721 1723/1723/1723 
f 1721/1721/1721 1723/1723/1723 1723/1723/1723 
f 1723/1723/1723 1723/1723/1723 1728/1728/1728 
f 1723/1723/1723 1725/1725/1725 1728/1728/1728 
f 1728/1728/1728 1725/1725/1725 1730/1730/1730 
f 1725/1725/1725 1730/1730/1730 1730/1730/1730 
f 1730/1730/1730 1730/1730/1730 1729/1729/1729 
f 1730/1730/1730 1729/1729/1729 1729/1729/1729 
f 1729/1729/1729 1729/1729/1729 1727/1727/1727 
f 1729/1729/1729 1735/1735/1735 1727/1727/1727 
f 1727/1727/1727 1735/1735/1735 1735/1735/1735 
f 1735/1735/1735 1736/1736/1736 1735/1735/1735 
f 1735/1735/1735 1736/1736/1736 1736/1736/1736 
f 1736/1736/1736 1734/1734/1734 1736/1736/1736 
f 1736/1736/1736 1734/1734/1734 1739/1739/1739 
f 1734/1734/1734 1733/1733/1733 1739/1739/1739 
f 1739/1739/1739 1733/1733/1733 1739/1739/1739 
f 1733/1733/1733 1740/1740/1740 1739/1739/1739 
f 1739/1739/1739 1740/1740/1740 1739/1739/1739 
f 1740/1740/1740 1741/1741/1741 1739/1739/1739 
f 1739/1739/1739 1741/1741/1741 1736/1736/1736 
f 1741/1741/1741 1742/1742/1742 1736/1736/1736 
f 1736/1736/1736 1742/1742/1742 1737/1737/1737 
f 1742/1742/1742 1742/1742/1742 1737/1737/1737 
f 1737/1737/1737 1742/1742/1742 1743/1743/1743 
f 1742/1742/1742 1742/1742/1742 1743/1743/1743 
f 1743/1743/1743 1742/1742/1742 1744/1744/1744 
f 1742/1742/1742 1745/1745/1745 1744/1744/1744 
f 1744/1744/1744 1745/1745/1745 1744/1744/1744 
f 1745/1745/1745 1746/1746/1746 1744/1744/1744 
f 1744/1744/1744 1746/1746/1746 1744/1744/1744 
f 1746/1746/1746 1747/1747/1747 1744/1744/1744 
f 1744/1744/1744 1747/1747/1747 1748/1748/1748 
f 1747/1747/1747 1749/1749/1749 1748/1748/1748 
f 1748/1748/1748 1749/1749/1749 1750/1750/1750 
f 1749/1749/1749 1751/1751/1751 1750/1750/1750 
f 1750/1750/1750 1751/1751/1751 1752/1752/1752 
f 1751/1751/1751 1753/1753/1753 1752/1752/1752 
f 1752/1752/1752 1753/1753/1753 1754/1754/1754 
f 1753/1753/1753 1755/1755/1755 1754/1754/1754 
f 1754/1754/1754 1755/1755/1755 1756/1756/1756 
f 1755/1755/1755 1757/1757/1757 1756/1756/1756 
f 1756/1756/1756 1757/1757/1757 1758/1758/1758 
f 1757/1757/1757 1757/1757/1757 1758/1758/1758 
f 1758/1758/1758 1757/1757/1757 1759/1759/1759 
f 1757/1757/1757 1757/1757/1757 1759/1759/1759 
f 1759/1759/1759 1757/1757/1757 1760/1760/1760 
f 1757/1757/1757 1757/1757/1757 1760/1760/1760 
f 1760/1760/1760 1757/1757/1757 1761/1761/1761 
f 1757/1757/1757 1755/1755/1755 1761/1761/1761 
f 1761/1761/1761 1755/1755/1755 1762/1762/1762 
f 1755/1755/1755 1753/1753/1753 1762/1762/1762 
f 1762/1762/1762 1753/1753/1753 1763/1763/1763 
f 1753/1753/1753 1751/1751/1751 1763/1763/1763 
f 1763/1763/1763 1751/1751/1751 1764/1764/1764 
f 1751/1751/1751 1749/1749/1749 1764/1764/1764 
f 1764/1764/1764 1749/1749/1749 1765/1765/1765 
f 1749/1749/1749 1747/1747/1747 1765/1765/1765 
f 1765/1765/1765 1747/1747/1747 1766/1766/1766 
f 1747/1747/1747 1746/1746/1746 1766/1766/1766 
f 1766/1766/1766 1746/1746/1746 1767/1767/1767 
f 1746/1746/1746 1746/1746/1746 1767/1767/1767 
f 1767/1767/1767 1746/1746/1746 1768/1768/1768 
f 1746/1746/1746 1745/1745/1745 1768/1768/1768 
f 1768/1768/1768 1745/1745/1745 1741/1741/1741 
f 1745/1745/1745 1742/1742/1742 1741/1741/1741 
f 1741/1741/1741 1742/1742/1742 1742/1742/1742 
f 1742/1742/1742 1754/1754/1754 1742/1742/1742 
f 1742/1742/1742 1754/1754/1754 1754/1754/1754 
f 1754/1754/1754 1756/1756/1756 1754/1754/1754 
f 1754/1754/1754 1756/1756/1756 1769/1769/1769 
f 1756/1756/1756 1770/1770/1770 1769/1769/1769 
f 1769/1769/1769 1770/1770/1770 1771/1771/1771 
f 1770/1770/1770 1771/1771/1771 1771/1771/1771 
f 1771/1771/1771 1771/1771/1771 1768/1768/1768 
f 1771/1771/1771 1768/1768/1768 1768/1768/1768 
f 1768/1768/1768 1768/1768/1768 1772/1772/1772 
f 1768/1768/1768 1741/1741/1741 1772/1772/1772 
f 1772/1772/1772 1741/1741/1741 1773/1773/1773 
f 1741/1741/1741 1740/1740/1740 1773/1773/1773 
f 1773/1773/1773 1740/1740/1740 1774/1774/1774 
f 1740/1740/1740 1775/1775/1775 1774/1774/1774 
f 1774/1774/1774 1775/1775/1775 1776/1776/1776 
f 1775/1775/1775 1777/1777/1777 1776/1776/1776 
f 1776/1776/1776 1777/1777/1777 1778/1778/1778 
f 1777/1777/1777 1777/1777/1777 1778/1778/1778 
f 1778/1778/1778 1777/1777/1777 1779/1779/1779 
f 1777/1777/1777 1732/1732/1732 1779/1779/1779 
f 1779/1779/1779 1732/1732/1732 1780/1780/1780 
f 1732/1732/1732 1730/1730/1730 1780/1780/1780 
f 1780/1780/1780 1730/1730/1730 1781/1781/1781 
f 1730/1730/1730 1725/1725/1725 1781/1781/1781 
f 1781/1781/1781 1725/1725/1725 1782/1782/1782 
f 1725/1725/1725 1726/1726/1726 1782/1782/1782 
f 1782/1782/1782 1726/1726/1726 1783/1783/1783 
f 1726/1726/1726 1784/1784/1784 1783/1783/1783 
f 1783/1783/1783 1784/1784/1784 1785/1785/1785 
f 1784/1784/1784 1786/1786/1786 1785/1785/1785 
f 1785/1785/1785 1786/1786/1786 1785/1785/1785 
f 1786/1786/1786 1787/1787/1787 1785/1785/1785 
f 1785/1785/1785 1787/1787/1787 1785/1785/1785 
f 1787/1787/1787 1788/1788/1788 1785/1785/1785 
f 1785/1785/1785 1788/1788/1788 1785/1785/1785 
f 1788/1788/1788 1789/1789/1789 1785/1785/1785 
f 1785/1785/1785 1789/1789/1789 1790/1790/1790 
f 1789/1789/1789 1791/1791/1791 1790/1790/1790 
f 1790/1790/1790 1791/1791/1791 1790/1790/1790 
f 1791/1791/1791 1792/1792/1792 1790/1790/1790 
f 1790/1790/1790 1792/1792/1792 1783/1783/1783 
f 1792/1792/1792 1793/1793/1793 1783/1783/1783 
f 1783/1783/1783 1793/1793/1793 1782/1782/1782 
f 1793/1793/1793 1794/1794/1794 1782/1782/1782 
f 1782/1782/1782 1794/1794/1794 1781/1781/1781 
f 1794/1794/1794 1795/1795/1795 1781/1781/1781 
f 1781/1781/1781 1795/1795/1795 1796/1796/1796 
f 1795/1795/1795 1797/1797/1797 1796/1796/1796 
f 1796/1796/1796 1797/1797/1797 1797/1797/1797 
f 1797/1797/1797 1740/1740/1740 1797/1797/1797 
f 1797/1797/1797 1740/1740/1740 1740/1740/1740 
f 1740/1740/1740 1733/1733/1733 1740/1740/1740 
f 1740/1740/1740 1733/1733/1733 1775/1775/1775 
f 1733/1733/1733 1733/1733/1733 1775/1775/1775 
f 1775/1775/1775 1733/1733/1733 1777/1777/1777 
f 1733/1733/1733 1732/1732/1732 1777/1777/1777 
f 1777/1777/1777 1732/1732/1732 1732/1732/1732 
f 1732/1732/1732 1726/1726/1726 1732/1732/1732 
f 1732/1732/1732 1726/1726/1726 1726/1726/1726 
f 1726/1726/1726 1722/1722/1722 1726/1726/1726 
f 1726/1726/1726 1722/1722/1722 1784/1784/1784 
f 1722/1722/1722 1784/1784/1784 1784/1784/1784 
f 1784/1784/1784 1784/1784/1784 1785/1785/1785 
f 1784/1784/1784 1785/1785/1785 1785/1785/1785 
f 1785/1785/1785 1785/1785/1785 1783/1783/1783 
f 1785/1785/1785 1790/1790/1790 1783/1783/1783 
f 1783/1783/1783 1790/1790/1790 1790/1790/1790 
f 1790/1790/1790 1781/1781/1781 1790/1790/1790 
f 1790/1790/1790 1781/1781/1781 1781/1781/1781 
f 1781/1781/1781 1796/1796/1796 1781/1781/1781 
f 1781/1781/1781 1796/1796/1796 1780/1780/1780 
f 1796/1796/1796 1798/1798/1798 1780/1780/1780 
f 1780/1780/1780 1798/1798/1798 1799/1799/1799 
f 1798/1798/1798 1800/1800/1800 1799/1799/1799 
f 1799/1799/1799 1800/1800/1800 1799/1799/1799 
f 1800/1800/1800 1779/1779/1779 1799/1799/1799 
f 1799/1799/1799 1779/1779/1779 1780/1780/1780 
f 1779/1779/1779 1780/1780/1780 1780/1780/1780 
f 1780/1780/1780 1780/1780/1780 1796/1796/1796 
f 1780/1780/1780 1796/1796/1796 1796/1796/1796 
f 1796/1796/1796 1796/1796/1796 1798/1798/1798 
f 1796/1796/1796 1797/1797/1797 1798/1798/1798 
f 1798/1798/1798 1797/1797/1797 1801/1801/1801 
f 1797/1797/1797 1797/1797/1797 1801/1801/1801 
f 1801/1801/1801 1797/1797/1797 1802/1802/1802 
f 1797/1797/1797 1795/1795/1795 1802/1802/1802 
f 1802/1802/1802 1795/1795/1795 1803/1803/1803 
f 1795/1795/1795 1794/1794/1794 1803/1803/1803 
f 1803/1803/1803 1794/1794/1794 1804/1804/1804 
f 1794/1794/1794 1793/1793/1793 1804/1804/1804 
f 1804/1804/1804 1793/1793/1793 1802/1802/1802 
f 1793/1793/1793 1792/1792/1792 1802/1802/1802 
f 1802/1802/1802 1792/1792/1792 1805/1805/1805 
f 1792/1792/1792 1791/1791/1791 1805/1805/1805 
f 1805/1805/1805 1791/1791/1791 1806/1806/1806 
f 1791/1791/1791 1789/1789/1789 1806/1806/1806 
f 1806/1806/1806 1789/1789/1789 1806/1806/1806 
f 1789/1789/1789 1807/1807/1807 1806/1806/1806 
f 1806/1806/1806 1807/1807/1807 1808/1808/1808 
f 1807/1807/1807 1807/1807/1807 1808/1808/1808 
f 1808/1808/1808 1807/1807/1807 1809/1809/1809 
f 1807/1807/1807 1810/1810/1810 1809/1809/1809 
f 1809/1809/1809 1810/1810/1810 1810/1810/1810 
f 1810/1810/1810 1798/1798/1798 1810/1810/1810 
f 1810/1810/1810 1798/1798/1798 1798/1798/1798 
f 1798/1798/1798 1801/1801/1801 1798/1798/1798 
f 1798/1798/1798 1801/1801/1801 1800/1800/1800 
f 1801/1801/1801 1800/1800/1800 1800/1800/1800 
f 1800/1800/1800 1800/1800/1800 1802/1802/1802 
f 1800/1800/1800 1802/1802/1802 1802/1802/1802 
f 1802/1802/1802 1802/1802/1802 1804/1804/1804 
f 1802/1802/1802 1803/1803/1803 1804/1804/1804 
f 1804/1804/1804 1803/1803/1803 1803/1803/1803 
f 1803/1803/1803 1805/1805/1805 1803/1803/1803 
f 1803/1803/1803 1805/1805/1805 1805/1805/1805 
f 1805/1805/1805 1811/1811/1811 1805/1805/1805 
f 1805/1805/1805 1811/1811/1811 1802/1802/1802 
f 1811/1811/1811 1811/1811/1811 1802/1802/1802 
f 1802/1802/1802 1811/1811/1811 1801/1801/1801 
f 1811/1811/1811 1812/1812/1812 1801/1801/1801 
f 1801/1801/1801 1812/1812/1812 1801/1801/1801 
f 1812/1812/1812 1813/1813/1813 1801/1801/1801 
f 1801/1801/1801 1813/1813/1813 1801/1801/1801 
f 1813/1813/1813 1814/1814/1814 1801/1801/1801 
f 1801/1801/1801 1814/1814/1814 1800/1800/1800 
f 1814/1814/1814 1815/1815/1815 1800/1800/1800 
f 1800/1800/1800 1815/1815/1815 1800/1800/1800 
f 1815/1815/1815 1816/1816/1816 1800/1800/1800 
f 1800/1800/1800 1816/1816/1816 1779/1779/1779 
f 1816/1816/1816 1817/1817/1817 1779/1779/1779 
f 1779/1779/1779 1817/1817/1817 1778/1778/1778 
f 1817/1817/1817 1778/1778/1778 1778/1778/1778 
f 1778/1778/1778 1778/1778/1778 1805/1805/1805 
f 1778/1778/1778 1805/1805/1805 1805/1805/1805 
f 1805/1805/1805 1805/1805/1805 1811/1811/1811 
f 1805/1805/1805 1806/1806/1806 1811/1811/1811 
f 1811/1811/1811 1806/1806/1806 1811/1811/1811 
f 1806/1806/1806 1808/1808/1808 1811/1811/1811 
f 1811/1811/1811 1808/1808/1808 1812/1812/1812 
f 1808/1808/1808 1809/1809/1809 1812/1812/1812 
f 1812/1812/1812 1809/1809/1809 1809/1809/1809 
f 1809/1809/1809 1817/1817/1817 1809/1809/1809 
f 1809/1809/1809 1817/1817/1817 1817/1817/1817 
f 1817/1817/1817 1816/1816/1816 1817/1817/1817 
f 1817/1817/1817 1816/1816/1816 1818/1818/1818 
f 1816/1816/1816 1815/1815/1815 1818/1818/1818 
f 1818/1818/1818 1815/1815/1815 1819/1819/1819 
f 1815/1815/1815 1820/1820/1820 1819/1819/1819 
f 1819/1819/1819 1820/1820/1820 1821/1821/1821 
f 1820/1820/1820 1822/1822/1822 1821/1821/1821 
f 1821/1821/1821 1822/1822/1822 1821/1821/1821 
f 1822/1822/1822 1823/1823/1823 1821/1821/1821 
f 1821/1821/1821 1823/1823/1823 1821/1821/1821 
f 1823/1823/1823 1817/1817/1817 1821/1821/1821 
f 1821/1821/1821 1817/1817/1817 1821/1821/1821 
f 1817/1817/1817 1818/1818/1818 1821/1821/1821 
f 1821/1821/1821 1818/1818/1818 1819/1819/1819 
f 1818/1818/1818 1819/1819/1819 1819/1819/1819 
f 1819/1819/1819 1819/1819/1819 1815/1815/1815 
f 1819/1819/1819 1815/1815/1815 1815/1815/1815 
f 1815/1815/1815 1815/1815/1815 1820/1820/1820 
f 1815/1815/1815 1814/1814/1814 1820/1820/1820 
f 1820/1820/1820 1814/1814/1814 1820/1820/1820 
f 1814/1814/1814 1813/1813/1813 1820/1820/1820 
f 1820/1820/1820 1813/1813/1813 1820/1820/1820 
f 1813/1813/1813 1824/1824/1824 1820/1820/1820 
f 1820/1820/1820 1824/1824/1824 1822/1822/1822 
f 1824/1824/1824 1825/1825/1825 1822/1822/1822 
f 1822/1822/1822 1825/1825/1825 1826/1826/1826 
f 1825/1825/1825 1827/1827/1827 1826/1826/1826 
f 1826/1826/1826 1827/1827/1827 1828/1828/1828 
f 1827/1827/1827 1829/1829/1829 1828/1828/1828 
f 1828/1828/1828 1829/1829/1829 1828/1828/1828 
f 1829/1829/1829 1830/1830/1830 1828/1828/1828 
f 1828/1828/1828 1830/1830/1830 1828/1828/1828 
f 1830/1830/1830 1831/1831/1831 1828/1828/1828 
f 1828/1828/1828 1831/1831/1831 1828/1828/1828 
f 1831/1831/1831 1823/1823/1823 1828/1828/1828 
f 1828/1828/1828 1823/1823/1823 1826/1826/1826 
f 1823/1823/1823 1822/1822/1822 1826/1826/1826 
f 1826/1826/1826 1822/1822/1822 1822/1822/1822 
f 1822/1822/1822 1829/1829/1829 1822/1822/1822 
f 1822/1822/1822 1829/1829/1829 1829/1829/1829 
f 1829/1829/1829 1827/1827/1827 1829/1829/1829 
f 1829/1829/1829 1827/1827/1827 1832/1832/1832 
f 1827/1827/1827 1825/1825/1825 1832/1832/1832 
f 1832/1832/1832 1825/1825/1825 1833/1833/1833 
f 1825/1825/1825 1824/1824/1824 1833/1833/1833 
f 1833/1833/1833 1824/1824/1824 1834/1834/1834 
f 1824/1824/1824 1813/1813/1813 1834/1834/1834 
f 1834/1834/1834 1813/1813/1813 1834/1834/1834 
f 1813/1813/1813 1812/1812/1812 1834/1834/1834 
f 1834/1834/1834 1812/1812/1812 1834/1834/1834 
f 1812/1812/1812 1809/1809/1809 1834/1834/1834 
f 1834/1834/1834 1809/1809/1809 1835/1835/1835 
f 1809/1809/1809 1810/1810/1810 1835/1835/1835 
f 1835/1835/1835 1810/1810/1810 1835/1835/1835 
f 1810/1810/1810 1836/1836/1836 1835/1835/1835 
f 1835/1835/1835 1836/1836/1836 1837/1837/1837 
f 1836/1836/1836 1759/1759/1759 1837/1837/1837 
f 1837/1837/1837 1759/1759/1759 1837/1837/1837 
f 1759/1759/1759 1760/1760/1760 1837/1837/1837 
f 1837/1837/1837 1760/1760/1760 1838/1838/1838 
f 1760/1760/1760 1761/1761/1761 1838/1838/1838 
f 1838/1838/1838 1761/1761/1761 1839/1839/1839 
f 1761/1761/1761 1762/1762/1762 1839/1839/1839 
f 1839/1839/1839 1762/1762/1762 1840/1840/1840 
f 1762/1762/1762 1763/1763/1763 1840/1840/1840 
f 1840/1840/1840 1763/1763/1763 1841/1841/1841 
f 1763/1763/1763 1764/1764/1764 1841/1841/1841 
f 1841/1841/1841 1764/1764/1764 1842/1842/1842 
f 1764/1764/1764 1765/1765/1765 1842/1842/1842 
f 1842/1842/1842 1765/1765/1765 1765/1765/1765 
f 1765/1765/1765 1834/1834/1834 1765/1765/1765 
f 1765/1765/1765 1834/1834/1834 1834/1834/1834 
f 1834/1834/1834 1835/1835/1835 1834/1834/1834 
f 1834/1834/1834 1835/1835/1835 1833/1833/1833 
f 1835/1835/1835 1837/1837/1837 1833/1833/1833 
f 1833/1833/1833 1837/1837/1837 1833/1833/1833 
f 1837/1837/1837 1838/1838/1838 1833/1833/1833 
f 1833/1833/1833 1838/1838/1838 1833/1833/1833 
f 1838/1838/1838 1839/1839/1839 1833/1833/1833 
f 1833/1833/1833 1839/1839/1839 1832/1832/1832 
f 1839/1839/1839 1832/1832/1832 1832/1832/1832 
f 1832/1832/1832 1832/1832/1832 1766/1766/1766 
f 1832/1832/1832 1766/1766/1766 1766/1766/1766 
f 1766/1766/1766 1766/1766/1766 1765/1765/1765 
f 1766/1766/1766 1843/1843/1843 1765/1765/1765 
f 1765/1765/1765 1843/1843/1843 1830/1830/1830 
f 1843/1843/1843 1831/1831/1831 1830/1830/1830 
f 1830/1830/1830 1831/1831/1831 1831/1831/1831 
f 1831/1831/1831 1765/1765/1765 1831/1831/1831 
f 1831/1831/1831 1765/1765/1765 1765/1765/1765 
f 1765/1765/1765 1830/1830/1830 1765/1765/1765 
f 1765/1765/1765 1830/1830/1830 1842/1842/1842 
f 1830/1830/1830 1829/1829/1829 1842/1842/1842 
f 1842/1842/1842 1829/1829/1829 1841/1841/1841 
f 1829/1829/1829 1841/1841/1841 1841/1841/1841 
f 1841/1841/1841 1841/1841/1841 1766/1766/1766 
f 1841/1841/1841 1766/1766/1766 1766/1766/1766 
f 1766/1766/1766 1766/1766/1766 1843/1843/1843 
f 1766/1766/1766 1767/1767/1767 1843/1843/1843 
f 1843/1843/1843 1767/1767/1767 1844/1844/1844 
f 1767/1767/1767 1768/1768/1768 1844/1844/1844 
f 1844/1844/1844 1768/1768/1768 1844/1844/1844 
f 1768/1768/1768 1772/1772/1772 1844/1844/1844 
f 1844/1844/1844 1772/1772/1772 1844/1844/1844 
f 1772/1772/1772 1845/1845/1845 1844/1844/1844 
f 1844/1844/1844 1845/1845/1845 1843/1843/1843 
f 1845/1845/1845 1845/1845/1845 1843/1843/1843 
f 1843/1843/1843 1845/1845/1845 1831/1831/1831 
f 1845/1845/1845 1845/1845/1845 1831/1831/1831 
f 1831/1831/1831 1845/1845/1845 1823/1823/1823 
f 1845/1845/1845 1846/1846/1846 1823/1823/1823 
f 1823/1823/1823 1846/1846/1846 1817/1817/1817 
f 1846/1846/1846 1847/1847/1847 1817/1817/1817 
f 1817/1817/1817 1847/1847/1847 1848/1848/1848 
f 1847/1847/1847 1849/1849/1849 1848/1848/1848 
f 1848/1848/1848 1849/1849/1849 1776/1776/1776 
f 1849/1849/1849 1849/1849/1849 1776/1776/1776 
f 1776/1776/1776 1849/1849/1849 1774/1774/1774 
f 1849/1849/1849 1849/1849/1849 1774/1774/1774 
f 1774/1774/1774 1849/1849/1849 1850/1850/1850 
f 1849/1849/1849 1847/1847/1847 1850/1850/1850 
f 1850/1850/1850 1847/1847/1847 1845/1845/1845 
f 1847/1847/1847 1846/1846/1846 1845/1845/1845 
f 1845/1845/1845 1846/1846/1846 1846/1846/1846 
f 1846/1846/1846 1817/1817/1817 1846/1846/1846 
f 1846/1846/1846 1817/1817/1817 1817/1817/1817 
f 1817/1817/1817 1848/1848/1848 1817/1817/1817 
f 1817/1817/1817 1848/1848/1848 1778/1778/1778 
f 1848/1848/1848 1776/1776/1776 1778/1778/1778 
f 1778/1778/1778 1776/1776/1776 1776/1776/1776 
f 1776/1776/1776 1845/1845/1845 1776/1776/1776 
f 1776/1776/1776 1845/1845/1845 1845/1845/1845 
f 1845/1845/1845 1772/1772/1772 1845/1845/1845 
f 1845/1845/1845 1772/1772/1772 1850/1850/1850 
f 1772/1772/1772 1773/1773/1773 1850/1850/1850 
f 1850/1850/1850 1773/1773/1773 1774/1774/1774 
f 1773/1773/1773 1774/1774/1774 1774/1774/1774 
f 1774/1774/1774 1774/1774/1774 1784/1784/1784 
f 1774/1774/1774 1784/1784/1784 1784/1784/1784 
f 1784/1784/1784 1784/1784/1784 1851/1851/1851 
f 1784/1784/1784 1722/1722/1722 1851/1851/1851 
f 1851/1851/1851 1722/1722/1722 1852/1852/1852 
f 1722/1722/1722 1722/1722/1722 1852/1852/1852 
f 1852/1852/1852 1722/1722/1722 1853/1853/1853 
f 1722/1722/1722 1854/1854/1854 1853/1853/1853 
f 1853/1853/1853 1854/1854/1854 1855/1855/1855 
f 1854/1854/1854 1856/1856/1856 1855/1855/1855 
f 1855/1855/1855 1856/1856/1856 1857/1857/1857 
f 1856/1856/1856 1858/1858/1858 1857/1857/1857 
f 1857/1857/1857 1858/1858/1858 1859/1859/1859 
f 1858/1858/1858 1860/1860/1860 1859/1859/1859 
f 1859/1859/1859 1860/1860/1860 1861/1861/1861 
f 1860/1860/1860 1860/1860/1860 1861/1861/1861 
f 1861/1861/1861 1860/1860/1860 1862/1862/1862 
f 1860/1860/1860 1860/1860/1860 1862/1862/1862 
f 1862/1862/1862 1860/1860/1860 1863/1863/1863 
f 1860/1860/1860 1860/1860/1860 1863/1863/1863 
f 1863/1863/1863 1860/1860/1860 1864/1864/1864 
f 1860/1860/1860 1858/1858/1858 1864/1864/1864 
f 1864/1864/1864 1858/1858/1858 1858/1858/1858 
f 1858/1858/1858 1857/1857/1857 1858/1858/1858 
f 1858/1858/1858 1857/1857/1857 1857/1857/1857 
f 1857/1857/1857 1859/1859/1859 1857/1857/1857 
f 1857/1857/1857 1859/1859/1859 1865/1865/1865 
f 1859/1859/1859 1859/1859/1859 1865/1865/1865 
f 1865/1865/1865 1859/1859/1859 1866/1866/1866 
f 1859/1859/1859 1861/1861/1861 1866/1866/1866 
f 1866/1866/1866 1861/1861/1861 1861/1861/1861 
f 1861/1861/1861 1857/1857/1857 1861/1861/1861 
f 1861/1861/1861 1857/1857/1857 1857/1857/1857 
f 1857/1857/1857 1865/1865/1865 1857/1857/1857 
f 1857/1857/1857 1865/1865/1865 1855/1855/1855 
f 1865/1865/1865 1867/1867/1867 1855/1855/1855 
f 1855/1855/1855 1867/1867/1867 1853/1853/1853 
f 1867/1867/1867 1868/1868/1868 1853/1853/1853 
f 1853/1853/1853 1868/1868/1868 1853/1853/1853 
f 1868/1868/1868 1869/1869/1869 1853/1853/1853 
f 1853/1853/1853 1869/1869/1869 1852/1852/1852 
f 1869/1869/1869 1869/1869/1869 1852/1852/1852 
f 1852/1852/1852 1869/1869/1869 1851/1851/1851 
f 1869/1869/1869 1870/1870/1870 1851/1851/1851 
f 1851/1851/1851 1870/1870/1870 1851/1851/1851 
f 1870/1870/1870 1871/1871/1871 1851/1851/1851 
f 1851/1851/1851 1871/1871/1871 1784/1784/1784 
f 1871/1871/1871 1871/1871/1871 1784/1784/1784 
f 1784/1784/1784 1871/1871/1871 1786/1786/1786 
f 1871/1871/1871 1872/1872/1872 1786/1786/1786 
f 1786/1786/1786 1872/1872/1872 1787/1787/1787 
f 1872/1872/1872 1873/1873/1873 1787/1787/1787 
f 1787/1787/1787 1873/1873/1873 1874/1874/1874 
f 1873/1873/1873 1874/1874/1874 1874/1874/1874 
f 1874/1874/1874 1874/1874/1874 1873/1873/1873 
f 1874/1874/1874 1873/1873/1873 1873/1873/1873 
f 1873/1873/1873 1873/1873/1873 1875/1875/1875 
f 1873/1873/1873 1872/1872/1872 1875/1875/1875 
f 1875/1875/1875 1872/1872/1872 1875/1875/1875 
f 1872/1872/1872 1871/1871/1871 1875/1875/1875 
f 1875/1875/1875 1871/1871/1871 1876/1876/1876 
f 1871/1871/1871 1870/1870/1870 1876/1876/1876 
f 1876/1876/1876 1870/1870/1870 1877/1877/1877 
f 1870/1870/1870 1870/1870/1870 1877/1877/1877 
f 1877/1877/1877 1870/1870/1870 1878/1878/1878 
f 1870/1870/1870 1869/1869/1869 1878/1878/1878 
f 1878/1878/1878 1869/1869/1869 1879/1879/1879 
f 1869/1869/1869 1868/1868/1868 1879/1879/1879 
f 1879/1879/1879 1868/1868/1868 1879/1879/1879 
f 1868/1868/1868 1867/1867/1867 1879/1879/1879 
f 1879/1879/1879 1867/1867/1867 1880/1880/1880 
f 1867/1867/1867 1865/1865/1865 1880/1880/1880 
f 1880/1880/1880 1865/1865/1865 1881/1881/1881 
f 1865/1865/1865 1866/1866/1866 1881/1881/1881 
f 1881/1881/1881 1866/1866/1866 1882/1882/1882 
f 1866/1866/1866 1861/1861/1861 1882/1882/1882 
f 1882/1882/1882 1861/1861/1861 1861/1861/1861 
f 1861/1861/1861 1882/1882/1882 1861/1861/1861 
f 1861/1861/1861 1882/1882/1882 1882/1882/1882 
f 1882/1882/1882 1883/1883/1883 1882/1882/1882 
f 1882/1882/1882 1883/1883/1883 1881/1881/1881 
f 1883/1883/1883 1884/1884/1884 1881/1881/1881 
f 1881/1881/1881 1884/1884/1884 1880/1880/1880 
f 1884/1884/1884 1885/1885/1885 1880/1880/1880 
f 1880/1880/1880 1885/1885/1885 1879/1879/1879 
f 1885/1885/1885 1886/1886/1886 1879/1879/1879 
f 1879/1879/1879 1886/1886/1886 1878/1878/1878 
f 1886/1886/1886 1887/1887/1887 1878/1878/1878 
f 1878/1878/1878 1887/1887/1887 1888/1888/1888 
f 1887/1887/1887 1887/1887/1887 1888/1888/1888 
f 1888/1888/1888 1887/1887/1887 1889/1889/1889 
f 1887/1887/1887 1887/1887/1887 1889/1889/1889 
f 1889/1889/1889 1887/1887/1887 1890/1890/1890 
f 1887/1887/1887 1886/1886/1886 1890/1890/1890 
f 1890/1890/1890 1886/1886/1886 1891/1891/1891 
f 1886/1886/1886 1886/1886/1886 1891/1891/1891 
f 1891/1891/1891 1886/1886/1886 1892/1892/1892 
f 1886/1886/1886 1885/1885/1885 1892/1892/1892 
f 1892/1892/1892 1885/1885/1885 1893/1893/1893 
f 1885/1885/1885 1884/1884/1884 1893/1893/1893 
f 1893/1893/1893 1884/1884/1884 1894/1894/1894 
f 1884/1884/1884 1883/1883/1883 1894/1894/1894 
f 1894/1894/1894 1883/1883/1883 1895/1895/1895 
f 1883/1883/1883 1882/1882/1882 1895/1895/1895 
f 1895/1895/1895 1882/1882/1882 1896/1896/1896 
f 1882/1882/1882 1861/1861/1861 1896/1896/1896 
f 1896/1896/1896 1861/1861/1861 1897/1897/1897 
f 1861/1861/1861 1861/1861/1861 1897/1897/1897 
f 1897/1897/1897 1861/1861/1861 1898/1898/1898 
f 1861/1861/1861 1862/1862/1862 1898/1898/1898 
f 1898/1898/1898 1862/1862/1862 1899/1899/1899 
f 1862/1862/1862 1863/1863/1863 1899/1899/1899 
f 1899/1899/1899 1863/1863/1863 1900/1900/1900 
f 1863/1863/1863 1901/1901/1901 1900/1900/1900 
f 1900/1900/1900 1901/1901/1901 1900/1900/1900 
f 1901/1901/1901 1902/1902/1902 1900/1900/1900 
f 1900/1900/1900 1902/1902/1902 1903/1903/1903 
f 1902/1902/1902 1902/1902/1902 1903/1903/1903 
f 1903/1903/1903 1902/1902/1902 1904/1904/1904 
f 1902/1902/1902 1905/1905/1905 1904/1904/1904 
f 1904/1904/1904 1905/1905/1905 1906/1906/1906 
f 1905/1905/1905 1907/1907/1907 1906/1906/1906 
f 1906/1906/1906 1907/1907/1907 1908/1908/1908 
f 1907/1907/1907 1909/1909/1909 1908/1908/1908 
f 1908/1908/1908 1909/1909/1909 1910/1910/1910 
f 1909/1909/1909 1911/1911/1911 1910/1910/1910 
f 1910/1910/1910 1911/1911/1911 1912/1912/1912 
f 1911/1911/1911 1912/1912/1912 1912/1912/1912 
f 1912/1912/1912 1912/1912/1912 1878/1878/1878 
f 1912/1912/1912 1878/1878/1878 1878/1878/1878 
f 1878/1878/1878 1878/1878/1878 1877/1877/1877 
f 1878/1878/1878 1888/1888/1888 1877/1877/1877 
f 1877/1877/1877 1888/1888/1888 1888/1888/1888 
f 1888/1888/1888 1913/1913/1913 1888/1888/1888 
f 1888/1888/1888 1913/1913/1913 1913/1913/1913 
f 1913/1913/1913 1914/1914/1914 1913/1913/1913 
f 1913/1913/1913 1914/1914/1914 1910/1910/1910 
f 1914/1914/1914 1915/1915/1915 1910/1910/1910 
f 1910/1910/1910 1915/1915/1915 1908/1908/1908 
f 1915/1915/1915 1908/1908/1908 1908/1908/1908 
f 1908/1908/1908 1908/1908/1908 1913/1913/1913 
f 1908/1908/1908 1913/1913/1913 1913/1913/1913 
f 1913/1913/1913 1913/1913/1913 1914/1914/1914 
f 1913/1913/1913 1916/1916/1916 1914/1914/1914 
f 1914/1914/1914 1916/1916/1916 1914/1914/1914 
f 1916/1916/1916 1917/1917/1917 1914/1914/1914 
f 1914/1914/1914 1917/1917/1917 1918/1918/1918 
f 1917/1917/1917 1919/1919/1919 1918/1918/1918 
f 1918/1918/1918 1919/1919/1919 1918/1918/1918 
f 1919/1919/1919 1920/1920/1920 1918/1918/1918 
f 1918/1918/1918 1920/1920/1920 1915/1915/1915 
f 1920/1920/1920 1921/1921/1921 1915/1915/1915 
f 1915/1915/1915 1921/1921/1921 1908/1908/1908 
f 1921/1921/1921 1921/1921/1921 1908/1908/1908 
f 1908/1908/1908 1921/1921/1921 1906/1906/1906 
f 1921/1921/1921 1922/1922/1922 1906/1906/1906 
f 1906/1906/1906 1922/1922/1922 1904/1904/1904 
f 1922/1922/1922 1923/1923/1923 1904/1904/1904 
f 1904/1904/1904 1923/1923/1923 1903/1903/1903 
f 1923/1923/1923 1924/1924/1924 1903/1903/1903 
f 1903/1903/1903 1924/1924/1924 1903/1903/1903 
f 1924/1924/1924 1925/1925/1925 1903/1903/1903 
f 1903/1903/1903 1925/1925/1925 1900/1900/1900 
f 1925/1925/1925 1925/1925/1925 1900/1900/1900 
f 1900/1900/1900 1925/1925/1925 1899/1899/1899 
f 1925/1925/1925 1926/1926/1926 1899/1899/1899 
f 1899/1899/1899 1926/1926/1926 1898/1898/1898 
f 1926/1926/1926 1927/1927/1927 1898/1898/1898 
f 1898/1898/1898 1927/1927/1927 1897/1897/1897 
f 1927/1927/1927 1928/1928/1928 1897/1897/1897 
f 1897/1897/1897 1928/1928/1928 1897/1897/1897 
f 1928/1928/1928 1929/1929/1929 1897/1897/1897 
f 1897/1897/1897 1929/1929/1929 1896/1896/1896 
f 1929/1929/1929 1929/1929/1929 1896/1896/1896 
f 1896/1896/1896 1929/1929/1929 1895/1895/1895 
f 1929/1929/1929 1930/1930/1930 1895/1895/1895 
f 1895/1895/1895 1930/1930/1930 1894/1894/1894 
f 1930/1930/1930 1894/1894/1894 1894/1894/1894 
f 1894/1894/1894 1894/1894/1894 1914/1914/1914 
f 1894/1894/1894 1914/1914/1914 1914/1914/1914 
f 1914/1914/1914 1914/1914/1914 1915/1915/1915 
f 1914/1914/1914 1918/1918/1918 1915/1915/1915 
f 1915/1915/1915 1918/1918/1918 1918/1918/1918 
f 1918/1918/1918 1926/1926/1926 1918/1918/1918 
f 1918/1918/1918 1926/1926/1926 1926/1926/1926 
f 1926/1926/1926 1925/1925/1925 1926/1926/1926 
f 1926/1926/1926 1925/1925/1925 1927/1927/1927 
f 1925/1925/1925 1931/1931/1931 1927/1927/1927 
f 1927/1927/1927 1931/1931/1931 1928/1928/1928 
f 1931/1931/1931 1928/1928/1928 1928/1928/1928 
f 1928/1928/1928 1928/1928/1928 1924/1924/1924 
f 1928/1928/1928 1924/1924/1924 1924/1924/1924 
f 1924/1924/1924 1924/1924/1924 1925/1925/1925 
f 1924/1924/1924 1931/1931/1931 1925/1925/1925 
f 1925/1925/1925 1931/1931/1931 1931/1931/1931 
f 1931/1931/1931 1930/1930/1930 1931/1931/1931 
f 1931/1931/1931 1930/1930/1930 1930/1930/1930 
f 1930/1930/1930 1929/1929/1929 1930/1930/1930 
f 1930/1930/1930 1929/1929/1929 1932/1932/1932 
f 1929/1929/1929 1928/1928/1928 1932/1932/1932 
f 1932/1932/1932 1928/1928/1928 1932/1932/1932 
f 1928/1928/1928 1933/1933/1933 1932/1932/1932 
f 1932/1932/1932 1933/1933/1933 1934/1934/1934 
f 1933/1933/1933 1935/1935/1935 1934/1934/1934 
f 1934/1934/1934 1935/1935/1935 1894/1894/1894 
f 1935/1935/1935 1935/1935/1935 1894/1894/1894 
f 1894/1894/1894 1935/1935/1935 1893/1893/1893 
f 1935/1935/1935 1936/1936/1936 1893/1893/1893 
f 1893/1893/1893 1936/1936/1936 1892/1892/1892 
f 1936/1936/1936 1937/1937/1937 1892/1892/1892 
f 1892/1892/1892 1937/1937/1937 1891/1891/1891 
f 1937/1937/1937 1937/1937/1937 1891/1891/1891 
f 1891/1891/1891 1937/1937/1937 1890/1890/1890 
f 1937/1937/1937 1938/1938/1938 1890/1890/1890 
f 1890/1890/1890 1938/1938/1938 1889/1889/1889 
f 1938/1938/1938 1939/1939/1939 1889/1889/1889 
f 1889/1889/1889 1939/1939/1939 1888/1888/1888 
f 1939/1939/1939 1940/1940/1940 1888/1888/1888 
f 1888/1888/1888 1940/1940/1940 1877/1877/1877 
f 1940/1940/1940 1941/1941/1941 1877/1877/1877 
f 1877/1877/1877 1941/1941/1941 1876/1876/1876 
f 1941/1941/1941 1939/1939/1939 1876/1876/1876 
f 1876/1876/1876 1939/1939/1939 1875/1875/1875 
f 1939/1939/1939 1942/1942/1942 1875/1875/1875 
f 1875/1875/1875 1942/1942/1942 1873/1873/1873 
f 1942/1942/1942 1943/1943/1943 1873/1873/1873 
f 1873/1873/1873 1943/1943/1943 1874/1874/1874 
f 1943/1943/1943 1943/1943/1943 1874/1874/1874 
f 1874/1874/1874 1943/1943/1943 1944/1944/1944 
f 1943/1943/1943 1943/1943/1943 1944/1944/1944 
f 1944/1944/1944 1943/1943/1943 1945/1945/1945 
f 1943/1943/1943 1943/1943/1943 1945/1945/1945 
f 1945/1945/1945 1943/1943/1943 1946/1946/1946 
f 1943/1943/1943 1942/1942/1942 1946/1946/1946 
f 1946/1946/1946 1942/1942/1942 1946/1946/1946 
f 1942/1942/1942 1939/1939/1939 1946/1946/1946 
f 1946/1946/1946 1939/1939/1939 1938/1938/1938 
f 1939/1939/1939 1938/1938/1938 1938/1938/1938 
f 1938/1938/1938 1938/1938/1938 1932/1932/1932 
f 1938/1938/1938 1932/1932/1932 1932/1932/1932 
f 1932/1932/1932 1932/1932/1932 1930/1930/1930 
f 1932/1932/1932 1934/1934/1934 1930/1930/1930 
f 1930/1930/1930 1934/1934/1934 1894/1894/1894 
f 1934/1934/1934 1894/1894/1894 1894/1894/1894 
f 1894/1894/1894 1894/1894/1894 1939/1939/1939 
f 1894/1894/1894 1939/1939/1939 1939/1939/1939 
f 1939/1939/1939 1939/1939/1939 1940/1940/1940 
f 1939/1939/1939 1941/1941/1941 1940/1940/1940 
f 1940/1940/1940 1941/1941/1941 1941/1941/1941 
f 1941/1941/1941 1945/1945/1945 1941/1941/1941 
f 1941/1941/1941 1945/1945/1945 1945/1945/1945 
f 1945/1945/1945 1947/1947/1947 1945/1945/1945 
f 1945/1945/1945 1947/1947/1947 1944/1944/1944 
f 1947/1947/1947 1948/1948/1948 1944/1944/1944 
f 1944/1944/1944 1948/1948/1948 1948/1948/1948 
f 1948/1948/1948 1947/1947/1947 1948/1948/1948 
f 1948/1948/1948 1947/1947/1947 1947/1947/1947 
f 1947/1947/1947 1945/1945/1945 1947/1947/1947 
f 1947/1947/1947 1945/1945/1945 1949/1949/1949 
f 1945/1945/1945 1946/1946/1946 1949/1949/1949 
f 1949/1949/1949 1946/1946/1946 1949/1949/1949 
f 1946/1946/1946 1938/1938/1938 1949/1949/1949 
f 1949/1949/1949 1938/1938/1938 1950/1950/1950 
f 1938/1938/1938 1938/1938/1938 1950/1950/1950 
f 1950/1950/1950 1938/1938/1938 1951/1951/1951 
f 1938/1938/1938 1937/1937/1937 1951/1951/1951 
f 1951/1951/1951 1937/1937/1937 1952/1952/1952 
f 1937/1937/1937 1936/1936/1936 1952/1952/1952 
f 1952/1952/1952 1936/1936/1936 1953/1953/1953 
f 1936/1936/1936 1935/1935/1935 1953/1953/1953 
f 1953/1953/1953 1935/1935/1935 1954/1954/1954 
f 1935/1935/1935 1935/1935/1935 1954/1954/1954 
f 1954/1954/1954 1935/1935/1935 1955/1955/1955 
f 1935/1935/1935 1933/1933/1933 1955/1955/1955 
f 1955/1955/1955 1933/1933/1933 1955/1955/1955 
f 1933/1933/1933 1928/1928/1928 1955/1955/1955 
f 1955/1955/1955 1928/1928/1928 1956/1956/1956 
f 1928/1928/1928 1931/1931/1931 1956/1956/1956 
f 1956/1956/1956 1931/1931/1931 1957/1957/1957 
f 1931/1931/1931 1924/1924/1924 1957/1957/1957 
f 1957/1957/1957 1924/1924/1924 1958/1958/1958 
f 1924/1924/1924 1923/1923/1923 1958/1958/1958 
f 1958/1958/1958 1923/1923/1923 1959/1959/1959 
f 1923/1923/1923 1922/1922/1922 1959/1959/1959 
f 1959/1959/1959 1922/1922/1922 1960/1960/1960 
f 1922/1922/1922 1921/1921/1921 1960/1960/1960 
f 1960/1960/1960 1921/1921/1921 1960/1960/1960 
f 1921/1921/1921 1920/1920/1920 1960/1960/1960 
f 1960/1960/1960 1920/1920/1920 1961/1961/1961 
f 1920/1920/1920 1962/1962/1962 1961/1961/1961 
f 1961/1961/1961 1962/1962/1962 1960/1960/1960 
f 1962/1962/1962 1962/1962/1962 1960/1960/1960 
f 1960/1960/1960 1962/1962/1962 1959/1959/1959 
f 1962/1962/1962 1963/1963/1963 1959/1959/1959 
f 1959/1959/1959 1963/1963/1963 1958/1958/1958 
f 1963/1963/1963 1963/1963/1963 1958/1958/1958 
f 1958/1958/1958 1963/1963/1963 1957/1957/1957 
f 1963/1963/1963 1964/1964/1964 1957/1957/1957 
f 1957/1957/1957 1964/1964/1964 1956/1956/1956 
f 1964/1964/1964 1964/1964/1964 1956/1956/1956 
f 1956/1956/1956 1964/1964/1964 1955/1955/1955 
f 1964/1964/1964 1965/1965/1965 1955/1955/1955 
f 1955/1955/1955 1965/1965/1965 1954/1954/1954 
f 1965/1965/1965 1954/1954/1954 1954/1954/1954 
f 1954/1954/1954 1954/1954/1954 1952/1952/1952 
f 1954/1954/1954 1952/1952/1952 1952/1952/1952 
f 1952/1952/1952 1952/1952/1952 1966/1966/1966 
f 1952/1952/1952 1953/1953/1953 1966/1966/1966 
f 1966/1966/1966 1953/1953/1953 1954/1954/1954 
f 1953/1953/1953 1954/1954/1954 1954/1954/1954 
f 1954/1954/1954 1954/1954/1954 1962/1962/1962 
f 1954/1954/1954 1962/1962/1962 1962/1962/1962 
f 1962/1962/1962 1962/1962/1962 1967/1967/1967 
f 1962/1962/1962 1920/1920/1920 1967/1967/1967 
f 1967/1967/1967 1920/1920/1920 1967/1967/1967 
f 1920/1920/1920 1919/1919/1919 1967/1967/1967 
f 1967/1967/1967 1919/1919/1919 1967/1967/1967 
f 1919/1919/1919 1968/1968/1968 1967/1967/1967 
f 1967/1967/1967 1968/1968/1968 1969/1969/1969 
f 1968/1968/1968 1965/1965/1965 1969/1969/1969 
f 1969/1969/1969 1965/1965/1965 1969/1969/1969 
f 1965/1965/1965 1964/1964/1964 1969/1969/1969 
f 1969/1969/1969 1964/1964/1964 1969/1969/1969 
f 1964/1964/1964 1963/1963/1963 1969/1969/1969 
f 1969/1969/1969 1963/1963/1963 1967/1967/1967 
f 1963/1963/1963 1962/1962/1962 1967/1967/1967 
f 1967/1967/1967 1962/1962/1962 1962/1962/1962 
f 1962/1962/1962 1968/1968/1968 1962/1962/1962 
f 1962/1962/1962 1968/1968/1968 1968/1968/1968 
f 1968/1968/1968 1970/1970/1970 1968/1968/1968 
f 1968/1968/1968 1970/1970/1970 1965/1965/1965 
f 1970/1970/1970 1970/1970/1970 1965/1965/1965 
f 1965/1965/1965 1970/1970/1970 1954/1954/1954 
f 1970/1970/1970 1971/1971/1971 1954/1954/1954 
f 1954/1954/1954 1971/1971/1971 1966/1966/1966 
f 1971/1971/1971 1971/1971/1971 1966/1966/1966 
f 1966/1966/1966 1971/1971/1971 1952/1952/1952 
f 1971/1971/1971 1971/1971/1971 1952/1952/1952 
f 1952/1952/1952 1971/1971/1971 1951/1951/1951 
f 1971/1971/1971 1971/1971/1971 1951/1951/1951 
f 1951/1951/1951 1971/1971/1971 1950/1950/1950 
f 1971/1971/1971 1972/1972/1972 1950/1950/1950 
f 1950/1950/1950 1972/1972/1972 1973/1973/1973 
f 1972/1972/1972 1919/1919/1919 1973/1973/1973 
f 1973/1973/1973 1919/1919/1919 1973/1973/1973 
f 1919/1919/1919 1974/1974/1974 1973/1973/1973 
f 1973/1973/1973 1974/1974/1974 1947/1947/1947 
f 1974/1974/1974 1948/1948/1948 1947/1947/1947 
f 1947/1947/1947 1948/1948/1948 1948/1948/1948 
f 1948/1948/1948 1971/1971/1971 1948/1948/1948 
f 1948/1948/1948 1971/1971/1971 1971/1971/1971 
f 1971/1971/1971 1970/1970/1970 1971/1971/1971 
f 1971/1971/1971 1970/1970/1970 1972/1972/1972 
f 1970/1970/1970 1968/1968/1968 1972/1972/1972 
f 1972/1972/1972 1968/1968/1968 1919/1919/1919 
f 1968/1968/1968 1919/1919/1919 1919/1919/1919 
f 1919/1919/1919 1919/1919/1919 1950/1950/1950 
f 1919/1919/1919 1950/1950/1950 1950/1950/1950 
f 1950/1950/1950 1950/1950/1950 1949/1949/1949 
f 1950/1950/1950 1973/1973/1973 1949/1949/1949 
f 1949/1949/1949 1973/1973/1973 1947/1947/1947 
f 1973/1973/1973 1947/1947/1947 1947/1947/1947 
f 1947/1947/1947 1947/1947/1947 1919/1919/1919 
f 1947/1947/1947 1919/1919/1919 1919/1919/1919 
f 1919/1919/1919 1919/1919/1919 1974/1974/1974 
f 1919/1919/1919 1917/1917/1917 1974/1974/1974 
f 1974/1974/1974 1917/1917/1917 1974/1974/1974 
f 1917/1917/1917 1916/1916/1916 1974/1974/1974 
f 1974/1974/1974 1916/1916/1916 1974/1974/1974 
f 1916/1916/1916 1975/1975/1975 1974/1974/1974 
f 1974/1974/1974 1975/1975/1975 1948/1948/1948 
f 1975/1975/1975 1948/1948/1948 1948/1948/1948 
f 1948/1948/1948 1948/1948/1948 1976/1976/1976 
f 1948/1948/1948 1976/1976/1976 1976/1976/1976 
f 1976/1976/1976 1976/1976/1976 1977/1977/1977 
f 1976/1976/1976 1978/1978/1978 1977/1977/1977 
f 1977/1977/1977 1978/1978/1978 1979/1979/1979 
f 1978/1978/1978 1980/1980/1980 1979/1979/1979 
f 1979/1979/1979 1980/1980/1980 1979/1979/1979 
f 1980/1980/1980 1981/1981/1981 1979/1979/1979 
f 1979/1979/1979 1981/1981/1981 1977/1977/1977 
f 1981/1981/1981 1977/1977/1977 1977/1977/1977 
f 1977/1977/1977 1977/1977/1977 1978/1978/1978 
f 1977/1977/1977 1978/1978/1978 1978/1978/1978 
f 1978/1978/1978 1978/1978/1978 1982/1982/1982 
f 1978/1978/1978 1976/1976/1976 1982/1982/1982 
f 1982/1982/1982 1976/1976/1976 1982/1982/1982 
f 1976/1976/1976 1983/1983/1983 1982/1982/1982 
f 1982/1982/1982 1983/1983/1983 1984/1984/1984 
f 1983/1983/1983 1985/1985/1985 1984/1984/1984 
f 1984/1984/1984 1985/1985/1985 1986/1986/1986 
f 1985/1985/1985 1987/1987/1987 1986/1986/1986 
f 1986/1986/1986 1987/1987/1987 1986/1986/1986 
f 1987/1987/1987 1988/1988/1988 1986/1986/1986 
f 1986/1986/1986 1988/1988/1988 1989/1989/1989 
f 1988/1988/1988 1988/1988/1988 1989/1989/1989 
f 1989/1989/1989 1988/1988/1988 1990/1990/1990 
f 1988/1988/1988 1991/1991/1991 1990/1990/1990 
f 1990/1990/1990 1991/1991/1991 1992/1992/1992 
f 1991/1991/1991 1991/1991/1991 1992/1992/1992 
f 1992/1992/1992 1991/1991/1991 1993/1993/1993 
f 1991/1991/1991 1991/1991/1991 1993/1993/1993 
f 1993/1993/1993 1991/1991/1991 1994/1994/1994 
f 1991/1991/1991 1991/1991/1991 1994/1994/1994 
f 1994/1994/1994 1991/1991/1991 1995/1995/1995 
f 1991/1991/1991 1988/1988/1988 1995/1995/1995 
f 1995/1995/1995 1988/1988/1988 1988/1988/1988 
f 1988/1988/1988 1989/1989/1989 1988/1988/1988 
f 1988/1988/1988 1989/1989/1989 1989/1989/1989 
f 1989/1989/1989 1990/1990/1990 1989/1989/1989 
f 1989/1989/1989 1990/1990/1990 1996/1996/1996 
f 1990/1990/1990 1990/1990/1990 1996/1996/1996 
f 1996/1996/1996 1990/1990/1990 1997/1997/1997 
f 1990/1990/1990 1992/1992/1992 1997/1997/1997 
f 1997/1997/1997 1992/1992/1992 1992/1992/1992 
f 1992/1992/1992 1989/1989/1989 1992/1992/1992 
f 1992/1992/1992 1989/1989/1989 1989/1989/1989 
f 1989/1989/1989 1996/1996/1996 1989/1989/1989 
f 1989/1989/1989 1996/1996/1996 1986/1986/1986 
f 1996/1996/1996 1998/1998/1998 1986/1986/1986 
f 1986/1986/1986 1998/1998/1998 1986/1986/1986 
f 1998/1998/1998 1999/1999/1999 1986/1986/1986 
f 1986/1986/1986 1999/1999/1999 1984/1984/1984 
f 1999/1999/1999 2000/2000/2000 1984/1984/1984 
f 1984/1984/1984 2000/2000/2000 1982/1982/1982 
f 2000/2000/2000 2000/2000/2000 1982/1982/1982 
f 1982/1982/1982 2000/2000/2000 1978/1978/1978 
f 2000/2000/2000 2001/2001/2001 1978/1978/1978 
f 1978/1978/1978 2001/2001/2001 1980/1980/1980 
f 2001/2001/2001 2001/2001/2001 1980/1980/1980 
f 1980/1980/1980 2001/2001/2001 2002/2002/2002 
f 2001/2001/2001 2000/2000/2000 2002/2002/2002 
f 2002/2002/2002 2000/2000/2000 2003/2003/2003 
f 2000/2000/2000 2000/2000/2000 2003/2003/2003 
f 2003/2003/2003 2000/2000/2000 2004/2004/2004 
f 2000/2000/2000 1999/1999/1999 2004/2004/2004 
f 2004/2004/2004 1999/1999/1999 2005/2005/2005 
f 1999/1999/1999 1998/1998/1998 2005/2005/2005 
f 2005/2005/2005 1998/1998/1998 2005/2005/2005 
f 1998/1998/1998 1996/1996/1996 2005/2005/2005 
f 2005/2005/2005 1996/1996/1996 2006/2006/2006 
f 1996/1996/1996 1997/1997/1997 2006/2006/2006 
f 2006/2006/2006 1997/1997/1997 2007/2007/2007 
f 1997/1997/1997 1992/1992/1992 2007/2007/2007 
f 2007/2007/2007 1992/1992/1992 1992/1992/1992 
f 1992/1992/1992 2004/2004/2004 1992/1992/1992 
f 1992/1992/1992 2004/2004/2004 2004/2004/2004 
f 2004/2004/2004 2005/2005/2005 2004/2004/2004 
f 2004/2004/2004 2005/2005/2005 2008/2008/2008 
f 2005/2005/2005 2005/2005/2005 2008/2008/2008 
f 2008/2008/2008 2005/2005/2005 2009/2009/2009 
f 2005/2005/2005 2005/2005/2005 2009/2009/2009 
f 2009/2009/2009 2005/2005/2005 2010/2010/2010 
f 2005/2005/2005 2006/2006/2006 2010/2010/2010 
f 2010/2010/2010 2006/2006/2006 2011/2011/2011 
f 2006/2006/2006 2007/2007/2007 2011/2011/2011 
f 2011/2011/2011 2007/2007/2007 2007/2007/2007 
f 2007/2007/2007 2004/2004/2004 2007/2007/2007 
f 2007/2007/2007 2004/2004/2004 2004/2004/2004 
f 2004/2004/2004 2008/2008/2008 2004/2004/2004 
f 2004/2004/2004 2008/2008/2008 2003/2003/2003 
f 2008/2008/2008 2012/2012/2012 2003/2003/2003 
f 2003/2003/2003 2012/2012/2012 2002/2002/2002 
f 2012/2012/2012 2002/2002/2002 2002/2002/2002 
f 2002/2002/2002 2002/2002/2002 2012/2012/2012 
f 2002/2002/2002 2012/2012/2012 2012/2012/2012 
f 2012/2012/2012 2012/2012/2012 2013/2013/2013 
f 2012/2012/2012 2008/2008/2008 2013/2013/2013 
f 2013/2013/2013 2008/2008/2008 2013/2013/2013 
f 2008/2008/2008 2009/2009/2009 2013/2013/2013 
f 2013/2013/2013 2009/2009/2009 2014/2014/2014 
f 2009/2009/2009 2009/2009/2009 2014/2014/2014 
f 2014/2014/2014 2009/2009/2009 2015/2015/2015 
f 2009/2009/2009 2010/2010/2010 2015/2015/2015 
f 2015/2015/2015 2010/2010/2010 2016/2016/2016 
f 2010/2010/2010 2011/2011/2011 2016/2016/2016 
f 2016/2016/2016 2011/2011/2011 2017/2017/2017 
f 2011/2011/2011 2007/2007/2007 2017/2017/2017 
f 2017/2017/2017 2007/2007/2007 2018/2018/2018 
f 2007/2007/2007 1992/1992/1992 2018/2018/2018 
f 2018/2018/2018 1992/1992/1992 2019/2019/2019 
f 1992/1992/1992 1992/1992/1992 2019/2019/2019 
f 2019/2019/2019 1992/1992/1992 2020/2020/2020 
f 1992/1992/1992 1993/1993/1993 2020/2020/2020 
f 2020/2020/2020 1993/1993/1993 2021/2021/2021 
f 1993/1993/1993 1994/1994/1994 2021/2021/2021 
f 2021/2021/2021 1994/1994/1994 2022/2022/2022 
f 1994/1994/1994 2023/2023/2023 2022/2022/2022 
f 2022/2022/2022 2023/2023/2023 2024/2024/2024 
f 2023/2023/2023 2025/2025/2025 2024/2024/2024 
f 2024/2024/2024 2025/2025/2025 2026/2026/2026 
f 2025/2025/2025 2027/2027/2027 2026/2026/2026 
f 2026/2026/2026 2027/2027/2027 2028/2028/2028 
f 2027/2027/2027 2029/2029/2029 2028/2028/2028 
f 2028/2028/2028 2029/2029/2029 2030/2030/2030 
f 2029/2029/2029 2031/2031/2031 2030/2030/2030 
f 2030/2030/2030 2031/2031/2031 2032/2032/2032 
f 2031/2031/2031 2033/2033/2033 2032/2032/2032 
f 2032/2032/2032 2033/2033/2033 2034/2034/2034 
f 2033/2033/2033 2035/2035/2035 2034/2034/2034 
f 2034/2034/2034 2035/2035/2035 2036/2036/2036 
f 2035/2035/2035 2037/2037/2037 2036/2036/2036 
f 2036/2036/2036 2037/2037/2037 2036/2036/2036 
f 2037/2037/2037 2038/2038/2038 2036/2036/2036 
f 2036/2036/2036 2038/2038/2038 2039/2039/2039 
f 2038/2038/2038 2040/2040/2040 2039/2039/2039 
f 2039/2039/2039 2040/2040/2040 2040/2040/2040 
f 2040/2040/2040 2033/2033/2033 2040/2040/2040 
f 2040/2040/2040 2033/2033/2033 2033/2033/2033 
f 2033/2033/2033 2041/2041/2041 2033/2033/2033 
f 2033/2033/2033 2041/2041/2041 2035/2035/2035 
f 2041/2041/2041 2041/2041/2041 2035/2035/2035 
f 2035/2035/2035 2041/2041/2041 2042/2042/2042 
f 2041/2041/2041 2043/2043/2043 2042/2042/2042 
f 2042/2042/2042 2043/2043/2043 2043/2043/2043 
f 2043/2043/2043 2039/2039/2039 2043/2043/2043 
f 2043/2043/2043 2039/2039/2039 2039/2039/2039 
f 2039/2039/2039 2044/2044/2044 2039/2039/2039 
f 2039/2039/2039 2044/2044/2044 2036/2036/2036 
f 2044/2044/2044 2044/2044/2044 2036/2036/2036 
f 2036/2036/2036 2044/2044/2044 2034/2034/2034 
f 2044/2044/2044 2045/2045/2045 2034/2034/2034 
f 2034/2034/2034 2045/2045/2045 2032/2032/2032 
f 2045/2045/2045 2046/2046/2046 2032/2032/2032 
f 2032/2032/2032 2046/2046/2046 2030/2030/2030 
f 2046/2046/2046 2047/2047/2047 2030/2030/2030 
f 2030/2030/2030 2047/2047/2047 2028/2028/2028 
f 2047/2047/2047 2048/2048/2048 2028/2028/2028 
f 2028/2028/2028 2048/2048/2048 2049/2049/2049 
f 2048/2048/2048 2050/2050/2050 2049/2049/2049 
f 2049/2049/2049 2050/2050/2050 2049/2049/2049 
f 2050/2050/2050 2051/2051/2051 2049/2049/2049 
f 2049/2049/2049 2051/2051/2051 2024/2024/2024 
f 2051/2051/2051 2022/2022/2022 2024/2024/2024 
f 2024/2024/2024 2022/2022/2022 2022/2022/2022 
f 2022/2022/2022 2028/2028/2028 2022/2022/2022 
f 2022/2022/2022 2028/2028/2028 2028/2028/2028 
f 2028/2028/2028 2049/2049/2049 2028/2028/2028 
f 2028/2028/2028 2049/2049/2049 2026/2026/2026 
f 2049/2049/2049 2024/2024/2024 2026/2026/2026 
f 2026/2026/2026 2024/2024/2024 2024/2024/2024 
f 2024/2024/2024 2050/2050/2050 2024/2024/2024 
f 2024/2024/2024 2050/2050/2050 2050/2050/2050 
f 2050/2050/2050 2048/2048/2048 2050/2050/2050 
f 2050/2050/2050 2048/2048/2048 2052/2052/2052 
f 2048/2048/2048 2048/2048/2048 2052/2052/2052 
f 2052/2052/2052 2048/2048/2048 2053/2053/2053 
f 2048/2048/2048 2047/2047/2047 2053/2053/2053 
f 2053/2053/2053 2047/2047/2047 2054/2054/2054 
f 2047/2047/2047 2046/2046/2046 2054/2054/2054 
f 2054/2054/2054 2046/2046/2046 2055/2055/2055 
f 2046/2046/2046 2045/2045/2045 2055/2055/2055 
f 2055/2055/2055 2045/2045/2045 2056/2056/2056 
f 2045/2045/2045 2044/2044/2044 2056/2056/2056 
f 2056/2056/2056 2044/2044/2044 2057/2057/2057 
f 2044/2044/2044 2039/2039/2039 2057/2057/2057 
f 2057/2057/2057 2039/2039/2039 2058/2058/2058 
f 2039/2039/2039 2040/2040/2040 2058/2058/2058 
f 2058/2058/2058 2040/2040/2040 2058/2058/2058 
f 2040/2040/2040 2059/2059/2059 2058/2058/2058 
f 2058/2058/2058 2059/2059/2059 2060/2060/2060 
f 2059/2059/2059 2059/2059/2059 2060/2060/2060 
f 2060/2060/2060 2059/2059/2059 2061/2061/2061 
f 2059/2059/2059 2062/2062/2062 2061/2061/2061 
f 2061/2061/2061 2062/2062/2062 2063/2063/2063 
f 2062/2062/2062 2064/2064/2064 2063/2063/2063 
f 2063/2063/2063 2064/2064/2064 2065/2065/2065 
f 2064/2064/2064 2064/2064/2064 2065/2065/2065 
f 2065/2065/2065 2064/2064/2064 2066/2066/2066 
f 2064/2064/2064 2064/2064/2064 2066/2066/2066 
f 2066/2066/2066 2064/2064/2064 2067/2067/2067 
f 2064/2064/2064 2064/2064/2064 2067/2067/2067 
f 2067/2067/2067 2064/2064/2064 2068/2068/2068 
f 2064/2064/2064 2062/2062/2062 2068/2068/2068 
f 2068/2068/2068 2062/2062/2062 2062/2062/2062 
f 2062/2062/2062 2065/2065/2065 2062/2062/2062 
f 2062/2062/2062 2065/2065/2065 2065/2065/2065 
f 2065/2065/2065 2069/2069/2069 2065/2065/2065 
f 2065/2065/2065 2069/2069/2069 2063/2063/2063 
f 2069/2069/2069 2069/2069/2069 2063/2063/2063 
f 2063/2063/2063 2069/2069/2069 2061/2061/2061 
f 2069/2069/2069 2070/2070/2070 2061/2061/2061 
f 2061/2061/2061 2070/2070/2070 2060/2060/2060 
f 2070/2070/2070 2071/2071/2071 2060/2060/2060 
f 2060/2060/2060 2071/2071/2071 2058/2058/2058 
f 2071/2071/2071 2071/2071/2071 2058/2058/2058 
f 2058/2058/2058 2071/2071/2071 2057/2057/2057 
f 2071/2071/2071 2071/2071/2071 2057/2057/2057 
f 2057/2057/2057 2071/2071/2071 2056/2056/2056 
f 2071/2071/2071 2071/2071/2071 2056/2056/2056 
f 2056/2056/2056 2071/2071/2071 2072/2072/2072 
f 2071/2071/2071 2071/2071/2071 2072/2072/2072 
f 2072/2072/2072 2071/2071/2071 2073/2073/2073 
f 2071/2071/2071 2071/2071/2071 2073/2073/2073 
f 2073/2073/2073 2071/2071/2071 2074/2074/2074 
f 2071/2071/2071 2070/2070/2070 2074/2074/2074 
f 2074/2074/2074 2070/2070/2070 2075/2075/2075 
f 2070/2070/2070 2069/2069/2069 2075/2075/2075 
f 2075/2075/2075 2069/2069/2069 2076/2076/2076 
f 2069/2069/2069 2065/2065/2065 2076/2076/2076 
f 2076/2076/2076 2065/2065/2065 2077/2077/2077 
f 2065/2065/2065 2066/2066/2066 2077/2077/2077 
f 2077/2077/2077 2066/2066/2066 2078/2078/2078 
f 2066/2066/2066 2067/2067/2067 2078/2078/2078 
f 2078/2078/2078 2067/2067/2067 2079/2079/2079 
f 2067/2067/2067 2080/2080/2080 2079/2079/2079 
f 2079/2079/2079 2080/2080/2080 2081/2081/2081 
f 2080/2080/2080 2082/2082/2082 2081/2081/2081 
f 2081/2081/2081 2082/2082/2082 2081/2081/2081 
f 2082/2082/2082 2083/2083/2083 2081/2081/2081 
f 2081/2081/2081 2083/2083/2083 2084/2084/2084 
f 2083/2083/2083 2085/2085/2085 2084/2084/2084 
f 2084/2084/2084 2085/2085/2085 2085/2085/2085 
f 2085/2085/2085 2084/2084/2084 2085/2085/2085 
f 2085/2085/2085 2084/2084/2084 2084/2084/2084 
f 2084/2084/2084 2086/2086/2086 2084/2084/2084 
f 2084/2084/2084 2086/2086/2086 2081/2081/2081 
f 2086/2086/2086 2086/2086/2086 2081/2081/2081 
f 2081/2081/2081 2086/2086/2086 2079/2079/2079 
f 2086/2086/2086 2087/2087/2087 2079/2079/2079 
f 2079/2079/2079 2087/2087/2087 2078/2078/2078 
f 2087/2087/2087 2088/2088/2088 2078/2078/2078 
f 2078/2078/2078 2088/2088/2088 2077/2077/2077 
f 2088/2088/2088 2089/2089/2089 2077/2077/2077 
f 2077/2077/2077 2089/2089/2089 2090/2090/2090 
f 2089/2089/2089 2091/2091/2091 2090/2090/2090 
f 2090/2090/2090 2091/2091/2091 2090/2090/2090 
f 2091/2091/2091 2092/2092/2092 2090/2090/2090 
f 2090/2090/2090 2092/2092/2092 2077/2077/2077 
f 2092/2092/2092 2093/2093/2093 2077/2077/2077 
f 2077/2077/2077 2093/2093/2093 2076/2076/2076 
f 2093/2093/2093 2093/2093/2093 2076/2076/2076 
f 2076/2076/2076 2093/2093/2093 2094/2094/2094 
f 2093/2093/2093 2095/2095/2095 2094/2094/2094 
f 2094/2094/2094 2095/2095/2095 2096/2096/2096 
f 2095/2095/2095 2095/2095/2095 2096/2096/2096 
f 2096/2096/2096 2095/2095/2095 2097/2097/2097 
f 2095/2095/2095 2092/2092/2092 2097/2097/2097 
f 2097/2097/2097 2092/2092/2092 2097/2097/2097 
f 2092/2092/2092 2091/2091/2091 2097/2097/2097 
f 2097/2097/2097 2091/2091/2091 2098/2098/2098 
f 2091/2091/2091 2088/2088/2088 2098/2098/2098 
f 2098/2098/2098 2088/2088/2088 2098/2098/2098 
f 2088/2088/2088 2087/2087/2087 2098/2098/2098 
f 2098/2098/2098 2087/2087/2087 1981/1981/1981 
f 2087/2087/2087 2086/2086/2086 1981/1981/1981 
f 1981/1981/1981 2086/2086/2086 2086/2086/2086 
f 2086/2086/2086 2088/2088/2088 2086/2086/2086 
f 2086/2086/2086 2088/2088/2088 2088/2088/2088 
f 2088/2088/2088 2091/2091/2091 2088/2088/2088 
f 2088/2088/2088 2091/2091/2091 2089/2089/2089 
f 2091/2091/2091 2089/2089/2089 2089/2089/2089 
f 2089/2089/2089 2089/2089/2089 2093/2093/2093 
f 2089/2089/2089 2093/2093/2093 2093/2093/2093 
f 2093/2093/2093 2093/2093/2093 2095/2095/2095 
f 2093/2093/2093 2092/2092/2092 2095/2095/2095 
f 2095/2095/2095 2092/2092/2092 2092/2092/2092 
f 2092/2092/2092 1981/1981/1981 2092/2092/2092 
f 2092/2092/2092 1981/1981/1981 1981/1981/1981 
f 1981/1981/1981 1980/1980/1980 1981/1981/1981 
f 1981/1981/1981 1980/1980/1980 2098/2098/2098 
f 1980/1980/1980 1980/1980/1980 2098/2098/2098 
f 2098/2098/2098 1980/1980/1980 2097/2097/2097 
f 1980/1980/1980 2002/2002/2002 2097/2097/2097 
f 2097/2097/2097 2002/2002/2002 2096/2096/2096 
f 2002/2002/2002 2012/2012/2012 2096/2096/2096 
f 2096/2096/2096 2012/2012/2012 2099/2099/2099 
f 2012/2012/2012 2013/2013/2013 2099/2099/2099 
f 2099/2099/2099 2013/2013/2013 2100/2100/2100 
f 2013/2013/2013 2014/2014/2014 2100/2100/2100 
f 2100/2100/2100 2014/2014/2014 2101/2101/2101 
f 2014/2014/2014 2015/2015/2015 2101/2101/2101 
f 2101/2101/2101 2015/2015/2015 2102/2102/2102 
f 2015/2015/2015 2016/2016/2016 2102/2102/2102 
f 2102/2102/2102 2016/2016/2016 2103/2103/2103 
f 2016/2016/2016 2017/2017/2017 2103/2103/2103 
f 2103/2103/2103 2017/2017/2017 2104/2104/2104 
f 2017/2017/2017 2018/2018/2018 2104/2104/2104 
f 2104/2104/2104 2018/2018/2018 2104/2104/2104 
f 2018/2018/2018 2019/2019/2019 2104/2104/2104 
f 2104/2104/2104 2019/2019/2019 2104/2104/2104 
f 2019/2019/2019 2105/2105/2105 2104/2104/2104 
f 2104/2104/2104 2105/2105/2105 2106/2106/2106 
f 2105/2105/2105 2107/2107/2107 2106/2106/2106 
f 2106/2106/2106 2107/2107/2107 2101/2101/2101 
f 2107/2107/2107 2107/2107/2107 2101/2101/2101 
f 2101/2101/2101 2107/2107/2107 2108/2108/2108 
f 2107/2107/2107 2109/2109/2109 2108/2108/2108 
f 2108/2108/2108 2109/2109/2109 2110/2110/2110 
f 2109/2109/2109 2109/2109/2109 2110/2110/2110 
f 2110/2110/2110 2109/2109/2109 2111/2111/2111 
f 2109/2109/2109 2109/2109/2109 2111/2111/2111 
f 2111/2111/2111 2109/2109/2109 2112/2112/2112 
f 2109/2109/2109 2105/2105/2105 2112/2112/2112 
f 2112/2112/2112 2105/2105/2105 2112/2112/2112 
f 2105/2105/2105 2019/2019/2019 2112/2112/2112 
f 2112/2112/2112 2019/2019/2019 2112/2112/2112 
f 2019/2019/2019 2020/2020/2020 2112/2112/2112 
f 2112/2112/2112 2020/2020/2020 2113/2113/2113 
f 2020/2020/2020 2021/2021/2021 2113/2113/2113 
f 2113/2113/2113 2021/2021/2021 2113/2113/2113 
f 2021/2021/2021 2022/2022/2022 2113/2113/2113 
f 2113/2113/2113 2022/2022/2022 2114/2114/2114 
f 2022/2022/2022 2051/2051/2051 2114/2114/2114 
f 2114/2114/2114 2051/2051/2051 2114/2114/2114 
f 2051/2051/2051 2115/2115/2115 2114/2114/2114 
f 2114/2114/2114 2115/2115/2115 2111/2111/2111 
f 2115/2115/2115 2110/2110/2110 2111/2111/2111 
f 2111/2111/2111 2110/2110/2110 2110/2110/2110 
f 2110/2110/2110 2104/2104/2104 2110/2110/2110 
f 2110/2110/2110 2104/2104/2104 2104/2104/2104 
f 2104/2104/2104 2106/2106/2106 2104/2104/2104 
f 2104/2104/2104 2106/2106/2106 2103/2103/2103 
f 2106/2106/2106 2106/2106/2106 2103/2103/2103 
f 2103/2103/2103 2106/2106/2106 2102/2102/2102 
f 2106/2106/2106 2101/2101/2101 2102/2102/2102 
f 2102/2102/2102 2101/2101/2101 2101/2101/2101 
f 2101/2101/2101 2107/2107/2107 2101/2101/2101 
f 2101/2101/2101 2107/2107/2107 2107/2107/2107 
f 2107/2107/2107 2105/2105/2105 2107/2107/2107 
f 2107/2107/2107 2105/2105/2105 2109/2109/2109 
f 2105/2105/2105 2109/2109/2109 2109/2109/2109 
f 2109/2109/2109 2109/2109/2109 2112/2112/2112 
f 2109/2109/2109 2112/2112/2112 2112/2112/2112 
f 2112/2112/2112 2112/2112/2112 2111/2111/2111 
f 2112/2112/2112 2113/2113/2113 2111/2111/2111 
f 2111/2111/2111 2113/2113/2113 2114/2114/2114 
f 2113/2113/2113 2114/2114/2114 2114/2114/2114 
f 2114/2114/2114 2114/2114/2114 2051/2051/2051 
f 2114/2114/2114 2051/2051/2051 2051/2051/2051 
f 2051/2051/2051 2051/2051/2051 2115/2115/2115 
f 2051/2051/2051 2050/2050/2050 2115/2115/2115 
f 2115/2115/2115 2050/2050/2050 2116/2116/2116 
f 2050/2050/2050 2052/2052/2052 2116/2116/2116 
f 2116/2116/2116 2052/2052/2052 2052/2052/2052 
f 2052/2052/2052 2115/2115/2115 2052/2052/2052 
f 2052/2052/2052 2115/2115/2115 2115/2115/2115 
f 2115/2115/2115 2116/2116/2116 2115/2115/2115 
f 2115/2115/2115 2116/2116/2116 2110/2110/2110 
f 2116/2116/2116 2117/2117/2117 2110/2110/2110 
f 2110/2110/2110 2117/2117/2117 2108/2108/2108 
f 2117/2117/2117 2118/2118/2118 2108/2108/2108 
f 2108/2108/2108 2118/2118/2118 2101/2101/2101 
f 2118/2118/2118 2119/2119/2119 2101/2101/2101 
f 2101/2101/2101 2119/2119/2119 2100/2100/2100 
f 2119/2119/2119 2119/2119/2119 2100/2100/2100 
f 2100/2100/2100 2119/2119/2119 2120/2120/2120 
f 2119/2119/2119 2121/2121/2121 2120/2120/2120 
f 2120/2120/2120 2121/2121/2121 2122/2122/2122 
f 2121/2121/2121 2118/2118/2118 2122/2122/2122 
f 2122/2122/2122 2118/2118/2118 2123/2123/2123 
f 2118/2118/2118 2117/2117/2117 2123/2123/2123 
f 2123/2123/2123 2117/2117/2117 2124/2124/2124 
f 2117/2117/2117 2116/2116/2116 2124/2124/2124 
f 2124/2124/2124 2116/2116/2116 2125/2125/2125 
f 2116/2116/2116 2116/2116/2116 2125/2125/2125 
f 2125/2125/2125 2116/2116/2116 2126/2126/2126 
f 2116/2116/2116 2052/2052/2052 2126/2126/2126 
f 2126/2126/2126 2052/2052/2052 2127/2127/2127 
f 2052/2052/2052 2053/2053/2053 2127/2127/2127 
f 2127/2127/2127 2053/2053/2053 2127/2127/2127 
f 2053/2053/2053 2054/2054/2054 2127/2127/2127 
f 2127/2127/2127 2054/2054/2054 2128/2128/2128 
f 2054/2054/2054 2055/2055/2055 2128/2128/2128 
f 2128/2128/2128 2055/2055/2055 2129/2129/2129 
f 2055/2055/2055 2056/2056/2056 2129/2129/2129 
f 2129/2129/2129 2056/2056/2056 2128/2128/2128 
f 2056/2056/2056 2072/2072/2072 2128/2128/2128 
f 2128/2128/2128 2072/2072/2072 2127/2127/2127 
f 2072/2072/2072 2130/2130/2130 2127/2127/2127 
f 2127/2127/2127 2130/2130/2130 2126/2126/2126 
f 2130/2130/2130 2130/2130/2130 2126/2126/2126 
f 2126/2126/2126 2130/2130/2130 2125/2125/2125 
f 2130/2130/2130 2073/2073/2073 2125/2125/2125 
f 2125/2125/2125 2073/2073/2073 2123/2123/2123 
f 2073/2073/2073 2074/2074/2074 2123/2123/2123 
f 2123/2123/2123 2074/2074/2074 2122/2122/2122 
f 2074/2074/2074 2075/2075/2075 2122/2122/2122 
f 2122/2122/2122 2075/2075/2075 2131/2131/2131 
f 2075/2075/2075 2076/2076/2076 2131/2131/2131 
f 2131/2131/2131 2076/2076/2076 2132/2132/2132 
f 2076/2076/2076 2094/2094/2094 2132/2132/2132 
f 2132/2132/2132 2094/2094/2094 2094/2094/2094 
f 2094/2094/2094 2119/2119/2119 2094/2094/2094 
f 2094/2094/2094 2119/2119/2119 2119/2119/2119 
f 2119/2119/2119 2118/2118/2118 2119/2119/2119 
f 2119/2119/2119 2118/2118/2118 2121/2121/2121 
f 2118/2118/2118 2121/2121/2121 2121/2121/2121 
f 2121/2121/2121 2121/2121/2121 2124/2124/2124 
f 2121/2121/2121 2124/2124/2124 2124/2124/2124 
f 2124/2124/2124 2124/2124/2124 2123/2123/2123 
f 2124/2124/2124 2125/2125/2125 2123/2123/2123 
f 2123/2123/2123 2125/2125/2125 2125/2125/2125 
f 2125/2125/2125 2130/2130/2130 2125/2125/2125 
f 2125/2125/2125 2130/2130/2130 2130/2130/2130 
f 2130/2130/2130 2072/2072/2072 2130/2130/2130 
f 2130/2130/2130 2072/2072/2072 2073/2073/2073 
f 2072/2072/2072 2073/2073/2073 2073/2073/2073 
f 2073/2073/2073 2073/2073/2073 2122/2122/2122 
f 2073/2073/2073 2122/2122/2122 2122/2122/2122 
f 2122/2122/2122 2122/2122/2122 2120/2120/2120 
f 2122/2122/2122 2131/2131/2131 2120/2120/2120 
f 2120/2120/2120 2131/2131/2131 2120/2120/2120 
f 2131/2131/2131 2132/2132/2132 2120/2120/2120 
f 2120/2120/2120 2132/2132/2132 2100/2100/2100 
f 2132/2132/2132 2132/2132/2132 2100/2100/2100 
f 2100/2100/2100 2132/2132/2132 2099/2099/2099 
f 2132/2132/2132 2133/2133/2133 2099/2099/2099 
f 2099/2099/2099 2133/2133/2133 2096/2096/2096 
f 2133/2133/2133 2133/2133/2133 2096/2096/2096 
f 2096/2096/2096 2133/2133/2133 2094/2094/2094 
f 2133/2133/2133 2132/2132/2132 2094/2094/2094 
f 2094/2094/2094 2132/2132/2132 2132/2132/2132 
f 2132/2132/2132 1981/1981/1981 2132/2132/2132 
f 2132/2132/2132 1981/1981/1981 1981/1981/1981 
f 1981/1981/1981 2086/2086/2086 1981/1981/1981 
f 1981/1981/1981 2086/2086/2086 1977/1977/1977 
f 2086/2086/2086 2134/2134/2134 1977/1977/1977 
f 1977/1977/1977 2134/2134/2134 2135/2135/2135 
f 2134/2134/2134 2135/2135/2135 2135/2135/2135 
f 2135/2135/2135 2135/2135/2135 2134/2134/2134 
f 2135/2135/2135 2134/2134/2134 2134/2134/2134 
f 2134/2134/2134 2134/2134/2134 2136/2136/2136 
f 2134/2134/2134 2086/2086/2086 2136/2136/2136 
f 2136/2136/2136 2086/2086/2086 2136/2136/2136 
f 2086/2086/2086 2084/2084/2084 2136/2136/2136 
f 2136/2136/2136 2084/2084/2084 2137/2137/2137 
f 2084/2084/2084 2085/2085/2085 2137/2137/2137 
f 2137/2137/2137 2085/2085/2085 2138/2138/2138 
f 2085/2085/2085 2139/2139/2139 2138/2138/2138 
f 2138/2138/2138 2139/2139/2139 2140/2140/2140 
f 2139/2139/2139 2141/2141/2141 2140/2140/2140 
f 2140/2140/2140 2141/2141/2141 2142/2142/2142 
f 2141/2141/2141 2141/2141/2141 2142/2142/2142 
f 2142/2142/2142 2141/2141/2141 2143/2143/2143 
f 2141/2141/2141 2144/2144/2144 2143/2143/2143 
f 2143/2143/2143 2144/2144/2144 2143/2143/2143 
f 2144/2144/2144 2145/2145/2145 2143/2143/2143 
f 2143/2143/2143 2145/2145/2145 2146/2146/2146 
f 2145/2145/2145 2145/2145/2145 2146/2146/2146 
f 2146/2146/2146 2145/2145/2145 2147/2147/2147 
f 2145/2145/2145 2148/2148/2148 2147/2147/2147 
f 2147/2147/2147 2148/2148/2148 2149/2149/2149 
f 2148/2148/2148 2150/2150/2150 2149/2149/2149 
f 2149/2149/2149 2150/2150/2150 2149/2149/2149 
f 2150/2150/2150 2151/2151/2151 2149/2149/2149 
f 2149/2149/2149 2151/2151/2151 2152/2152/2152 
f 2151/2151/2151 2153/2153/2153 2152/2152/2152 
f 2152/2152/2152 2153/2153/2153 2152/2152/2152 
f 2153/2153/2153 2154/2154/2154 2152/2152/2152 
f 2152/2152/2152 2154/2154/2154 2147/2147/2147 
f 2154/2154/2154 2154/2154/2154 2147/2147/2147 
f 2147/2147/2147 2154/2154/2154 2146/2146/2146 
f 2154/2154/2154 2155/2155/2155 2146/2146/2146 
f 2146/2146/2146 2155/2155/2155 2143/2143/2143 
f 2155/2155/2155 2155/2155/2155 2143/2143/2143 
f 2143/2143/2143 2155/2155/2155 2142/2142/2142 
f 2155/2155/2155 2156/2156/2156 2142/2142/2142 
f 2142/2142/2142 2156/2156/2156 2142/2142/2142 
f 2156/2156/2156 2157/2157/2157 2142/2142/2142 
f 2142/2142/2142 2157/2157/2157 2140/2140/2140 
f 2157/2157/2157 2157/2157/2157 2140/2140/2140 
f 2140/2140/2140 2157/2157/2157 2138/2138/2138 
f 2157/2157/2157 2158/2158/2158 2138/2138/2138 
f 2138/2138/2138 2158/2158/2158 2137/2137/2137 
f 2158/2158/2158 2159/2159/2159 2137/2137/2137 
f 2137/2137/2137 2159/2159/2159 2136/2136/2136 
f 2159/2159/2159 2160/2160/2160 2136/2136/2136 
f 2136/2136/2136 2160/2160/2160 2134/2134/2134 
f 2160/2160/2160 2161/2161/2161 2134/2134/2134 
f 2134/2134/2134 2161/2161/2161 2135/2135/2135 
f 2161/2161/2161 2162/2162/2162 2135/2135/2135 
f 2135/2135/2135 2162/2162/2162 1977/1977/1977 
f 2162/2162/2162 2162/2162/2162 1977/1977/1977 
f 1977/1977/1977 2162/2162/2162 2163/2163/2163 
f 2162/2162/2162 2164/2164/2164 2163/2163/2163 
f 2163/2163/2163 2164/2164/2164 2165/2165/2165 
f 2164/2164/2164 2166/2166/2166 2165/2165/2165 
f 2165/2165/2165 2166/2166/2166 2167/2167/2167 
f 2166/2166/2166 2167/2167/2167 2167/2167/2167 
f 2167/2167/2167 2167/2167/2167 2085/2085/2085 
f 2167/2167/2167 2085/2085/2085 2085/2085/2085 
f 2085/2085/2085 2085/2085/2085 2139/2139/2139 
f 2085/2085/2085 2168/2168/2168 2139/2139/2139 
f 2139/2139/2139 2168/2168/2168 2139/2139/2139 
f 2168/2168/2168 2169/2169/2169 2139/2139/2139 
f 2139/2139/2139 2169/2169/2169 2141/2141/2141 
f 2169/2169/2169 2141/2141/2141 2141/2141/2141 
f 2141/2141/2141 2141/2141/2141 2152/2152/2152 
f 2141/2141/2141 2152/2152/2152 2152/2152/2152 
f 2152/2152/2152 2152/2152/2152 2149/2149/2149 
f 2152/2152/2152 2147/2147/2147 2149/2149/2149 
f 2149/2149/2149 2147/2147/2147 2147/2147/2147 
f 2147/2147/2147 2166/2166/2166 2147/2147/2147 
f 2147/2147/2147 2166/2166/2166 2166/2166/2166 
f 2166/2166/2166 2164/2164/2164 2166/2166/2166 
f 2166/2166/2166 2164/2164/2164 2170/2170/2170 
f 2164/2164/2164 2162/2162/2162 2170/2170/2170 
f 2170/2170/2170 2162/2162/2162 2171/2171/2171 
f 2162/2162/2162 2161/2161/2161 2171/2171/2171 
f 2171/2171/2171 2161/2161/2161 2172/2172/2172 
f 2161/2161/2161 2161/2161/2161 2172/2172/2172 
f 2172/2172/2172 2161/2161/2161 2173/2173/2173 
f 2161/2161/2161 2160/2160/2160 2173/2173/2173 
f 2173/2173/2173 2160/2160/2160 2174/2174/2174 
f 2160/2160/2160 2159/2159/2159 2174/2174/2174 
f 2174/2174/2174 2159/2159/2159 2175/2175/2175 
f 2159/2159/2159 2158/2158/2158 2175/2175/2175 
f 2175/2175/2175 2158/2158/2158 2176/2176/2176 
f 2158/2158/2158 2177/2177/2177 2176/2176/2176 
f 2176/2176/2176 2177/2177/2177 2174/2174/2174 
f 2177/2177/2177 2177/2177/2177 2174/2174/2174 
f 2174/2174/2174 2177/2177/2177 2173/2173/2173 
f 2177/2177/2177 2178/2178/2178 2173/2173/2173 
f 2173/2173/2173 2178/2178/2178 2179/2179/2179 
f 2178/2178/2178 2178/2178/2178 2179/2179/2179 
f 2179/2179/2179 2178/2178/2178 2180/2180/2180 
f 2178/2178/2178 2181/2181/2181 2180/2180/2180 
f 2180/2180/2180 2181/2181/2181 2182/2182/2182 
f 2181/2181/2181 2158/2158/2158 2182/2182/2182 
f 2182/2182/2182 2158/2158/2158 2182/2182/2182 
f 2158/2158/2158 2157/2157/2157 2182/2182/2182 
f 2182/2182/2182 2157/2157/2157 2182/2182/2182 
f 2157/2157/2157 2156/2156/2156 2182/2182/2182 
f 2182/2182/2182 2156/2156/2156 2183/2183/2183 
f 2156/2156/2156 2155/2155/2155 2183/2183/2183 
f 2183/2183/2183 2155/2155/2155 2184/2184/2184 
f 2155/2155/2155 2154/2154/2154 2184/2184/2184 
f 2184/2184/2184 2154/2154/2154 2185/2185/2185 
f 2154/2154/2154 2154/2154/2154 2185/2185/2185 
f 2185/2185/2185 2154/2154/2154 2186/2186/2186 
f 2154/2154/2154 2153/2153/2153 2186/2186/2186 
f 2186/2186/2186 2153/2153/2153 2187/2187/2187 
f 2153/2153/2153 2188/2188/2188 2187/2187/2187 
f 2187/2187/2187 2188/2188/2188 2189/2189/2189 
f 2188/2188/2188 2153/2153/2153 2189/2189/2189 
f 2189/2189/2189 2153/2153/2153 2190/2190/2190 
f 2153/2153/2153 2151/2151/2151 2190/2190/2190 
f 2190/2190/2190 2151/2151/2151 2191/2191/2191 
f 2151/2151/2151 2150/2150/2150 2191/2191/2191 
f 2191/2191/2191 2150/2150/2150 2192/2192/2192 
f 2150/2150/2150 2150/2150/2150 2192/2192/2192 
f 2192/2192/2192 2150/2150/2150 2193/2193/2193 
f 2150/2150/2150 2194/2194/2194 2193/2193/2193 
f 2193/2193/2193 2194/2194/2194 2194/2194/2194 
f 2194/2194/2194 2172/2172/2172 2194/2194/2194 
f 2194/2194/2194 2172/2172/2172 2172/2172/2172 
f 2172/2172/2172 2170/2170/2170 2172/2172/2172 
f 2172/2172/2172 2170/2170/2170 2171/2171/2171 
f 2170/2170/2170 2171/2171/2171 2171/2171/2171 
f 2171/2171/2171 2171/2171/2171 2174/2174/2174 
f 2171/2171/2171 2174/2174/2174 2174/2174/2174 
f 2174/2174/2174 2174/2174/2174 2176/2176/2176 
f 2174/2174/2174 2175/2175/2175 2176/2176/2176 
f 2176/2176/2176 2175/2175/2175 2175/2175/2175 
f 2175/2175/2175 2158/2158/2158 2175/2175/2175 
f 2175/2175/2175 2158/2158/2158 2158/2158/2158 
f 2158/2158/2158 2181/2181/2181 2158/2158/2158 
f 2158/2158/2158 2181/2181/2181 2177/2177/2177 
f 2181/2181/2181 2178/2178/2178 2177/2177/2177 
f 2177/2177/2177 2178/2178/2178 2178/2178/2178 
f 2178/2178/2178 2173/2173/2173 2178/2178/2178 
f 2178/2178/2178 2173/2173/2173 2173/2173/2173 
f 2173/2173/2173 2179/2179/2179 2173/2173/2173 
f 2173/2173/2173 2179/2179/2179 2172/2172/2172 
f 2179/2179/2179 2172/2172/2172 2172/2172/2172 
f 2172/2172/2172 2172/2172/2172 2192/2192/2192 
f 2172/2172/2172 2192/2192/2192 2192/2192/2192 
f 2192/2192/2192 2192/2192/2192 2191/2191/2191 
f 2192/2192/2192 2195/2195/2195 2191/2191/2191 
f 2191/2191/2191 2195/2195/2195 2196/2196/2196 
f 2195/2195/2195 2197/2197/2197 2196/2196/2196 
f 2196/2196/2196 2197/2197/2197 2197/2197/2197 
f 2197/2197/2197 2191/2191/2191 2197/2197/2197 
f 2197/2197/2197 2191/2191/2191 2191/2191/2191 
f 2191/2191/2191 2196/2196/2196 2191/2191/2191 
f 2191/2191/2191 2196/2196/2196 2190/2190/2190 
f 2196/2196/2196 2198/2198/2198 2190/2190/2190 
f 2190/2190/2190 2198/2198/2198 2189/2189/2189 
f 2198/2198/2198 2199/2199/2199 2189/2189/2189 
f 2189/2189/2189 2199/2199/2199 2187/2187/2187 
f 2199/2199/2199 2200/2200/2200 2187/2187/2187 
f 2187/2187/2187 2200/2200/2200 2186/2186/2186 
f 2200/2200/2200 2201/2201/2201 2186/2186/2186 
f 2186/2186/2186 2201/2201/2201 2185/2185/2185 
f 2201/2201/2201 2202/2202/2202 2185/2185/2185 
f 2185/2185/2185 2202/2202/2202 2185/2185/2185 
f 2202/2202/2202 2203/2203/2203 2185/2185/2185 
f 2185/2185/2185 2203/2203/2203 2184/2184/2184 
f 2203/2203/2203 2204/2204/2204 2184/2184/2184 
f 2184/2184/2184 2204/2204/2204 2183/2183/2183 
f 2204/2204/2204 2205/2205/2205 2183/2183/2183 
f 2183/2183/2183 2205/2205/2205 2182/2182/2182 
f 2205/2205/2205 2206/2206/2206 2182/2182/2182 
f 2182/2182/2182 2206/2206/2206 2180/2180/2180 
f 2206/2206/2206 2207/2207/2207 2180/2180/2180 
f 2180/2180/2180 2207/2207/2207 2179/2179/2179 
f 2207/2207/2207 2208/2208/2208 2179/2179/2179 
f 2179/2179/2179 2208/2208/2208 2179/2179/2179 
f 2208/2208/2208 2209/2209/2209 2179/2179/2179 
f 2179/2179/2179 2209/2209/2209 2172/2172/2172 
f 2209/2209/2209 2210/2210/2210 2172/2172/2172 
f 2172/2172/2172 2210/2210/2210 2170/2170/2170 
f 2210/2210/2210 2211/2211/2211 2170/2170/2170 
f 2170/2170/2170 2211/2211/2211 2170/2170/2170 
f 2211/2211/2211 2212/2212/2212 2170/2170/2170 
f 2170/2170/2170 2212/2212/2212 2166/2166/2166 
f 2212/2212/2212 2213/2213/2213 2166/2166/2166 
f 2166/2166/2166 2213/2213/2213 2167/2167/2167 
f 2213/2213/2213 2213/2213/2213 2167/2167/2167 
f 2167/2167/2167 2213/2213/2213 2214/2214/2214 
f 2213/2213/2213 2213/2213/2213 2214/2214/2214 
f 2214/2214/2214 2213/2213/2213 2215/2215/2215 
f 2213/2213/2213 2216/2216/2216 2215/2215/2215 
f 2215/2215/2215 2216/2216/2216 2215/2215/2215 
f 2216/2216/2216 2217/2217/2217 2215/2215/2215 
f 2215/2215/2215 2217/2217/2217 2215/2215/2215 
f 2217/2217/2217 2218/2218/2218 2215/2215/2215 
f 2215/2215/2215 2218/2218/2218 2219/2219/2219 
f 2218/2218/2218 2218/2218/2218 2219/2219/2219 
f 2219/2219/2219 2218/2218/2218 2220/2220/2220 
f 2218/2218/2218 2218/2218/2218 2220/2220/2220 
f 2220/2220/2220 2218/2218/2218 2221/2221/2221 
f 2218/2218/2218 2218/2218/2218 2221/2221/2221 
f 2221/2221/2221 2218/2218/2218 2222/2222/2222 
f 2218/2218/2218 2217/2217/2217 2222/2222/2222 
f 2222/2222/2222 2217/2217/2217 2223/2223/2223 
f 2217/2217/2217 2217/2217/2217 2223/2223/2223 
f 2223/2223/2223 2217/2217/2217 2224/2224/2224 
f 2217/2217/2217 2216/2216/2216 2224/2224/2224 
f 2224/2224/2224 2216/2216/2216 2224/2224/2224 
f 2216/2216/2216 2213/2213/2213 2224/2224/2224 
f 2224/2224/2224 2213/2213/2213 2225/2225/2225 
f 2213/2213/2213 2212/2212/2212 2225/2225/2225 
f 2225/2225/2225 2212/2212/2212 2226/2226/2226 
f 2212/2212/2212 2211/2211/2211 2226/2226/2226 
f 2226/2226/2226 2211/2211/2211 2227/2227/2227 
f 2211/2211/2211 2210/2210/2210 2227/2227/2227 
f 2227/2227/2227 2210/2210/2210 2227/2227/2227 
f 2210/2210/2210 2209/2209/2209 2227/2227/2227 
f 2227/2227/2227 2209/2209/2209 2228/2228/2228 
f 2209/2209/2209 2208/2208/2208 2228/2228/2228 
f 2228/2228/2228 2208/2208/2208 2229/2229/2229 
f 2208/2208/2208 2206/2206/2206 2229/2229/2229 
f 2229/2229/2229 2206/2206/2206 2230/2230/2230 
f 2206/2206/2206 2205/2205/2205 2230/2230/2230 
f 2230/2230/2230 2205/2205/2205 2230/2230/2230 
f 2205/2205/2205 2204/2204/2204 2230/2230/2230 
f 2230/2230/2230 2204/2204/2204 2230/2230/2230 
f 2204/2204/2204 2231/2231/2231 2230/2230/2230 
f 2230/2230/2230 2231/2231/2231 2232/2232/2232 
f 2231/2231/2231 2231/2231/2231 2232/2232/2232 
f 2232/2232/2232 2231/2231/2231 2233/2233/2233 
f 2231/2231/2231 2204/2204/2204 2233/2233/2233 
f 2233/2233/2233 2204/2204/2204 2233/2233/2233 
f 2204/2204/2204 2203/2203/2203 2233/2233/2233 
f 2233/2233/2233 2203/2203/2203 2234/2234/2234 
f 2203/2203/2203 2203/2203/2203 2234/2234/2234 
f 2234/2234/2234 2203/2203/2203 2235/2235/2235 
f 2203/2203/2203 2202/2202/2202 2235/2235/2235 
f 2235/2235/2235 2202/2202/2202 2236/2236/2236 
f 2202/2202/2202 2237/2237/2237 2236/2236/2236 
f 2236/2236/2236 2237/2237/2237 2238/2238/2238 
f 2237/2237/2237 2200/2200/2200 2238/2238/2238 
f 2238/2238/2238 2200/2200/2200 2239/2239/2239 
f 2200/2200/2200 2199/2199/2199 2239/2239/2239 
f 2239/2239/2239 2199/2199/2199 2240/2240/2240 
f 2199/2199/2199 2198/2198/2198 2240/2240/2240 
f 2240/2240/2240 2198/2198/2198 2198/2198/2198 
f 2198/2198/2198 2200/2200/2200 2198/2198/2198 
f 2198/2198/2198 2200/2200/2200 2200/2200/2200 
f 2200/2200/2200 2237/2237/2237 2200/2200/2200 
f 2200/2200/2200 2237/2237/2237 2201/2201/2201 
f 2237/2237/2237 2202/2202/2202 2201/2201/2201 
f 2201/2201/2201 2202/2202/2202 2202/2202/2202 
f 2202/2202/2202 2208/2208/2208 2202/2202/2202 
f 2202/2202/2202 2208/2208/2208 2208/2208/2208 
f 2208/2208/2208 2207/2207/2207 2208/2208/2208 
f 2208/2208/2208 2207/2207/2207 2206/2206/2206 
f 2207/2207/2207 2206/2206/2206 2206/2206/2206 
f 2206/2206/2206 2206/2206/2206 2226/2226/2226 
f 2206/2206/2206 2226/2226/2226 2226/2226/2226 
f 2226/2226/2226 2226/2226/2226 2225/2225/2225 
f 2226/2226/2226 2224/2224/2224 2225/2225/2225 
f 2225/2225/2225 2224/2224/2224 2224/2224/2224 
f 2224/2224/2224 2230/2230/2230 2224/2224/2224 
f 2224/2224/2224 2230/2230/2230 2230/2230/2230 
f 2230/2230/2230 2232/2232/2232 2230/2230/2230 
f 2230/2230/2230 2232/2232/2232 2229/2229/2229 
f 2232/2232/2232 2229/2229/2229 2229/2229/2229 
f 2229/2229/2229 2229/2229/2229 2234/2234/2234 
f 2229/2229/2229 2234/2234/2234 2234/2234/2234 
f 2234/2234/2234 2234/2234/2234 2236/2236/2236 
f 2234/2234/2234 2235/2235/2235 2236/2236/2236 
f 2236/2236/2236 2235/2235/2235 2235/2235/2235 
f 2235/2235/2235 2240/2240/2240 2235/2235/2235 
f 2235/2235/2235 2240/2240/2240 2240/2240/2240 
f 2240/2240/2240 2241/2241/2241 2240/2240/2240 
f 2240/2240/2240 2241/2241/2241 2239/2239/2239 
f 2241/2241/2241 2241/2241/2241 2239/2239/2239 
f 2239/2239/2239 2241/2241/2241 2238/2238/2238 
f 2241/2241/2241 2242/2242/2242 2238/2238/2238 
f 2238/2238/2238 2242/2242/2242 2236/2236/2236 
f 2242/2242/2242 2236/2236/2236 2236/2236/2236 
f 2236/2236/2236 2236/2236/2236 2198/2198/2198 
f 2236/2236/2236 2198/2198/2198 2198/2198/2198 
f 2198/2198/2198 2198/2198/2198 2240/2240/2240 
f 2198/2198/2198 2243/2243/2243 2240/2240/2240 
f 2240/2240/2240 2243/2243/2243 2244/2244/2244 
f 2243/2243/2243 2245/2245/2245 2244/2244/2244 
f 2244/2244/2244 2245/2245/2245 2244/2244/2244 
f 2245/2245/2245 2246/2246/2246 2244/2244/2244 
f 2244/2244/2244 2246/2246/2246 2244/2244/2244 
f 2246/2246/2246 2247/2247/2247 2244/2244/2244 
f 2244/2244/2244 2247/2247/2247 2244/2244/2244 
f 2247/2247/2247 2248/2248/2248 2244/2244/2244 
f 2244/2244/2244 2248/2248/2248 2241/2241/2241 
f 2248/2248/2248 2242/2242/2242 2241/2241/2241 
f 2241/2241/2241 2242/2242/2242 2242/2242/2242 
f 2242/2242/2242 2244/2244/2244 2242/2242/2242 
f 2242/2242/2242 2244/2244/2244 2244/2244/2244 
f 2244/2244/2244 2241/2241/2241 2244/2244/2244 
f 2244/2244/2244 2241/2241/2241 2240/2240/2240 
f 2241/2241/2241 2240/2240/2240 2240/2240/2240 
f 2240/2240/2240 2240/2240/2240 2198/2198/2198 
f 2240/2240/2240 2198/2198/2198 2198/2198/2198 
f 2198/2198/2198 2198/2198/2198 2243/2243/2243 
f 2198/2198/2198 2196/2196/2196 2243/2243/2243 
f 2243/2243/2243 2196/2196/2196 2243/2243/2243 
f 2196/2196/2196 2197/2197/2197 2243/2243/2243 
f 2243/2243/2243 2197/2197/2197 2245/2245/2245 
f 2197/2197/2197 2245/2245/2245 2245/2245/2245 
f 2245/2245/2245 2245/2245/2245 2246/2246/2246 
f 2245/2245/2245 2246/2246/2246 2246/2246/2246 
f 2246/2246/2246 2246/2246/2246 2247/2247/2247 
f 2246/2246/2246 2249/2249/2249 2247/2247/2247 
f 2247/2247/2247 2249/2249/2249 2250/2250/2250 
f 2249/2249/2249 2251/2251/2251 2250/2250/2250 
f 2250/2250/2250 2251/2251/2251 2251/2251/2251 
f 2251/2251/2251 2247/2247/2247 2251/2251/2251 
f 2251/2251/2251 2247/2247/2247 2247/2247/2247 
f 2247/2247/2247 2250/2250/2250 2247/2247/2247 
f 2247/2247/2247 2250/2250/2250 2248/2248/2248 
f 2250/2250/2250 2252/2252/2252 2248/2248/2248 
f 2248/2248/2248 2252/2252/2252 2242/2242/2242 
f 2252/2252/2252 2253/2253/2253 2242/2242/2242 
f 2242/2242/2242 2253/2253/2253 2236/2236/2236 
f 2253/2253/2253 2254/2254/2254 2236/2236/2236 
f 2236/2236/2236 2254/2254/2254 2234/2234/2234 
f 2254/2254/2254 2255/2255/2255 2234/2234/2234 
f 2234/2234/2234 2255/2255/2255 2233/2233/2233 
f 2255/2255/2255 2256/2256/2256 2233/2233/2233 
f 2233/2233/2233 2256/2256/2256 2232/2232/2232 
f 2256/2256/2256 2256/2256/2256 2232/2232/2232 
f 2232/2232/2232 2256/2256/2256 2229/2229/2229 
f 2256/2256/2256 2257/2257/2257 2229/2229/2229 
f 2229/2229/2229 2257/2257/2257 2228/2228/2228 
f 2257/2257/2257 2258/2258/2258 2228/2228/2228 
f 2228/2228/2228 2258/2258/2258 2227/2227/2227 
f 2258/2258/2258 2258/2258/2258 2227/2227/2227 
f 2227/2227/2227 2258/2258/2258 2226/2226/2226 
f 2258/2258/2258 2258/2258/2258 2226/2226/2226 
f 2226/2226/2226 2258/2258/2258 2259/2259/2259 
f 2258/2258/2258 2260/2260/2260 2259/2259/2259 
f 2259/2259/2259 2260/2260/2260 2261/2261/2261 
f 2260/2260/2260 2256/2256/2256 2261/2261/2261 
f 2261/2261/2261 2256/2256/2256 2262/2262/2262 
f 2256/2256/2256 2256/2256/2256 2262/2262/2262 
f 2262/2262/2262 2256/2256/2256 2263/2263/2263 
f 2256/2256/2256 2255/2255/2255 2263/2263/2263 
f 2263/2263/2263 2255/2255/2255 2264/2264/2264 
f 2255/2255/2255 2254/2254/2254 2264/2264/2264 
f 2264/2264/2264 2254/2254/2254 2265/2265/2265 
f 2254/2254/2254 2253/2253/2253 2265/2265/2265 
f 2265/2265/2265 2253/2253/2253 2266/2266/2266 
f 2253/2253/2253 2252/2252/2252 2266/2266/2266 
f 2266/2266/2266 2252/2252/2252 2267/2267/2267 
f 2252/2252/2252 2250/2250/2250 2267/2267/2267 
f 2267/2267/2267 2250/2250/2250 2267/2267/2267 
f 2250/2250/2250 2251/2251/2251 2267/2267/2267 
f 2267/2267/2267 2251/2251/2251 2267/2267/2267 
f 2251/2251/2251 2220/2220/2220 2267/2267/2267 
f 2267/2267/2267 2220/2220/2220 2268/2268/2268 
f 2220/2220/2220 2221/2221/2221 2268/2268/2268 
f 2268/2268/2268 2221/2221/2221 2269/2269/2269 
f 2221/2221/2221 2222/2222/2222 2269/2269/2269 
f 2269/2269/2269 2222/2222/2222 2222/2222/2222 
f 2222/2222/2222 2258/2258/2258 2222/2222/2222 
f 2222/2222/2222 2258/2258/2258 2258/2258/2258 
f 2258/2258/2258 2257/2257/2257 2258/2258/2258 
f 2258/2258/2258 2257/2257/2257 2260/2260/2260 
f 2257/2257/2257 2256/2256/2256 2260/2260/2260 
f 2260/2260/2260 2256/2256/2256 2256/2256/2256 
f 2256/2256/2256 2269/2269/2269 2256/2256/2256 
f 2256/2256/2256 2269/2269/2269 2269/2269/2269 
f 2269/2269/2269 2270/2270/2270 2269/2269/2269 
f 2269/2269/2269 2270/2270/2270 2268/2268/2268 
f 2270/2270/2270 2270/2270/2270 2268/2268/2268 
f 2268/2268/2268 2270/2270/2270 2267/2267/2267 
f 2270/2270/2270 2270/2270/2270 2267/2267/2267 
f 2267/2267/2267 2270/2270/2270 2266/2266/2266 
f 2270/2270/2270 2270/2270/2270 2266/2266/2266 
f 2266/2266/2266 2270/2270/2270 2265/2265/2265 
f 2270/2270/2270 2271/2271/2271 2265/2265/2265 
f 2265/2265/2265 2271/2271/2271 2264/2264/2264 
f 2271/2271/2271 2272/2272/2272 2264/2264/2264 
f 2264/2264/2264 2272/2272/2272 2263/2263/2263 
f 2272/2272/2272 2273/2273/2273 2263/2263/2263 
f 2263/2263/2263 2273/2273/2273 2262/2262/2262 
f 2273/2273/2273 2274/2274/2274 2262/2262/2262 
f 2262/2262/2262 2274/2274/2274 2261/2261/2261 
f 2274/2274/2274 2261/2261/2261 2261/2261/2261 
f 2261/2261/2261 2261/2261/2261 2270/2270/2270 
f 2261/2261/2261 2270/2270/2270 2270/2270/2270 
f 2270/2270/2270 2270/2270/2270 2271/2271/2271 
f 2270/2270/2270 2269/2269/2269 2271/2271/2271 
f 2271/2271/2271 2269/2269/2269 2275/2275/2275 
f 2269/2269/2269 2222/2222/2222 2275/2275/2275 
f 2275/2275/2275 2222/2222/2222 2276/2276/2276 
f 2222/2222/2222 2277/2277/2277 2276/2276/2276 
f 2276/2276/2276 2277/2277/2277 2276/2276/2276 
f 2277/2277/2277 2278/2278/2278 2276/2276/2276 
f 2276/2276/2276 2278/2278/2278 2279/2279/2279 
f 2278/2278/2278 2274/2274/2274 2279/2279/2279 
f 2279/2279/2279 2274/2274/2274 2279/2279/2279 
f 2274/2274/2274 2273/2273/2273 2279/2279/2279 
f 2279/2279/2279 2273/2273/2273 2279/2279/2279 
f 2273/2273/2273 2272/2272/2272 2279/2279/2279 
f 2279/2279/2279 2272/2272/2272 2275/2275/2275 
f 2272/2272/2272 2271/2271/2271 2275/2275/2275 
f 2275/2275/2275 2271/2271/2271 2271/2271/2271 
f 2271/2271/2271 2279/2279/2279 2271/2271/2271 
f 2271/2271/2271 2279/2279/2279 2279/2279/2279 
f 2279/2279/2279 2275/2275/2275 2279/2279/2279 
f 2279/2279/2279 2275/2275/2275 2276/2276/2276 
f 2275/2275/2275 2276/2276/2276 2276/2276/2276 
f 2276/2276/2276 2276/2276/2276 2222/2222/2222 
f 2276/2276/2276 2222/2222/2222 2222/2222/2222 
f 2222/2222/2222 2222/2222/2222 2277/2277/2277 
f 2222/2222/2222 2223/2223/2223 2277/2277/2277 
f 2277/2277/2277 2223/2223/2223 2280/2280/2280 
f 2223/2223/2223 2224/2224/2224 2280/2280/2280 
f 2280/2280/2280 2224/2224/2224 2280/2280/2280 
f 2224/2224/2224 2226/2226/2226 2280/2280/2280 
f 2280/2280/2280 2226/2226/2226 2280/2280/2280 
f 2226/2226/2226 2259/2259/2259 2280/2280/2280 
f 2280/2280/2280 2259/2259/2259 2281/2281/2281 
f 2259/2259/2259 2261/2261/2261 2281/2281/2281 
f 2281/2281/2281 2261/2261/2261 2278/2278/2278 
f 2261/2261/2261 2274/2274/2274 2278/2278/2278 
f 2278/2278/2278 2274/2274/2274 2274/2274/2274 
f 2274/2274/2274 2278/2278/2278 2274/2274/2274 
f 2274/2274/2274 2278/2278/2278 2278/2278/2278 
f 2278/2278/2278 2277/2277/2277 2278/2278/2278 
f 2278/2278/2278 2277/2277/2277 2281/2281/2281 
f 2277/2277/2277 2280/2280/2280 2281/2281/2281 
f 2281/2281/2281 2280/2280/2280 2280/2280/2280 
f 2280/2280/2280 2282/2282/2282 2280/2280/2280 
f 2280/2280/2280 2282/2282/2282 2282/2282/2282 
f 2282/2282/2282 2283/2283/2283 2282/2282/2282 
f 2282/2282/2282 2283/2283/2283 2284/2284/2284 
f 2283/2283/2283 2285/2285/2285 2284/2284/2284 
f 2284/2284/2284 2285/2285/2285 2286/2286/2286 
f 2285/2285/2285 2285/2285/2285 2286/2286/2286 
f 2286/2286/2286 2285/2285/2285 2287/2287/2287 
f 2285/2285/2285 2283/2283/2283 2287/2287/2287 
f 2287/2287/2287 2283/2283/2283 2288/2288/2288 
f 2283/2283/2283 2288/2288/2288 2288/2288/2288 
f 2288/2288/2288 2288/2288/2288 2283/2283/2283 
f 2288/2288/2288 2283/2283/2283 2283/2283/2283 
f 2283/2283/2283 2283/2283/2283 2289/2289/2289 
f 2283/2283/2283 2282/2282/2282 2289/2289/2289 
f 2289/2289/2289 2282/2282/2282 2289/2289/2289 
f 2282/2282/2282 2290/2290/2290 2289/2289/2289 
f 2289/2289/2289 2290/2290/2290 2291/2291/2291 
f 2290/2290/2290 2292/2292/2292 2291/2291/2291 
f 2291/2291/2291 2292/2292/2292 2293/2293/2293 
f 2292/2292/2292 2294/2294/2294 2293/2293/2293 
f 2293/2293/2293 2294/2294/2294 2293/2293/2293 
f 2294/2294/2294 2295/2295/2295 2293/2293/2293 
f 2293/2293/2293 2295/2295/2295 2296/2296/2296 
f 2295/2295/2295 2295/2295/2295 2296/2296/2296 
f 2296/2296/2296 2295/2295/2295 2297/2297/2297 
f 2295/2295/2295 2298/2298/2298 2297/2297/2297 
f 2297/2297/2297 2298/2298/2298 2299/2299/2299 
f 2298/2298/2298 2298/2298/2298 2299/2299/2299 
f 2299/2299/2299 2298/2298/2298 2300/2300/2300 
f 2298/2298/2298 2298/2298/2298 2300/2300/2300 
f 2300/2300/2300 2298/2298/2298 2301/2301/2301 
f 2298/2298/2298 2298/2298/2298 2301/2301/2301 
f 2301/2301/2301 2298/2298/2298 2302/2302/2302 
f 2298/2298/2298 2295/2295/2295 2302/2302/2302 
f 2302/2302/2302 2295/2295/2295 2295/2295/2295 
f 2295/2295/2295 2296/2296/2296 2295/2295/2295 
f 2295/2295/2295 2296/2296/2296 2296/2296/2296 
f 2296/2296/2296 2297/2297/2297 2296/2296/2296 
f 2296/2296/2296 2297/2297/2297 2303/2303/2303 
f 2297/2297/2297 2297/2297/2297 2303/2303/2303 
f 2303/2303/2303 2297/2297/2297 2304/2304/2304 
f 2297/2297/2297 2299/2299/2299 2304/2304/2304 
f 2304/2304/2304 2299/2299/2299 2299/2299/2299 
f 2299/2299/2299 2296/2296/2296 2299/2299/2299 
f 2299/2299/2299 2296/2296/2296 2296/2296/2296 
f 2296/2296/2296 2303/2303/2303 2296/2296/2296 
f 2296/2296/2296 2303/2303/2303 2293/2293/2293 
f 2303/2303/2303 2305/2305/2305 2293/2293/2293 
f 2293/2293/2293 2305/2305/2305 2293/2293/2293 
f 2305/2305/2305 2306/2306/2306 2293/2293/2293 
f 2293/2293/2293 2306/2306/2306 2291/2291/2291 
f 2306/2306/2306 2307/2307/2307 2291/2291/2291 
f 2291/2291/2291 2307/2307/2307 2289/2289/2289 
f 2307/2307/2307 2307/2307/2307 2289/2289/2289 
f 2289/2289/2289 2307/2307/2307 2283/2283/2283 
f 2307/2307/2307 2307/2307/2307 2283/2283/2283 
f 2283/2283/2283 2307/2307/2307 2288/2288/2288 
f 2307/2307/2307 2308/2308/2308 2288/2288/2288 
f 2288/2288/2288 2308/2308/2308 2287/2287/2287 
f 2308/2308/2308 2287/2287/2287 2287/2287/2287 
f 2287/2287/2287 2287/2287/2287 2305/2305/2305 
f 2287/2287/2287 2305/2305/2305 2305/2305/2305 
f 2305/2305/2305 2305/2305/2305 2306/2306/2306 
f 2305/2305/2305 2309/2309/2309 2306/2306/2306 
f 2306/2306/2306 2309/2309/2309 2306/2306/2306 
f 2309/2309/2309 2310/2310/2310 2306/2306/2306 
f 2306/2306/2306 2310/2310/2310 2307/2307/2307 
f 2310/2310/2310 2311/2311/2311 2307/2307/2307 
f 2307/2307/2307 2311/2311/2311 2308/2308/2308 
f 2311/2311/2311 2308/2308/2308 2308/2308/2308 
f 2308/2308/2308 2308/2308/2308 2305/2305/2305 
f 2308/2308/2308 2305/2305/2305 2305/2305/2305 
f 2305/2305/2305 2305/2305/2305 2309/2309/2309 
f 2305/2305/2305 2303/2303/2303 2309/2309/2309 
f 2309/2309/2309 2303/2303/2303 2312/2312/2312 
f 2303/2303/2303 2304/2304/2304 2312/2312/2312 
f 2312/2312/2312 2304/2304/2304 2313/2313/2313 
f 2304/2304/2304 2299/2299/2299 2313/2313/2313 
f 2313/2313/2313 2299/2299/2299 2299/2299/2299 
f 2299/2299/2299 2310/2310/2310 2299/2299/2299 
f 2299/2299/2299 2310/2310/2310 2310/2310/2310 
f 2310/2310/2310 2309/2309/2309 2310/2310/2310 
f 2310/2310/2310 2309/2309/2309 2314/2314/2314 
f 2309/2309/2309 2309/2309/2309 2314/2314/2314 
f 2314/2314/2314 2309/2309/2309 2315/2315/2315 
f 2309/2309/2309 2309/2309/2309 2315/2315/2315 
f 2315/2315/2315 2309/2309/2309 2316/2316/2316 
f 2309/2309/2309 2312/2312/2312 2316/2316/2316 
f 2316/2316/2316 2312/2312/2312 2317/2317/2317 
f 2312/2312/2312 2313/2313/2313 2317/2317/2317 
f 2317/2317/2317 2313/2313/2313 2313/2313/2313 
f 2313/2313/2313 2310/2310/2310 2313/2313/2313 
f 2313/2313/2313 2310/2310/2310 2310/2310/2310 
f 2310/2310/2310 2314/2314/2314 2310/2310/2310 
f 2310/2310/2310 2314/2314/2314 2311/2311/2311 
f 2314/2314/2314 2318/2318/2318 2311/2311/2311 
f 2311/2311/2311 2318/2318/2318 2308/2308/2308 
f 2318/2318/2318 2308/2308/2308 2308/2308/2308 
f 2308/2308/2308 2308/2308/2308 2318/2318/2318 
f 2308/2308/2308 2318/2318/2318 2318/2318/2318 
f 2318/2318/2318 2318/2318/2318 2319/2319/2319 
f 2318/2318/2318 2314/2314/2314 2319/2319/2319 
f 2319/2319/2319 2314/2314/2314 2319/2319/2319 
f 2314/2314/2314 2315/2315/2315 2319/2319/2319 
f 2319/2319/2319 2315/2315/2315 2320/2320/2320 
f 2315/2315/2315 2315/2315/2315 2320/2320/2320 
f 2320/2320/2320 2315/2315/2315 2321/2321/2321 
f 2315/2315/2315 2316/2316/2316 2321/2321/2321 
f 2321/2321/2321 2316/2316/2316 2322/2322/2322 
f 2316/2316/2316 2317/2317/2317 2322/2322/2322 
f 2322/2322/2322 2317/2317/2317 2323/2323/2323 
f 2317/2317/2317 2313/2313/2313 2323/2323/2323 
f 2323/2323/2323 2313/2313/2313 2324/2324/2324 
f 2313/2313/2313 2299/2299/2299 2324/2324/2324 
f 2324/2324/2324 2299/2299/2299 2325/2325/2325 
f 2299/2299/2299 2299/2299/2299 2325/2325/2325 
f 2325/2325/2325 2299/2299/2299 2326/2326/2326 
f 2299/2299/2299 2300/2300/2300 2326/2326/2326 
f 2326/2326/2326 2300/2300/2300 2327/2327/2327 
f 2300/2300/2300 2301/2301/2301 2327/2327/2327 
f 2327/2327/2327 2301/2301/2301 2328/2328/2328 
f 2301/2301/2301 2329/2329/2329 2328/2328/2328 
f 2328/2328/2328 2329/2329/2329 2330/2330/2330 
f 2329/2329/2329 2331/2331/2331 2330/2330/2330 
f 2330/2330/2330 2331/2331/2331 2332/2332/2332 
f 2331/2331/2331 2333/2333/2333 2332/2332/2332 
f 2332/2332/2332 2333/2333/2333 2334/2334/2334 
f 2333/2333/2333 2335/2335/2335 2334/2334/2334 
f 2334/2334/2334 2335/2335/2335 2336/2336/2336 
f 2335/2335/2335 2337/2337/2337 2336/2336/2336 
f 2336/2336/2336 2337/2337/2337 2338/2338/2338 
f 2337/2337/2337 2339/2339/2339 2338/2338/2338 
f 2338/2338/2338 2339/2339/2339 2340/2340/2340 
f 2339/2339/2339 2341/2341/2341 2340/2340/2340 
f 2340/2340/2340 2341/2341/2341 2342/2342/2342 
f 2341/2341/2341 2343/2343/2343 2342/2342/2342 
f 2342/2342/2342 2343/2343/2343 2344/2344/2344 
f 2343/2343/2343 2345/2345/2345 2344/2344/2344 
f 2344/2344/2344 2345/2345/2345 2345/2345/2345 
f 2345/2345/2345 2341/2341/2341 2345/2345/2345 
f 2345/2345/2345 2341/2341/2341 2341/2341/2341 
f 2341/2341/2341 2346/2346/2346 2341/2341/2341 
f 2341/2341/2341 2346/2346/2346 2343/2343/2343 
f 2346/2346/2346 2343/2343/2343 2343/2343/2343 
f 2343/2343/2343 2343/2343/2343 2344/2344/2344 
f 2343/2343/2343 2344/2344/2344 2344/2344/2344 
f 2344/2344/2344 2344/2344/2344 2342/2342/2342 
f 2344/2344/2344 2347/2347/2347 2342/2342/2342 
f 2342/2342/2342 2347/2347/2347 2340/2340/2340 
f 2347/2347/2347 2348/2348/2348 2340/2340/2340 
f 2340/2340/2340 2348/2348/2348 2338/2338/2338 
f 2348/2348/2348 2349/2349/2349 2338/2338/2338 
f 2338/2338/2338 2349/2349/2349 2336/2336/2336 
f 2349/2349/2349 2350/2350/2350 2336/2336/2336 
f 2336/2336/2336 2350/2350/2350 2334/2334/2334 
f 2350/2350/2350 2351/2351/2351 2334/2334/2334 
f 2334/2334/2334 2351/2351/2351 2352/2352/2352 
f 2351/2351/2351 2353/2353/2353 2352/2352/2352 
f 2352/2352/2352 2353/2353/2353 2352/2352/2352 
f 2353/2353/2353 2354/2354/2354 2352/2352/2352 
f 2352/2352/2352 2354/2354/2354 2330/2330/2330 
f 2354/2354/2354 2328/2328/2328 2330/2330/2330 
f 2330/2330/2330 2328/2328/2328 2328/2328/2328 
f 2328/2328/2328 2334/2334/2334 2328/2328/2328 
f 2328/2328/2328 2334/2334/2334 2334/2334/2334 
f 2334/2334/2334 2352/2352/2352 2334/2334/2334 
f 2334/2334/2334 2352/2352/2352 2332/2332/2332 
f 2352/2352/2352 2330/2330/2330 2332/2332/2332 
f 2332/2332/2332 2330/2330/2330 2330/2330/2330 
f 2330/2330/2330 2353/2353/2353 2330/2330/2330 
f 2330/2330/2330 2353/2353/2353 2353/2353/2353 
f 2353/2353/2353 2351/2351/2351 2353/2353/2353 
f 2353/2353/2353 2351/2351/2351 2355/2355/2355 
f 2351/2351/2351 2351/2351/2351 2355/2355/2355 
f 2355/2355/2355 2351/2351/2351 2356/2356/2356 
f 2351/2351/2351 2350/2350/2350 2356/2356/2356 
f 2356/2356/2356 2350/2350/2350 2357/2357/2357 
f 2350/2350/2350 2349/2349/2349 2357/2357/2357 
f 2357/2357/2357 2349/2349/2349 2358/2358/2358 
f 2349/2349/2349 2348/2348/2348 2358/2358/2358 
f 2358/2358/2358 2348/2348/2348 2359/2359/2359 
f 2348/2348/2348 2347/2347/2347 2359/2359/2359 
f 2359/2359/2359 2347/2347/2347 2360/2360/2360 
f 2347/2347/2347 2344/2344/2344 2360/2360/2360 
f 2360/2360/2360 2344/2344/2344 2361/2361/2361 
f 2344/2344/2344 2345/2345/2345 2361/2361/2361 
f 2361/2361/2361 2345/2345/2345 2362/2362/2362 
f 2345/2345/2345 2363/2363/2363 2362/2362/2362 
f 2362/2362/2362 2363/2363/2363 2364/2364/2364 
f 2363/2363/2363 2365/2365/2365 2364/2364/2364 
f 2364/2364/2364 2365/2365/2365 2366/2366/2366 
f 2365/2365/2365 2367/2367/2367 2366/2366/2366 
f 2366/2366/2366 2367/2367/2367 2368/2368/2368 
f 2367/2367/2367 2369/2369/2369 2368/2368/2368 
f 2368/2368/2368 2369/2369/2369 2368/2368/2368 
f 2369/2369/2369 2370/2370/2370 2368/2368/2368 
f 2368/2368/2368 2370/2370/2370 2368/2368/2368 
f 2370/2370/2370 2371/2371/2371 2368/2368/2368 
f 2368/2368/2368 2371/2371/2371 2366/2366/2366 
f 2371/2371/2371 2372/2372/2372 2366/2366/2366 
f 2366/2366/2366 2372/2372/2372 2364/2364/2364 
f 2372/2372/2372 2373/2373/2373 2364/2364/2364 
f 2364/2364/2364 2373/2373/2373 2362/2362/2362 
f 2373/2373/2373 2374/2374/2374 2362/2362/2362 
f 2362/2362/2362 2374/2374/2374 2361/2361/2361 
f 2374/2374/2374 2374/2374/2374 2361/2361/2361 
f 2361/2361/2361 2374/2374/2374 2360/2360/2360 
f 2374/2374/2374 2374/2374/2374 2360/2360/2360 
f 2360/2360/2360 2374/2374/2374 2359/2359/2359 
f 2374/2374/2374 2374/2374/2374 2359/2359/2359 
f 2359/2359/2359 2374/2374/2374 2375/2375/2375 
f 2374/2374/2374 2374/2374/2374 2375/2375/2375 
f 2375/2375/2375 2374/2374/2374 2376/2376/2376 
f 2374/2374/2374 2374/2374/2374 2376/2376/2376 
f 2376/2376/2376 2374/2374/2374 2377/2377/2377 
f 2374/2374/2374 2373/2373/2373 2377/2377/2377 
f 2377/2377/2377 2373/2373/2373 2378/2378/2378 
f 2373/2373/2373 2372/2372/2372 2378/2378/2378 
f 2378/2378/2378 2372/2372/2372 2379/2379/2379 
f 2372/2372/2372 2371/2371/2371 2379/2379/2379 
f 2379/2379/2379 2371/2371/2371 2380/2380/2380 
f 2371/2371/2371 2370/2370/2370 2380/2380/2380 
f 2380/2380/2380 2370/2370/2370 2381/2381/2381 
f 2370/2370/2370 2369/2369/2369 2381/2381/2381 
f 2381/2381/2381 2369/2369/2369 2382/2382/2382 
f 2369/2369/2369 2383/2383/2383 2382/2382/2382 
f 2382/2382/2382 2383/2383/2383 2384/2384/2384 
f 2383/2383/2383 2383/2383/2383 2384/2384/2384 
f 2384/2384/2384 2383/2383/2383 2385/2385/2385 
f 2383/2383/2383 2386/2386/2386 2385/2385/2385 
f 2385/2385/2385 2386/2386/2386 2385/2385/2385 
f 2386/2386/2386 2387/2387/2387 2385/2385/2385 
f 2385/2385/2385 2387/2387/2387 2388/2388/2388 
f 2387/2387/2387 2387/2387/2387 2388/2388/2388 
f 2388/2388/2388 2387/2387/2387 2389/2389/2389 
f 2387/2387/2387 2387/2387/2387 2389/2389/2389 
f 2389/2389/2389 2387/2387/2387 2390/2390/2390 
f 2387/2387/2387 2391/2391/2391 2390/2390/2390 
f 2390/2390/2390 2391/2391/2391 2392/2392/2392 
f 2391/2391/2391 2393/2393/2393 2392/2392/2392 
f 2392/2392/2392 2393/2393/2393 2394/2394/2394 
f 2393/2393/2393 2393/2393/2393 2394/2394/2394 
f 2394/2394/2394 2393/2393/2393 2395/2395/2395 
f 2393/2393/2393 2396/2396/2396 2395/2395/2395 
f 2395/2395/2395 2396/2396/2396 2397/2397/2397 
f 2396/2396/2396 2398/2398/2398 2397/2397/2397 
f 2397/2397/2397 2398/2398/2398 2397/2397/2397 
f 2398/2398/2398 2399/2399/2399 2397/2397/2397 
f 2397/2397/2397 2399/2399/2399 2400/2400/2400 
f 2399/2399/2399 2399/2399/2399 2400/2400/2400 
f 2400/2400/2400 2399/2399/2399 2401/2401/2401 
f 2399/2399/2399 2402/2402/2402 2401/2401/2401 
f 2401/2401/2401 2402/2402/2402 2403/2403/2403 
f 2402/2402/2402 2404/2404/2404 2403/2403/2403 
f 2403/2403/2403 2404/2404/2404 2403/2403/2403 
f 2404/2404/2404 2405/2405/2405 2403/2403/2403 
f 2403/2403/2403 2405/2405/2405 2403/2403/2403 
f 2405/2405/2405 2406/2406/2406 2403/2403/2403 
f 2403/2403/2403 2406/2406/2406 2403/2403/2403 
f 2406/2406/2406 2407/2407/2407 2403/2403/2403 
f 2403/2403/2403 2407/2407/2407 2401/2401/2401 
f 2407/2407/2407 2408/2408/2408 2401/2401/2401 
f 2401/2401/2401 2408/2408/2408 2400/2400/2400 
f 2408/2408/2408 2409/2409/2409 2400/2400/2400 
f 2400/2400/2400 2409/2409/2409 2397/2397/2397 
f 2409/2409/2409 2410/2410/2410 2397/2397/2397 
f 2397/2397/2397 2410/2410/2410 2395/2395/2395 
f 2410/2410/2410 2411/2411/2411 2395/2395/2395 
f 2395/2395/2395 2411/2411/2411 2394/2394/2394 
f 2411/2411/2411 2412/2412/2412 2394/2394/2394 
f 2394/2394/2394 2412/2412/2412 2392/2392/2392 
f 2412/2412/2412 2413/2413/2413 2392/2392/2392 
f 2392/2392/2392 2413/2413/2413 2390/2390/2390 
f 2413/2413/2413 2414/2414/2414 2390/2390/2390 
f 2390/2390/2390 2414/2414/2414 2389/2389/2389 
f 2414/2414/2414 2415/2415/2415 2389/2389/2389 
f 2389/2389/2389 2415/2415/2415 2388/2388/2388 
f 2415/2415/2415 2416/2416/2416 2388/2388/2388 
f 2388/2388/2388 2416/2416/2416 2385/2385/2385 
f 2416/2416/2416 2417/2417/2417 2385/2385/2385 
f 2385/2385/2385 2417/2417/2417 2384/2384/2384 
f 2417/2417/2417 2418/2418/2418 2384/2384/2384 
f 2384/2384/2384 2418/2418/2418 2382/2382/2382 
f 2418/2418/2418 2418/2418/2418 2382/2382/2382 
f 2382/2382/2382 2418/2418/2418 2381/2381/2381 
f 2418/2418/2418 2419/2419/2419 2381/2381/2381 
f 2381/2381/2381 2419/2419/2419 2380/2380/2380 
f 2419/2419/2419 2420/2420/2420 2380/2380/2380 
f 2380/2380/2380 2420/2420/2420 2421/2421/2421 
f 2420/2420/2420 2422/2422/2422 2421/2421/2421 
f 2421/2421/2421 2422/2422/2422 2421/2421/2421 
f 2422/2422/2422 2423/2423/2423 2421/2421/2421 
f 2421/2421/2421 2423/2423/2423 2380/2380/2380 
f 2423/2423/2423 2424/2424/2424 2380/2380/2380 
f 2380/2380/2380 2424/2424/2424 2379/2379/2379 
f 2424/2424/2424 2424/2424/2424 2379/2379/2379 
f 2379/2379/2379 2424/2424/2424 2425/2425/2425 
f 2424/2424/2424 2426/2426/2426 2425/2425/2425 
f 2425/2425/2425 2426/2426/2426 2427/2427/2427 
f 2426/2426/2426 2426/2426/2426 2427/2427/2427 
f 2427/2427/2427 2426/2426/2426 2428/2428/2428 
f 2426/2426/2426 2423/2423/2423 2428/2428/2428 
f 2428/2428/2428 2423/2423/2423 2428/2428/2428 
f 2423/2423/2423 2422/2422/2422 2428/2428/2428 
f 2428/2428/2428 2422/2422/2422 2429/2429/2429 
f 2422/2422/2422 2419/2419/2419 2429/2429/2429 
f 2429/2429/2429 2419/2419/2419 2429/2429/2429 
f 2419/2419/2419 2418/2418/2418 2429/2429/2429 
f 2429/2429/2429 2418/2418/2418 2286/2286/2286 
f 2418/2418/2418 2417/2417/2417 2286/2286/2286 
f 2286/2286/2286 2417/2417/2417 2417/2417/2417 
f 2417/2417/2417 2369/2369/2369 2417/2417/2417 
f 2417/2417/2417 2369/2369/2369 2369/2369/2369 
f 2369/2369/2369 2367/2367/2367 2369/2369/2369 
f 2369/2369/2369 2367/2367/2367 2383/2383/2383 
f 2367/2367/2367 2383/2383/2383 2383/2383/2383 
f 2383/2383/2383 2383/2383/2383 2419/2419/2419 
f 2383/2383/2383 2419/2419/2419 2419/2419/2419 
f 2419/2419/2419 2419/2419/2419 2420/2420/2420 
f 2419/2419/2419 2422/2422/2422 2420/2420/2420 
f 2420/2420/2420 2422/2422/2422 2422/2422/2422 
f 2422/2422/2422 2424/2424/2424 2422/2422/2422 
f 2422/2422/2422 2424/2424/2424 2424/2424/2424 
f 2424/2424/2424 2423/2423/2423 2424/2424/2424 
f 2424/2424/2424 2423/2423/2423 2426/2426/2426 
f 2423/2423/2423 2426/2426/2426 2426/2426/2426 
f 2426/2426/2426 2426/2426/2426 2286/2286/2286 
f 2426/2426/2426 2286/2286/2286 2286/2286/2286 
f 2286/2286/2286 2286/2286/2286 2429/2429/2429 
f 2286/2286/2286 2287/2287/2287 2429/2429/2429 
f 2429/2429/2429 2287/2287/2287 2428/2428/2428 
f 2287/2287/2287 2308/2308/2308 2428/2428/2428 
f 2428/2428/2428 2308/2308/2308 2427/2427/2427 
f 2308/2308/2308 2318/2318/2318 2427/2427/2427 
f 2427/2427/2427 2318/2318/2318 2430/2430/2430 
f 2318/2318/2318 2319/2319/2319 2430/2430/2430 
f 2430/2430/2430 2319/2319/2319 2431/2431/2431 
f 2319/2319/2319 2320/2320/2320 2431/2431/2431 
f 2431/2431/2431 2320/2320/2320 2432/2432/2432 
f 2320/2320/2320 2321/2321/2321 2432/2432/2432 
f 2432/2432/2432 2321/2321/2321 2433/2433/2433 
f 2321/2321/2321 2322/2322/2322 2433/2433/2433 
f 2433/2433/2433 2322/2322/2322 2434/2434/2434 
f 2322/2322/2322 2323/2323/2323 2434/2434/2434 
f 2434/2434/2434 2323/2323/2323 2435/2435/2435 
f 2323/2323/2323 2324/2324/2324 2435/2435/2435 
f 2435/2435/2435 2324/2324/2324 2435/2435/2435 
f 2324/2324/2324 2325/2325/2325 2435/2435/2435 
f 2435/2435/2435 2325/2325/2325 2435/2435/2435 
f 2325/2325/2325 2436/2436/2436 2435/2435/2435 
f 2435/2435/2435 2436/2436/2436 2437/2437/2437 
f 2436/2436/2436 2438/2438/2438 2437/2437/2437 
f 2437/2437/2437 2438/2438/2438 2432/2432/2432 
f 2438/2438/2438 2438/2438/2438 2432/2432/2432 
f 2432/2432/2432 2438/2438/2438 2439/2439/2439 
f 2438/2438/2438 2440/2440/2440 2439/2439/2439 
f 2439/2439/2439 2440/2440/2440 2441/2441/2441 
f 2440/2440/2440 2440/2440/2440 2441/2441/2441 
f 2441/2441/2441 2440/2440/2440 2442/2442/2442 
f 2440/2440/2440 2440/2440/2440 2442/2442/2442 
f 2442/2442/2442 2440/2440/2440 2443/2443/2443 
f 2440/2440/2440 2436/2436/2436 2443/2443/2443 
f 2443/2443/2443 2436/2436/2436 2443/2443/2443 
f 2436/2436/2436 2325/2325/2325 2443/2443/2443 
f 2443/2443/2443 2325/2325/2325 2443/2443/2443 
f 2325/2325/2325 2326/2326/2326 2443/2443/2443 
f 2443/2443/2443 2326/2326/2326 2444/2444/2444 
f 2326/2326/2326 2327/2327/2327 2444/2444/2444 
f 2444/2444/2444 2327/2327/2327 2444/2444/2444 
f 2327/2327/2327 2328/2328/2328 2444/2444/2444 
f 2444/2444/2444 2328/2328/2328 2445/2445/2445 
f 2328/2328/2328 2354/2354/2354 2445/2445/2445 
f 2445/2445/2445 2354/2354/2354 2445/2445/2445 
f 2354/2354/2354 2446/2446/2446 2445/2445/2445 
f 2445/2445/2445 2446/2446/2446 2442/2442/2442 
f 2446/2446/2446 2441/2441/2441 2442/2442/2442 
f 2442/2442/2442 2441/2441/2441 2441/2441/2441 
f 2441/2441/2441 2435/2435/2435 2441/2441/2441 
f 2441/2441/2441 2435/2435/2435 2435/2435/2435 
f 2435/2435/2435 2437/2437/2437 2435/2435/2435 
f 2435/2435/2435 2437/2437/2437 2434/2434/2434 
f 2437/2437/2437 2437/2437/2437 2434/2434/2434 
f 2434/2434/2434 2437/2437/2437 2433/2433/2433 
f 2437/2437/2437 2432/2432/2432 2433/2433/2433 
f 2433/2433/2433 2432/2432/2432 2432/2432/2432 
f 2432/2432/2432 2438/2438/2438 2432/2432/2432 
f 2432/2432/2432 2438/2438/2438 2438/2438/2438 
f 2438/2438/2438 2436/2436/2436 2438/2438/2438 
f 2438/2438/2438 2436/2436/2436 2440/2440/2440 
f 2436/2436/2436 2440/2440/2440 2440/2440/2440 
f 2440/2440/2440 2440/2440/2440 2443/2443/2443 
f 2440/2440/2440 2443/2443/2443 2443/2443/2443 
f 2443/2443/2443 2443/2443/2443 2442/2442/2442 
f 2443/2443/2443 2444/2444/2444 2442/2442/2442 
f 2442/2442/2442 2444/2444/2444 2445/2445/2445 
f 2444/2444/2444 2445/2445/2445 2445/2445/2445 
f 2445/2445/2445 2445/2445/2445 2354/2354/2354 
f 2445/2445/2445 2354/2354/2354 2354/2354/2354 
f 2354/2354/2354 2354/2354/2354 2446/2446/2446 
f 2354/2354/2354 2353/2353/2353 2446/2446/2446 
f 2446/2446/2446 2353/2353/2353 2447/2447/2447 
f 2353/2353/2353 2355/2355/2355 2447/2447/2447 
f 2447/2447/2447 2355/2355/2355 2355/2355/2355 
f 2355/2355/2355 2446/2446/2446 2355/2355/2355 
f 2355/2355/2355 2446/2446/2446 2446/2446/2446 
f 2446/2446/2446 2447/2447/2447 2446/2446/2446 
f 2446/2446/2446 2447/2447/2447 2441/2441/2441 
f 2447/2447/2447 2448/2448/2448 2441/2441/2441 
f 2441/2441/2441 2448/2448/2448 2439/2439/2439 
f 2448/2448/2448 2449/2449/2449 2439/2439/2439 
f 2439/2439/2439 2449/2449/2449 2432/2432/2432 
f 2449/2449/2449 2450/2450/2450 2432/2432/2432 
f 2432/2432/2432 2450/2450/2450 2431/2431/2431 
f 2450/2450/2450 2450/2450/2450 2431/2431/2431 
f 2431/2431/2431 2450/2450/2450 2451/2451/2451 
f 2450/2450/2450 2452/2452/2452 2451/2451/2451 
f 2451/2451/2451 2452/2452/2452 2453/2453/2453 
f 2452/2452/2452 2449/2449/2449 2453/2453/2453 
f 2453/2453/2453 2449/2449/2449 2454/2454/2454 
f 2449/2449/2449 2448/2448/2448 2454/2454/2454 
f 2454/2454/2454 2448/2448/2448 2455/2455/2455 
f 2448/2448/2448 2447/2447/2447 2455/2455/2455 
f 2455/2455/2455 2447/2447/2447 2456/2456/2456 
f 2447/2447/2447 2447/2447/2447 2456/2456/2456 
f 2456/2456/2456 2447/2447/2447 2457/2457/2457 
f 2447/2447/2447 2355/2355/2355 2457/2457/2457 
f 2457/2457/2457 2355/2355/2355 2458/2458/2458 
f 2355/2355/2355 2356/2356/2356 2458/2458/2458 
f 2458/2458/2458 2356/2356/2356 2458/2458/2458 
f 2356/2356/2356 2357/2357/2357 2458/2458/2458 
f 2458/2458/2458 2357/2357/2357 2459/2459/2459 
f 2357/2357/2357 2358/2358/2358 2459/2459/2459 
f 2459/2459/2459 2358/2358/2358 2460/2460/2460 
f 2358/2358/2358 2359/2359/2359 2460/2460/2460 
f 2460/2460/2460 2359/2359/2359 2459/2459/2459 
f 2359/2359/2359 2375/2375/2375 2459/2459/2459 
f 2459/2459/2459 2375/2375/2375 2458/2458/2458 
f 2375/2375/2375 2461/2461/2461 2458/2458/2458 
f 2458/2458/2458 2461/2461/2461 2457/2457/2457 
f 2461/2461/2461 2461/2461/2461 2457/2457/2457 
f 2457/2457/2457 2461/2461/2461 2456/2456/2456 
f 2461/2461/2461 2376/2376/2376 2456/2456/2456 
f 2456/2456/2456 2376/2376/2376 2454/2454/2454 
f 2376/2376/2376 2377/2377/2377 2454/2454/2454 
f 2454/2454/2454 2377/2377/2377 2453/2453/2453 
f 2377/2377/2377 2378/2378/2378 2453/2453/2453 
f 2453/2453/2453 2378/2378/2378 2462/2462/2462 
f 2378/2378/2378 2379/2379/2379 2462/2462/2462 
f 2462/2462/2462 2379/2379/2379 2463/2463/2463 
f 2379/2379/2379 2425/2425/2425 2463/2463/2463 
f 2463/2463/2463 2425/2425/2425 2425/2425/2425 
f 2425/2425/2425 2450/2450/2450 2425/2425/2425 
f 2425/2425/2425 2450/2450/2450 2450/2450/2450 
f 2450/2450/2450 2449/2449/2449 2450/2450/2450 
f 2450/2450/2450 2449/2449/2449 2452/2452/2452 
f 2449/2449/2449 2452/2452/2452 2452/2452/2452 
f 2452/2452/2452 2452/2452/2452 2455/2455/2455 
f 2452/2452/2452 2455/2455/2455 2455/2455/2455 
f 2455/2455/2455 2455/2455/2455 2454/2454/2454 
f 2455/2455/2455 2456/2456/2456 2454/2454/2454 
f 2454/2454/2454 2456/2456/2456 2456/2456/2456 
f 2456/2456/2456 2461/2461/2461 2456/2456/2456 
f 2456/2456/2456 2461/2461/2461 2461/2461/2461 
f 2461/2461/2461 2375/2375/2375 2461/2461/2461 
f 2461/2461/2461 2375/2375/2375 2376/2376/2376 
f 2375/2375/2375 2376/2376/2376 2376/2376/2376 
f 2376/2376/2376 2376/2376/2376 2453/2453/2453 
f 2376/2376/2376 2453/2453/2453 2453/2453/2453 
f 2453/2453/2453 2453/2453/2453 2451/2451/2451 
f 2453/2453/2453 2462/2462/2462 2451/2451/2451 
f 2451/2451/2451 2462/2462/2462 2451/2451/2451 
f 2462/2462/2462 2463/2463/2463 2451/2451/2451 
f 2451/2451/2451 2463/2463/2463 2431/2431/2431 
f 2463/2463/2463 2463/2463/2463 2431/2431/2431 
f 2431/2431/2431 2463/2463/2463 2430/2430/2430 
f 2463/2463/2463 2464/2464/2464 2430/2430/2430 
f 2430/2430/2430 2464/2464/2464 2427/2427/2427 
f 2464/2464/2464 2464/2464/2464 2427/2427/2427 
f 2427/2427/2427 2464/2464/2464 2425/2425/2425 
f 2464/2464/2464 2463/2463/2463 2425/2425/2425 
f 2425/2425/2425 2463/2463/2463 2463/2463/2463 
f 2463/2463/2463 2286/2286/2286 2463/2463/2463 
f 2463/2463/2463 2286/2286/2286 2286/2286/2286 
f 2286/2286/2286 2417/2417/2417 2286/2286/2286 
f 2286/2286/2286 2417/2417/2417 2284/2284/2284 
f 2417/2417/2417 2465/2465/2465 2284/2284/2284 
f 2284/2284/2284 2465/2465/2465 2466/2466/2466 
f 2465/2465/2465 2466/2466/2466 2466/2466/2466 
f 2466/2466/2466 2466/2466/2466 2417/2417/2417 
f 2466/2466/2466 2417/2417/2417 2417/2417/2417 
f 2417/2417/2417 2417/2417/2417 2465/2465/2465 
f 2417/2417/2417 2416/2416/2416 2465/2465/2465 
f 2465/2465/2465 2416/2416/2416 2467/2467/2467 
f 2416/2416/2416 2416/2416/2416 2467/2467/2467 
f 2467/2467/2467 2416/2416/2416 2468/2468/2468 
f 2416/2416/2416 2415/2415/2415 2468/2468/2468 
f 2468/2468/2468 2415/2415/2415 2469/2469/2469 
f 2415/2415/2415 2414/2414/2414 2469/2469/2469 
f 2469/2469/2469 2414/2414/2414 2469/2469/2469 
f 2414/2414/2414 2413/2413/2413 2469/2469/2469 
f 2469/2469/2469 2413/2413/2413 2470/2470/2470 
f 2413/2413/2413 2412/2412/2412 2470/2470/2470 
f 2470/2470/2470 2412/2412/2412 2471/2471/2471 
f 2412/2412/2412 2411/2411/2411 2471/2471/2471 
f 2471/2471/2471 2411/2411/2411 2472/2472/2472 
f 2411/2411/2411 2410/2410/2410 2472/2472/2472 
f 2472/2472/2472 2410/2410/2410 2473/2473/2473 
f 2410/2410/2410 2410/2410/2410 2473/2473/2473 
f 2473/2473/2473 2410/2410/2410 2474/2474/2474 
f 2410/2410/2410 2410/2410/2410 2474/2474/2474 
f 2474/2474/2474 2410/2410/2410 2475/2475/2475 
f 2410/2410/2410 2409/2409/2409 2475/2475/2475 
f 2475/2475/2475 2409/2409/2409 2475/2475/2475 
f 2409/2409/2409 2408/2408/2408 2475/2475/2475 
f 2475/2475/2475 2408/2408/2408 2476/2476/2476 
f 2408/2408/2408 2407/2407/2407 2476/2476/2476 
f 2476/2476/2476 2407/2407/2407 2477/2477/2477 
f 2407/2407/2407 2406/2406/2406 2477/2477/2477 
f 2477/2477/2477 2406/2406/2406 2477/2477/2477 
f 2406/2406/2406 2478/2478/2478 2477/2477/2477 
f 2477/2477/2477 2478/2478/2478 2479/2479/2479 
f 2478/2478/2478 2480/2480/2480 2479/2479/2479 
f 2479/2479/2479 2480/2480/2480 2480/2480/2480 
f 2480/2480/2480 2479/2479/2479 2480/2480/2480 
f 2480/2480/2480 2479/2479/2479 2479/2479/2479 
f 2479/2479/2479 2481/2481/2481 2479/2479/2479 
f 2479/2479/2479 2481/2481/2481 2477/2477/2477 
f 2481/2481/2481 2481/2481/2481 2477/2477/2477 
f 2477/2477/2477 2481/2481/2481 2476/2476/2476 
f 2481/2481/2481 2482/2482/2482 2476/2476/2476 
f 2476/2476/2476 2482/2482/2482 2475/2475/2475 
f 2482/2482/2482 2483/2483/2483 2475/2475/2475 
f 2475/2475/2475 2483/2483/2483 2484/2484/2484 
f 2483/2483/2483 2482/2482/2482 2484/2484/2484 
f 2484/2484/2484 2482/2482/2482 2485/2485/2485 
f 2482/2482/2482 2481/2481/2481 2485/2485/2485 
f 2485/2485/2485 2481/2481/2481 2486/2486/2486 
f 2481/2481/2481 2479/2479/2479 2486/2486/2486 
f 2486/2486/2486 2479/2479/2479 2487/2487/2487 
f 2479/2479/2479 2480/2480/2480 2487/2487/2487 
f 2487/2487/2487 2480/2480/2480 2487/2487/2487 
f 2480/2480/2480 2488/2488/2488 2487/2487/2487 
f 2487/2487/2487 2488/2488/2488 2489/2489/2489 
f 2488/2488/2488 2490/2490/2490 2489/2489/2489 
f 2489/2489/2489 2490/2490/2490 2491/2491/2491 
f 2490/2490/2490 2492/2492/2492 2491/2491/2491 
f 2491/2491/2491 2492/2492/2492 2492/2492/2492 
f 2492/2492/2492 2484/2484/2484 2492/2492/2492 
f 2492/2492/2492 2484/2484/2484 2484/2484/2484 
f 2484/2484/2484 2474/2474/2474 2484/2484/2484 
f 2484/2484/2484 2474/2474/2474 2475/2475/2475 
f 2474/2474/2474 2475/2475/2475 2475/2475/2475 
f 2475/2475/2475 2475/2475/2475 2491/2491/2491 
f 2475/2475/2475 2491/2491/2491 2491/2491/2491 
f 2491/2491/2491 2491/2491/2491 2489/2489/2489 
f 2491/2491/2491 2493/2493/2493 2489/2489/2489 
f 2489/2489/2489 2493/2493/2493 2487/2487/2487 
f 2493/2493/2493 2494/2494/2494 2487/2487/2487 
f 2487/2487/2487 2494/2494/2494 2486/2486/2486 
f 2494/2494/2494 2495/2495/2495 2486/2486/2486 
f 2486/2486/2486 2495/2495/2495 2485/2485/2485 
f 2495/2495/2495 2496/2496/2496 2485/2485/2485 
f 2485/2485/2485 2496/2496/2496 2484/2484/2484 
f 2496/2496/2496 2496/2496/2496 2484/2484/2484 
f 2484/2484/2484 2496/2496/2496 2474/2474/2474 
f 2496/2496/2496 2497/2497/2497 2474/2474/2474 
f 2474/2474/2474 2497/2497/2497 2473/2473/2473 
f 2497/2497/2497 2498/2498/2498 2473/2473/2473 
f 2473/2473/2473 2498/2498/2498 2473/2473/2473 
f 2498/2498/2498 2499/2499/2499 2473/2473/2473 
f 2473/2473/2473 2499/2499/2499 2472/2472/2472 
f 2499/2499/2499 2500/2500/2500 2472/2472/2472 
f 2472/2472/2472 2500/2500/2500 2471/2471/2471 
f 2500/2500/2500 2501/2501/2501 2471/2471/2471 
f 2471/2471/2471 2501/2501/2501 2470/2470/2470 
f 2501/2501/2501 2502/2502/2502 2470/2470/2470 
f 2470/2470/2470 2502/2502/2502 2470/2470/2470 
f 2502/2502/2502 2503/2503/2503 2470/2470/2470 
f 2470/2470/2470 2503/2503/2503 2504/2504/2504 
f 2503/2503/2503 2505/2505/2505 2504/2504/2504 
f 2504/2504/2504 2505/2505/2505 2506/2506/2506 
f 2505/2505/2505 2505/2505/2505 2506/2506/2506 
f 2506/2506/2506 2505/2505/2505 2507/2507/2507 
f 2505/2505/2505 2505/2505/2505 2507/2507/2507 
f 2507/2507/2507 2505/2505/2505 2508/2508/2508 
f 2505/2505/2505 2503/2503/2503 2508/2508/2508 
f 2508/2508/2508 2503/2503/2503 2509/2509/2509 
f 2503/2503/2503 2502/2502/2502 2509/2509/2509 
f 2509/2509/2509 2502/2502/2502 2509/2509/2509 
f 2502/2502/2502 2510/2510/2510 2509/2509/2509 
f 2509/2509/2509 2510/2510/2510 2508/2508/2508 
f 2510/2510/2510 2508/2508/2508 2508/2508/2508 
f 2508/2508/2508 2508/2508/2508 2470/2470/2470 
f 2508/2508/2508 2470/2470/2470 2470/2470/2470 
f 2470/2470/2470 2470/2470/2470 2469/2469/2469 
f 2470/2470/2470 2504/2504/2504 2469/2469/2469 
f 2469/2469/2469 2504/2504/2504 2506/2506/2506 
f 2504/2504/2504 2506/2506/2506 2506/2506/2506 
f 2506/2506/2506 2506/2506/2506 2496/2496/2496 
f 2506/2506/2506 2496/2496/2496 2496/2496/2496 
f 2496/2496/2496 2496/2496/2496 2497/2497/2497 
f 2496/2496/2496 2511/2511/2511 2497/2497/2497 
f 2497/2497/2497 2511/2511/2511 2498/2498/2498 
f 2511/2511/2511 2498/2498/2498 2498/2498/2498 
f 2498/2498/2498 2498/2498/2498 2500/2500/2500 
f 2498/2498/2498 2500/2500/2500 2500/2500/2500 
f 2500/2500/2500 2500/2500/2500 2501/2501/2501 
f 2500/2500/2500 2512/2512/2512 2501/2501/2501 
f 2501/2501/2501 2512/2512/2512 2502/2502/2502 
f 2512/2512/2512 2513/2513/2513 2502/2502/2502 
f 2502/2502/2502 2513/2513/2513 2510/2510/2510 
f 2513/2513/2513 2510/2510/2510 2510/2510/2510 
f 2510/2510/2510 2510/2510/2510 2513/2513/2513 
f 2510/2510/2510 2513/2513/2513 2513/2513/2513 
f 2513/2513/2513 2513/2513/2513 2514/2514/2514 
f 2513/2513/2513 2512/2512/2512 2514/2514/2514 
f 2514/2514/2514 2512/2512/2512 2515/2515/2515 
f 2512/2512/2512 2500/2500/2500 2515/2515/2515 
f 2515/2515/2515 2500/2500/2500 2516/2516/2516 
f 2500/2500/2500 2499/2499/2499 2516/2516/2516 
f 2516/2516/2516 2499/2499/2499 2499/2499/2499 
f 2499/2499/2499 2515/2515/2515 2499/2499/2499 
f 2499/2499/2499 2515/2515/2515 2515/2515/2515 
f 2515/2515/2515 2516/2516/2516 2515/2515/2515 
f 2515/2515/2515 2516/2516/2516 2514/2514/2514 
f 2516/2516/2516 2517/2517/2517 2514/2514/2514 
f 2514/2514/2514 2517/2517/2517 2513/2513/2513 
f 2517/2517/2517 2518/2518/2518 2513/2513/2513 
f 2513/2513/2513 2518/2518/2518 2513/2513/2513 
f 2518/2518/2518 2519/2519/2519 2513/2513/2513 
f 2513/2513/2513 2519/2519/2519 2510/2510/2510 
f 2519/2519/2519 2520/2520/2520 2510/2510/2510 
f 2510/2510/2510 2520/2520/2520 2508/2508/2508 
f 2520/2520/2520 2521/2521/2521 2508/2508/2508 
f 2508/2508/2508 2521/2521/2521 2507/2507/2507 
f 2521/2521/2521 2507/2507/2507 2507/2507/2507 
f 2507/2507/2507 2507/2507/2507 2521/2521/2521 
f 2507/2507/2507 2521/2521/2521 2521/2521/2521 
f 2521/2521/2521 2521/2521/2521 2522/2522/2522 
f 2521/2521/2521 2520/2520/2520 2522/2522/2522 
f 2522/2522/2522 2520/2520/2520 2523/2523/2523 
f 2520/2520/2520 2519/2519/2519 2523/2523/2523 
f 2523/2523/2523 2519/2519/2519 2524/2524/2524 
f 2519/2519/2519 2518/2518/2518 2524/2524/2524 
f 2524/2524/2524 2518/2518/2518 2525/2525/2525 
f 2518/2518/2518 2517/2517/2517 2525/2525/2525 
f 2525/2525/2525 2517/2517/2517 2526/2526/2526 
f 2517/2517/2517 2527/2527/2527 2526/2526/2526 
f 2526/2526/2526 2527/2527/2527 2526/2526/2526 
f 2527/2527/2527 2528/2528/2528 2526/2526/2526 
f 2526/2526/2526 2528/2528/2528 2529/2529/2529 
f 2528/2528/2528 2528/2528/2528 2529/2529/2529 
f 2529/2529/2529 2528/2528/2528 2530/2530/2530 
f 2528/2528/2528 2528/2528/2528 2530/2530/2530 
f 2530/2530/2530 2528/2528/2528 2531/2531/2531 
f 2528/2528/2528 2527/2527/2527 2531/2531/2531 
f 2531/2531/2531 2527/2527/2527 2532/2532/2532 
f 2527/2527/2527 2517/2517/2517 2532/2532/2532 
f 2532/2532/2532 2517/2517/2517 2517/2517/2517 
f 2517/2517/2517 2524/2524/2524 2517/2517/2517 
f 2517/2517/2517 2524/2524/2524 2524/2524/2524 
f 2524/2524/2524 2525/2525/2525 2524/2524/2524 
f 2524/2524/2524 2525/2525/2525 2533/2533/2533 
f 2525/2525/2525 2526/2526/2526 2533/2533/2533 
f 2533/2533/2533 2526/2526/2526 2534/2534/2534 
f 2526/2526/2526 2529/2529/2529 2534/2534/2534 
f 2534/2534/2534 2529/2529/2529 2529/2529/2529 
f 2529/2529/2529 2532/2532/2532 2529/2529/2529 
f 2529/2529/2529 2532/2532/2532 2532/2532/2532 
f 2532/2532/2532 2535/2535/2535 2532/2532/2532 
f 2532/2532/2532 2535/2535/2535 2531/2531/2531 
f 2535/2535/2535 2530/2530/2530 2531/2531/2531 
f 2531/2531/2531 2530/2530/2530 2530/2530/2530 
f 2530/2530/2530 2517/2517/2517 2530/2530/2530 
f 2530/2530/2530 2517/2517/2517 2517/2517/2517 
f 2517/2517/2517 2536/2536/2536 2517/2517/2517 
f 2517/2517/2517 2536/2536/2536 2532/2532/2532 
f 2536/2536/2536 2537/2537/2537 2532/2532/2532 
f 2532/2532/2532 2537/2537/2537 2535/2535/2535 
f 2537/2537/2537 2535/2535/2535 2535/2535/2535 
f 2535/2535/2535 2535/2535/2535 2517/2517/2517 
f 2535/2535/2535 2517/2517/2517 2517/2517/2517 
f 2517/2517/2517 2517/2517/2517 2536/2536/2536 
f 2517/2517/2517 2516/2516/2516 2536/2536/2536 
f 2536/2536/2536 2516/2516/2516 2538/2538/2538 
f 2516/2516/2516 2499/2499/2499 2538/2538/2538 
f 2538/2538/2538 2499/2499/2499 2539/2539/2539 
f 2499/2499/2499 2498/2498/2498 2539/2539/2539 
f 2539/2539/2539 2498/2498/2498 2540/2540/2540 
f 2498/2498/2498 2511/2511/2511 2540/2540/2540 
f 2540/2540/2540 2511/2511/2511 2511/2511/2511 
f 2511/2511/2511 2539/2539/2539 2511/2511/2511 
f 2511/2511/2511 2539/2539/2539 2539/2539/2539 
f 2539/2539/2539 2540/2540/2540 2539/2539/2539 
f 2539/2539/2539 2540/2540/2540 2538/2538/2538 
f 2540/2540/2540 2541/2541/2541 2538/2538/2538 
f 2538/2538/2538 2541/2541/2541 2536/2536/2536 
f 2541/2541/2541 2541/2541/2541 2536/2536/2536 
f 2536/2536/2536 2541/2541/2541 2537/2537/2537 
f 2541/2541/2541 2541/2541/2541 2537/2537/2537 
f 2537/2537/2537 2541/2541/2541 2542/2542/2542 
f 2541/2541/2541 2541/2541/2541 2542/2542/2542 
f 2542/2542/2542 2541/2541/2541 2543/2543/2543 
f 2541/2541/2541 2540/2540/2540 2543/2543/2543 
f 2543/2543/2543 2540/2540/2540 2544/2544/2544 
f 2540/2540/2540 2545/2545/2545 2544/2544/2544 
f 2544/2544/2544 2545/2545/2545 2494/2494/2494 
f 2545/2545/2545 2545/2545/2545 2494/2494/2494 
f 2494/2494/2494 2545/2545/2545 2495/2495/2495 
f 2545/2545/2545 2545/2545/2545 2495/2495/2495 
f 2495/2495/2495 2545/2545/2545 2496/2496/2496 
f 2545/2545/2545 2545/2545/2545 2496/2496/2496 
f 2496/2496/2496 2545/2545/2545 2511/2511/2511 
f 2545/2545/2545 2540/2540/2540 2511/2511/2511 
f 2511/2511/2511 2540/2540/2540 2540/2540/2540 
f 2540/2540/2540 2494/2494/2494 2540/2540/2540 
f 2540/2540/2540 2494/2494/2494 2494/2494/2494 
f 2494/2494/2494 2493/2493/2493 2494/2494/2494 
f 2494/2494/2494 2493/2493/2493 2544/2544/2544 
f 2493/2493/2493 2546/2546/2546 2544/2544/2544 
f 2544/2544/2544 2546/2546/2546 2543/2543/2543 
f 2546/2546/2546 2547/2547/2547 2543/2543/2543 
f 2543/2543/2543 2547/2547/2547 2542/2542/2542 
f 2547/2547/2547 2542/2542/2542 2542/2542/2542 
f 2542/2542/2542 2542/2542/2542 2493/2493/2493 
f 2542/2542/2542 2493/2493/2493 2493/2493/2493 
f 2493/2493/2493 2493/2493/2493 2546/2546/2546 
f 2493/2493/2493 2491/2491/2491 2546/2546/2546 
f 2546/2546/2546 2491/2491/2491 2548/2548/2548 
f 2491/2491/2491 2492/2492/2492 2548/2548/2548 
f 2548/2548/2548 2492/2492/2492 2548/2548/2548 
f 2492/2492/2492 2549/2549/2549 2548/2548/2548 
f 2548/2548/2548 2549/2549/2549 2548/2548/2548 
f 2549/2549/2549 2550/2550/2550 2548/2548/2548 
f 2548/2548/2548 2550/2550/2550 2548/2548/2548 
f 2550/2550/2550 2551/2551/2551 2548/2548/2548 
f 2548/2548/2548 2551/2551/2551 2547/2547/2547 
f 2551/2551/2551 2551/2551/2551 2547/2547/2547 
f 2547/2547/2547 2551/2551/2551 2542/2542/2542 
f 2551/2551/2551 2552/2552/2552 2542/2542/2542 
f 2542/2542/2542 2552/2552/2552 2537/2537/2537 
f 2552/2552/2552 2552/2552/2552 2537/2537/2537 
f 2537/2537/2537 2552/2552/2552 2535/2535/2535 
f 2552/2552/2552 2553/2553/2553 2535/2535/2535 
f 2535/2535/2535 2553/2553/2553 2530/2530/2530 
f 2553/2553/2553 2554/2554/2554 2530/2530/2530 
f 2530/2530/2530 2554/2554/2554 2529/2529/2529 
f 2554/2554/2554 2555/2555/2555 2529/2529/2529 
f 2529/2529/2529 2555/2555/2555 2534/2534/2534 
f 2555/2555/2555 2556/2556/2556 2534/2534/2534 
f 2534/2534/2534 2556/2556/2556 2533/2533/2533 
f 2556/2556/2556 2557/2557/2557 2533/2533/2533 
f 2533/2533/2533 2557/2557/2557 2524/2524/2524 
f 2557/2557/2557 2557/2557/2557 2524/2524/2524 
f 2524/2524/2524 2557/2557/2557 2523/2523/2523 
f 2557/2557/2557 2558/2558/2558 2523/2523/2523 
f 2523/2523/2523 2558/2558/2558 2522/2522/2522 
f 2558/2558/2558 2559/2559/2559 2522/2522/2522 
f 2522/2522/2522 2559/2559/2559 2521/2521/2521 
f 2559/2559/2559 2521/2521/2521 2521/2521/2521 
f 2521/2521/2521 2521/2521/2521 2548/2548/2548 
f 2521/2521/2521 2548/2548/2548 2548/2548/2548 
f 2548/2548/2548 2548/2548/2548 2546/2546/2546 
f 2548/2548/2548 2547/2547/2547 2546/2546/2546 
f 2546/2546/2546 2547/2547/2547 2547/2547/2547 
f 2547/2547/2547 2559/2559/2559 2547/2547/2547 
f 2547/2547/2547 2559/2559/2559 2559/2559/2559 
f 2559/2559/2559 2558/2558/2558 2559/2559/2559 
f 2559/2559/2559 2558/2558/2558 2560/2560/2560 
f 2558/2558/2558 2557/2557/2557 2560/2560/2560 
f 2560/2560/2560 2557/2557/2557 2561/2561/2561 
f 2557/2557/2557 2557/2557/2557 2561/2561/2561 
f 2561/2561/2561 2557/2557/2557 2562/2562/2562 
f 2557/2557/2557 2556/2556/2556 2562/2562/2562 
f 2562/2562/2562 2556/2556/2556 2563/2563/2563 
f 2556/2556/2556 2555/2555/2555 2563/2563/2563 
f 2563/2563/2563 2555/2555/2555 2564/2564/2564 
f 2555/2555/2555 2554/2554/2554 2564/2564/2564 
f 2564/2564/2564 2554/2554/2554 2564/2564/2564 
f 2554/2554/2554 2553/2553/2553 2564/2564/2564 
f 2564/2564/2564 2553/2553/2553 2565/2565/2565 
f 2553/2553/2553 2552/2552/2552 2565/2565/2565 
f 2565/2565/2565 2552/2552/2552 2565/2565/2565 
f 2552/2552/2552 2551/2551/2551 2565/2565/2565 
f 2565/2565/2565 2551/2551/2551 2565/2565/2565 
f 2551/2551/2551 2550/2550/2550 2565/2565/2565 
f 2565/2565/2565 2550/2550/2550 2566/2566/2566 
f 2550/2550/2550 2549/2549/2549 2566/2566/2566 
f 2566/2566/2566 2549/2549/2549 2567/2567/2567 
f 2549/2549/2549 2568/2568/2568 2567/2567/2567 
f 2567/2567/2567 2568/2568/2568 2567/2567/2567 
f 2568/2568/2568 2569/2569/2569 2567/2567/2567 
f 2567/2567/2567 2569/2569/2569 2570/2570/2570 
f 2569/2569/2569 2571/2571/2571 2570/2570/2570 
f 2570/2570/2570 2571/2571/2571 2562/2562/2562 
f 2571/2571/2571 2572/2572/2572 2562/2562/2562 
f 2562/2562/2562 2572/2572/2572 2561/2561/2561 
f 2572/2572/2572 2561/2561/2561 2561/2561/2561 
f 2561/2561/2561 2561/2561/2561 2565/2565/2565 
f 2561/2561/2561 2565/2565/2565 2565/2565/2565 
f 2565/2565/2565 2565/2565/2565 2564/2564/2564 
f 2565/2565/2565 2566/2566/2566 2564/2564/2564 
f 2564/2564/2564 2566/2566/2566 2564/2564/2564 
f 2566/2566/2566 2567/2567/2567 2564/2564/2564 
f 2564/2564/2564 2567/2567/2567 2564/2564/2564 
f 2567/2567/2567 2570/2570/2570 2564/2564/2564 
f 2564/2564/2564 2570/2570/2570 2563/2563/2563 
f 2570/2570/2570 2562/2562/2562 2563/2563/2563 
f 2563/2563/2563 2562/2562/2562 2562/2562/2562 
f 2562/2562/2562 2571/2571/2571 2562/2562/2562 
f 2562/2562/2562 2571/2571/2571 2571/2571/2571 
f 2571/2571/2571 2569/2569/2569 2571/2571/2571 
f 2571/2571/2571 2569/2569/2569 2572/2572/2572 
f 2569/2569/2569 2573/2573/2573 2572/2572/2572 
f 2572/2572/2572 2573/2573/2573 2572/2572/2572 
f 2573/2573/2573 2574/2574/2574 2572/2572/2572 
f 2572/2572/2572 2574/2574/2574 2575/2575/2575 
f 2574/2574/2574 2576/2576/2576 2575/2575/2575 
f 2575/2575/2575 2576/2576/2576 2577/2577/2577 
f 2576/2576/2576 2578/2578/2578 2577/2577/2577 
f 2577/2577/2577 2578/2578/2578 2579/2579/2579 
f 2578/2578/2578 2284/2284/2284 2579/2579/2579 
f 2579/2579/2579 2284/2284/2284 2579/2579/2579 
f 2284/2284/2284 2466/2466/2466 2579/2579/2579 
f 2579/2579/2579 2466/2466/2466 2580/2580/2580 
f 2466/2466/2466 2465/2465/2465 2580/2580/2580 
f 2580/2580/2580 2465/2465/2465 2580/2580/2580 
f 2465/2465/2465 2467/2467/2467 2580/2580/2580 
f 2580/2580/2580 2467/2467/2467 2507/2507/2507 
f 2467/2467/2467 2467/2467/2467 2507/2507/2507 
f 2507/2507/2507 2467/2467/2467 2581/2581/2581 
f 2467/2467/2467 2468/2468/2468 2581/2581/2581 
f 2581/2581/2581 2468/2468/2468 2582/2582/2582 
f 2468/2468/2468 2469/2469/2469 2582/2582/2582 
f 2582/2582/2582 2469/2469/2469 2583/2583/2583 
f 2469/2469/2469 2506/2506/2506 2583/2583/2583 
f 2583/2583/2583 2506/2506/2506 2581/2581/2581 
f 2506/2506/2506 2507/2507/2507 2581/2581/2581 
f 2581/2581/2581 2507/2507/2507 2507/2507/2507 
f 2507/2507/2507 2561/2561/2561 2507/2507/2507 
f 2507/2507/2507 2561/2561/2561 2561/2561/2561 
f 2561/2561/2561 2572/2572/2572 2561/2561/2561 
f 2561/2561/2561 2572/2572/2572 2560/2560/2560 
f 2572/2572/2572 2575/2575/2575 2560/2560/2560 
f 2560/2560/2560 2575/2575/2575 2559/2559/2559 
f 2575/2575/2575 2577/2577/2577 2559/2559/2559 
f 2559/2559/2559 2577/2577/2577 2559/2559/2559 
f 2577/2577/2577 2579/2579/2579 2559/2559/2559 
f 2559/2559/2559 2579/2579/2579 2584/2584/2584 
f 2579/2579/2579 2580/2580/2580 2584/2584/2584 
f 2584/2584/2584 2580/2580/2580 2521/2521/2521 
f 2580/2580/2580 2507/2507/2507 2521/2521/2521 
f 2521/2521/2521 2507/2507/2507 2507/2507/2507 
f 2507/2507/2507 2581/2581/2581 2507/2507/2507 
f 2507/2507/2507 2581/2581/2581 2581/2581/2581 
f 2581/2581/2581 2582/2582/2582 2581/2581/2581 
f 2581/2581/2581 2582/2582/2582 2583/2583/2583 
f 2582/2582/2582 2583/2583/2583 2583/2583/2583 
f 2583/2583/2583 2583/2583/2583 2521/2521/2521 
f 2583/2583/2583 2521/2521/2521 2521/2521/2521 
f 2521/2521/2521 2521/2521/2521 2584/2584/2584 
f 2521/2521/2521 2559/2559/2559 2584/2584/2584 
f 2584/2584/2584 2559/2559/2559 2559/2559/2559 
f 2559/2559/2559 2585/2585/2585 2559/2559/2559 
f 2559/2559/2559 2585/2585/2585 2585/2585/2585 
f 2585/2585/2585 2586/2586/2586 2585/2585/2585 
f 2585/2585/2585 2586/2586/2586 2587/2587/2587 
f 2586/2586/2586 2588/2588/2588 2587/2587/2587 
f 2587/2587/2587 2588/2588/2588 2589/2589/2589 
f 2588/2588/2588 2588/2588/2588 2589/2589/2589 
f 2589/2589/2589 2588/2588/2588 2590/2590/2590 
f 2588/2588/2588 2586/2586/2586 2590/2590/2590 
f 2590/2590/2590 2586/2586/2586 2586/2586/2586 
f 2586/2586/2586 2587/2587/2587 2586/2586/2586 
f 2586/2586/2586 2587/2587/2587 2587/2587/2587 
f 2587/2587/2587 2591/2591/2591 2587/2587/2587 
f 2587/2587/2587 2591/2591/2591 2585/2585/2585 
f 2591/2591/2591 2591/2591/2591 2585/2585/2585 
f 2585/2585/2585 2591/2591/2591 2592/2592/2592 
f 2591/2591/2591 2593/2593/2593 2592/2592/2592 
f 2592/2592/2592 2593/2593/2593 2594/2594/2594 
f 2593/2593/2593 2595/2595/2595 2594/2594/2594 
f 2594/2594/2594 2595/2595/2595 2596/2596/2596 
f 2595/2595/2595 2595/2595/2595 2596/2596/2596 
f 2596/2596/2596 2595/2595/2595 2597/2597/2597 
f 2595/2595/2595 2598/2598/2598 2597/2597/2597 
f 2597/2597/2597 2598/2598/2598 2597/2597/2597 
f 2598/2598/2598 2599/2599/2599 2597/2597/2597 
f 2597/2597/2597 2599/2599/2599 2600/2600/2600 
f 2599/2599/2599 2601/2601/2601 2600/2600/2600 
f 2600/2600/2600 2601/2601/2601 2600/2600/2600 
f 2601/2601/2601 2602/2602/2602 2600/2600/2600 
f 2600/2600/2600 2602/2602/2602 2600/2600/2600 
f 2602/2602/2602 2603/2603/2603 2600/2600/2600 
f 2600/2600/2600 2603/2603/2603 2600/2600/2600 
f 2603/2603/2603 2604/2604/2604 2600/2600/2600 
f 2600/2600/2600 2604/2604/2604 2597/2597/2597 
f 2604/2604/2604 2597/2597/2597 2597/2597/2597 
f 2597/2597/2597 2597/2597/2597 2598/2598/2598 
f 2597/2597/2597 2598/2598/2598 2598/2598/2598 
f 2598/2598/2598 2598/2598/2598 2599/2599/2599 
f 2598/2598/2598 2605/2605/2605 2599/2599/2599 
f 2599/2599/2599 2605/2605/2605 2599/2599/2599 
f 2605/2605/2605 2606/2606/2606 2599/2599/2599 
f 2599/2599/2599 2606/2606/2606 2601/2601/2601 
f 2606/2606/2606 2601/2601/2601 2601/2601/2601 
f 2601/2601/2601 2601/2601/2601 2598/2598/2598 
f 2601/2601/2601 2598/2598/2598 2598/2598/2598 
f 2598/2598/2598 2598/2598/2598 2605/2605/2605 
f 2598/2598/2598 2595/2595/2595 2605/2605/2605 
f 2605/2605/2605 2595/2595/2595 2607/2607/2607 
f 2595/2595/2595 2595/2595/2595 2607/2607/2607 
f 2607/2607/2607 2595/2595/2595 2608/2608/2608 
f 2595/2595/2595 2593/2593/2593 2608/2608/2608 
f 2608/2608/2608 2593/2593/2593 2609/2609/2609 
f 2593/2593/2593 2591/2591/2591 2609/2609/2609 
f 2609/2609/2609 2591/2591/2591 2609/2609/2609 
f 2591/2591/2591 2587/2587/2587 2609/2609/2609 
f 2609/2609/2609 2587/2587/2587 2610/2610/2610 
f 2587/2587/2587 2589/2589/2589 2610/2610/2610 
f 2610/2610/2610 2589/2589/2589 2610/2610/2610 
f 2589/2589/2589 2611/2611/2611 2610/2610/2610 
f 2610/2610/2610 2611/2611/2611 2609/2609/2609 
f 2611/2611/2611 2612/2612/2612 2609/2609/2609 
f 2609/2609/2609 2612/2612/2612 2609/2609/2609 
f 2612/2612/2612 2613/2613/2613 2609/2609/2609 
f 2609/2609/2609 2613/2613/2613 2608/2608/2608 
f 2613/2613/2613 2614/2614/2614 2608/2608/2608 
f 2608/2608/2608 2614/2614/2614 2607/2607/2607 
f 2614/2614/2614 2614/2614/2614 2607/2607/2607 
f 2607/2607/2607 2614/2614/2614 2605/2605/2605 
f 2614/2614/2614 2615/2615/2615 2605/2605/2605 
f 2605/2605/2605 2615/2615/2615 2606/2606/2606 
f 2615/2615/2615 2616/2616/2616 2606/2606/2606 
f 2606/2606/2606 2616/2616/2616 2601/2601/2601 
f 2616/2616/2616 2601/2601/2601 2601/2601/2601 
f 2601/2601/2601 2601/2601/2601 2613/2613/2613 
f 2601/2601/2601 2613/2613/2613 2613/2613/2613 
f 2613/2613/2613 2613/2613/2613 2614/2614/2614 
f 2613/2613/2613 2617/2617/2617 2614/2614/2614 
f 2614/2614/2614 2617/2617/2617 2614/2614/2614 
f 2617/2617/2617 2618/2618/2618 2614/2614/2614 
f 2614/2614/2614 2618/2618/2618 2614/2614/2614 
f 2618/2618/2618 2619/2619/2619 2614/2614/2614 
f 2614/2614/2614 2619/2619/2619 2615/2615/2615 
f 2619/2619/2619 2620/2620/2620 2615/2615/2615 
f 2615/2615/2615 2620/2620/2620 2616/2616/2616 
f 2620/2620/2620 2616/2616/2616 2616/2616/2616 
f 2616/2616/2616 2616/2616/2616 2613/2613/2613 
f 2616/2616/2616 2613/2613/2613 2613/2613/2613 
f 2613/2613/2613 2613/2613/2613 2617/2617/2617 
f 2613/2613/2613 2612/2612/2612 2617/2617/2617 
f 2617/2617/2617 2612/2612/2612 2621/2621/2621 
f 2612/2612/2612 2611/2611/2611 2621/2621/2621 
f 2621/2621/2621 2611/2611/2611 2611/2611/2611 
f 2611/2611/2611 2621/2621/2621 2611/2611/2611 
f 2611/2611/2611 2621/2621/2621 2621/2621/2621 
f 2621/2621/2621 2622/2622/2622 2621/2621/2621 
f 2621/2621/2621 2622/2622/2622 2617/2617/2617 
f 2622/2622/2622 2622/2622/2622 2617/2617/2617 
f 2617/2617/2617 2622/2622/2622 2618/2618/2618 
f 2622/2622/2622 2623/2623/2623 2618/2618/2618 
f 2618/2618/2618 2623/2623/2623 2618/2618/2618 
f 2623/2623/2623 2624/2624/2624 2618/2618/2618 
f 2618/2618/2618 2624/2624/2624 2619/2619/2619 
f 2624/2624/2624 2625/2625/2625 2619/2619/2619 
f 2619/2619/2619 2625/2625/2625 2620/2620/2620 
f 2625/2625/2625 2626/2626/2626 2620/2620/2620 
f 2620/2620/2620 2626/2626/2626 2616/2616/2616 
f 2626/2626/2626 2627/2627/2627 2616/2616/2616 
f 2616/2616/2616 2627/2627/2627 2601/2601/2601 
f 2627/2627/2627 2601/2601/2601 2601/2601/2601 
f 2601/2601/2601 2601/2601/2601 2627/2627/2627 
f 2601/2601/2601 2627/2627/2627 2627/2627/2627 
f 2627/2627/2627 2627/2627/2627 2628/2628/2628 
f 2627/2627/2627 2626/2626/2626 2628/2628/2628 
f 2628/2628/2628 2626/2626/2626 2629/2629/2629 
f 2626/2626/2626 2625/2625/2625 2629/2629/2629 
f 2629/2629/2629 2625/2625/2625 2630/2630/2630 
f 2625/2625/2625 2624/2624/2624 2630/2630/2630 
f 2630/2630/2630 2624/2624/2624 2631/2631/2631 
f 2624/2624/2624 2623/2623/2623 2631/2631/2631 
f 2631/2631/2631 2623/2623/2623 2632/2632/2632 
f 2623/2623/2623 2622/2622/2622 2632/2632/2632 
f 2632/2632/2632 2622/2622/2622 2633/2633/2633 
f 2622/2622/2622 2621/2621/2621 2633/2633/2633 
f 2633/2633/2633 2621/2621/2621 2634/2634/2634 
f 2621/2621/2621 2611/2611/2611 2634/2634/2634 
f 2634/2634/2634 2611/2611/2611 2635/2635/2635 
f 2611/2611/2611 2589/2589/2589 2635/2635/2635 
f 2635/2635/2635 2589/2589/2589 2636/2636/2636 
f 2589/2589/2589 2590/2590/2590 2636/2636/2636 
f 2636/2636/2636 2590/2590/2590 2637/2637/2637 
f 2590/2590/2590 2638/2638/2638 2637/2637/2637 
f 2637/2637/2637 2638/2638/2638 2639/2639/2639 
f 2638/2638/2638 2640/2640/2640 2639/2639/2639 
f 2639/2639/2639 2640/2640/2640 2639/2639/2639 
f 2640/2640/2640 2641/2641/2641 2639/2639/2639 
f 2639/2639/2639 2641/2641/2641 2639/2639/2639 
f 2641/2641/2641 2642/2642/2642 2639/2639/2639 
f 2639/2639/2639 2642/2642/2642 2639/2639/2639 
f 2642/2642/2642 2643/2643/2643 2639/2639/2639 
f 2639/2639/2639 2643/2643/2643 2639/2639/2639 
f 2643/2643/2643 2644/2644/2644 2639/2639/2639 
f 2639/2639/2639 2644/2644/2644 2637/2637/2637 
f 2644/2644/2644 2644/2644/2644 2637/2637/2637 
f 2637/2637/2637 2644/2644/2644 2645/2645/2645 
f 2644/2644/2644 2644/2644/2644 2645/2645/2645 
f 2645/2645/2645 2644/2644/2644 2646/2646/2646 
f 2644/2644/2644 2647/2647/2647 2646/2646/2646 
f 2646/2646/2646 2647/2647/2647 2648/2648/2648 
f 2647/2647/2647 2649/2649/2649 2648/2648/2648 
f 2648/2648/2648 2649/2649/2649 2649/2649/2649 
f 2649/2649/2649 2590/2590/2590 2649/2649/2649 
f 2649/2649/2649 2590/2590/2590 2590/2590/2590 
f 2590/2590/2590 2586/2586/2586 2590/2590/2590 
f 2590/2590/2590 2586/2586/2586 2638/2638/2638 
f 2586/2586/2586 2638/2638/2638 2638/2638/2638 
f 2638/2638/2638 2638/2638/2638 2630/2630/2630 
f 2638/2638/2638 2630/2630/2630 2630/2630/2630 
f 2630/2630/2630 2630/2630/2630 2629/2629/2629 
f 2630/2630/2630 2650/2650/2650 2629/2629/2629 
f 2629/2629/2629 2650/2650/2650 2628/2628/2628 
f 2650/2650/2650 2628/2628/2628 2628/2628/2628 
f 2628/2628/2628 2628/2628/2628 2650/2650/2650 
f 2628/2628/2628 2650/2650/2650 2650/2650/2650 
f 2650/2650/2650 2650/2650/2650 2631/2631/2631 
f 2650/2650/2650 2630/2630/2630 2631/2631/2631 
f 2631/2631/2631 2630/2630/2630 2630/2630/2630 
f 2630/2630/2630 2648/2648/2648 2630/2630/2630 
f 2630/2630/2630 2648/2648/2648 2648/2648/2648 
f 2648/2648/2648 2651/2651/2651 2648/2648/2648 
f 2648/2648/2648 2651/2651/2651 2646/2646/2646 
f 2651/2651/2651 2645/2645/2645 2646/2646/2646 
f 2646/2646/2646 2645/2645/2645 2645/2645/2645 
f 2645/2645/2645 2651/2651/2651 2645/2645/2645 
f 2645/2645/2645 2651/2651/2651 2651/2651/2651 
f 2651/2651/2651 2648/2648/2648 2651/2651/2651 
f 2651/2651/2651 2648/2648/2648 2652/2652/2652 
f 2648/2648/2648 2653/2653/2653 2652/2652/2652 
f 2652/2652/2652 2653/2653/2653 2654/2654/2654 
f 2653/2653/2653 2655/2655/2655 2654/2654/2654 
f 2654/2654/2654 2655/2655/2655 2656/2656/2656 
f 2655/2655/2655 2655/2655/2655 2656/2656/2656 
f 2656/2656/2656 2655/2655/2655 2657/2657/2657 
f 2655/2655/2655 2658/2658/2658 2657/2657/2657 
f 2657/2657/2657 2658/2658/2658 2659/2659/2659 
f 2658/2658/2658 2660/2660/2660 2659/2659/2659 
f 2659/2659/2659 2660/2660/2660 2661/2661/2661 
f 2660/2660/2660 2662/2662/2662 2661/2661/2661 
f 2661/2661/2661 2662/2662/2662 2663/2663/2663 
f 2662/2662/2662 2664/2664/2664 2663/2663/2663 
f 2663/2663/2663 2664/2664/2664 2663/2663/2663 
f 2664/2664/2664 2665/2665/2665 2663/2663/2663 
f 2663/2663/2663 2665/2665/2665 2663/2663/2663 
f 2665/2665/2665 2666/2666/2666 2663/2663/2663 
f 2663/2663/2663 2666/2666/2666 2663/2663/2663 
f 2666/2666/2666 2667/2667/2667 2663/2663/2663 
f 2663/2663/2663 2667/2667/2667 2661/2661/2661 
f 2667/2667/2667 2668/2668/2668 2661/2661/2661 
f 2661/2661/2661 2668/2668/2668 2659/2659/2659 
f 2668/2668/2668 2669/2669/2669 2659/2659/2659 
f 2659/2659/2659 2669/2669/2669 2657/2657/2657 
f 2669/2669/2669 2669/2669/2669 2657/2657/2657 
f 2657/2657/2657 2669/2669/2669 2656/2656/2656 
f 2669/2669/2669 2670/2670/2670 2656/2656/2656 
f 2656/2656/2656 2670/2670/2670 2656/2656/2656 
f 2670/2670/2670 2671/2671/2671 2656/2656/2656 
f 2656/2656/2656 2671/2671/2671 2654/2654/2654 
f 2671/2671/2671 2672/2672/2672 2654/2654/2654 
f 2654/2654/2654 2672/2672/2672 2652/2652/2652 
f 2672/2672/2672 2673/2673/2673 2652/2652/2652 
f 2652/2652/2652 2673/2673/2673 2651/2651/2651 
f 2673/2673/2673 2673/2673/2673 2651/2651/2651 
f 2651/2651/2651 2673/2673/2673 2645/2645/2645 
f 2673/2673/2673 2674/2674/2674 2645/2645/2645 
f 2645/2645/2645 2674/2674/2674 2637/2637/2637 
f 2674/2674/2674 2674/2674/2674 2637/2637/2637 
f 2637/2637/2637 2674/2674/2674 2636/2636/2636 
f 2674/2674/2674 2675/2675/2675 2636/2636/2636 
f 2636/2636/2636 2675/2675/2675 2635/2635/2635 
f 2675/2675/2675 2635/2635/2635 2635/2635/2635 
f 2635/2635/2635 2635/2635/2635 2648/2648/2648 
f 2635/2635/2635 2648/2648/2648 2648/2648/2648 
f 2648/2648/2648 2648/2648/2648 2653/2653/2653 
f 2648/2648/2648 2649/2649/2649 2653/2653/2653 
f 2653/2653/2653 2649/2649/2649 2655/2655/2655 
f 2649/2649/2649 2658/2658/2658 2655/2655/2655 
f 2655/2655/2655 2658/2658/2658 2658/2658/2658 
f 2658/2658/2658 2675/2675/2675 2658/2658/2658 
f 2658/2658/2658 2675/2675/2675 2675/2675/2675 
f 2675/2675/2675 2674/2674/2674 2675/2675/2675 
f 2675/2675/2675 2674/2674/2674 2676/2676/2676 
f 2674/2674/2674 2673/2673/2673 2676/2676/2676 
f 2676/2676/2676 2673/2673/2673 2677/2677/2677 
f 2673/2673/2673 2678/2678/2678 2677/2677/2677 
f 2677/2677/2677 2678/2678/2678 2675/2675/2675 
f 2678/2678/2678 2678/2678/2678 2675/2675/2675 
f 2675/2675/2675 2678/2678/2678 2635/2635/2635 
f 2678/2678/2678 2679/2679/2679 2635/2635/2635 
f 2635/2635/2635 2679/2679/2679 2634/2634/2634 
f 2679/2679/2679 2679/2679/2679 2634/2634/2634 
f 2634/2634/2634 2679/2679/2679 2680/2680/2680 
f 2679/2679/2679 2681/2681/2681 2680/2680/2680 
f 2680/2680/2680 2681/2681/2681 2672/2672/2672 
f 2681/2681/2681 2681/2681/2681 2672/2672/2672 
f 2672/2672/2672 2681/2681/2681 2673/2673/2673 
f 2681/2681/2681 2681/2681/2681 2673/2673/2673 
f 2673/2673/2673 2681/2681/2681 2678/2678/2678 
f 2681/2681/2681 2679/2679/2679 2678/2678/2678 
f 2678/2678/2678 2679/2679/2679 2679/2679/2679 
f 2679/2679/2679 2675/2675/2675 2679/2679/2679 
f 2679/2679/2679 2675/2675/2675 2675/2675/2675 
f 2675/2675/2675 2676/2676/2676 2675/2675/2675 
f 2675/2675/2675 2676/2676/2676 2677/2677/2677 
f 2676/2676/2676 2677/2677/2677 2677/2677/2677 
f 2677/2677/2677 2677/2677/2677 2680/2680/2680 
f 2677/2677/2677 2680/2680/2680 2680/2680/2680 
f 2680/2680/2680 2680/2680/2680 2682/2682/2682 
f 2680/2680/2680 2672/2672/2672 2682/2682/2682 
f 2682/2682/2682 2672/2672/2672 2683/2683/2683 
f 2672/2672/2672 2671/2671/2671 2683/2683/2683 
f 2683/2683/2683 2671/2671/2671 2684/2684/2684 
f 2671/2671/2671 2670/2670/2670 2684/2684/2684 
f 2684/2684/2684 2670/2670/2670 2670/2670/2670 
f 2670/2670/2670 2684/2684/2684 2670/2670/2670 
f 2670/2670/2670 2684/2684/2684 2684/2684/2684 
f 2684/2684/2684 2685/2685/2685 2684/2684/2684 
f 2684/2684/2684 2685/2685/2685 2683/2683/2683 
f 2685/2685/2685 2685/2685/2685 2683/2683/2683 
f 2683/2683/2683 2685/2685/2685 2682/2682/2682 
f 2685/2685/2685 2685/2685/2685 2682/2682/2682 
f 2682/2682/2682 2685/2685/2685 2632/2632/2632 
f 2685/2685/2685 2686/2686/2686 2632/2632/2632 
f 2632/2632/2632 2686/2686/2686 2631/2631/2631 
f 2686/2686/2686 2686/2686/2686 2631/2631/2631 
f 2631/2631/2631 2686/2686/2686 2687/2687/2687 
f 2686/2686/2686 2688/2688/2688 2687/2687/2687 
f 2687/2687/2687 2688/2688/2688 2684/2684/2684 
f 2688/2688/2688 2688/2688/2688 2684/2684/2684 
f 2684/2684/2684 2688/2688/2688 2685/2685/2685 
f 2688/2688/2688 2686/2686/2686 2685/2685/2685 
f 2685/2685/2685 2686/2686/2686 2686/2686/2686 
f 2686/2686/2686 2687/2687/2687 2686/2686/2686 
f 2686/2686/2686 2687/2687/2687 2687/2687/2687 
f 2687/2687/2687 2684/2684/2684 2687/2687/2687 
f 2687/2687/2687 2684/2684/2684 2689/2689/2689 
f 2684/2684/2684 2670/2670/2670 2689/2689/2689 
f 2689/2689/2689 2670/2670/2670 2690/2690/2690 
f 2670/2670/2670 2669/2669/2669 2690/2690/2690 
f 2690/2690/2690 2669/2669/2669 2691/2691/2691 
f 2669/2669/2669 2669/2669/2669 2691/2691/2691 
f 2691/2691/2691 2669/2669/2669 2692/2692/2692 
f 2669/2669/2669 2668/2668/2668 2692/2692/2692 
f 2692/2692/2692 2668/2668/2668 2692/2692/2692 
f 2668/2668/2668 2667/2667/2667 2692/2692/2692 
f 2692/2692/2692 2667/2667/2667 2693/2693/2693 
f 2667/2667/2667 2666/2666/2666 2693/2693/2693 
f 2693/2693/2693 2666/2666/2666 2694/2694/2694 
f 2666/2666/2666 2695/2695/2695 2694/2694/2694 
f 2694/2694/2694 2695/2695/2695 2694/2694/2694 
f 2695/2695/2695 2696/2696/2696 2694/2694/2694 
f 2694/2694/2694 2696/2696/2696 2697/2697/2697 
f 2696/2696/2696 2698/2698/2698 2697/2697/2697 
f 2697/2697/2697 2698/2698/2698 2698/2698/2698 
f 2698/2698/2698 2666/2666/2666 2698/2698/2698 
f 2698/2698/2698 2666/2666/2666 2666/2666/2666 
f 2666/2666/2666 2665/2665/2665 2666/2666/2666 
f 2666/2666/2666 2665/2665/2665 2695/2695/2695 
f 2665/2665/2665 2665/2665/2665 2695/2695/2695 
f 2695/2695/2695 2665/2665/2665 2699/2699/2699 
f 2665/2665/2665 2700/2700/2700 2699/2699/2699 
f 2699/2699/2699 2700/2700/2700 2701/2701/2701 
f 2700/2700/2700 2701/2701/2701 2701/2701/2701 
f 2701/2701/2701 2701/2701/2701 2697/2697/2697 
f 2701/2701/2701 2697/2697/2697 2697/2697/2697 
f 2697/2697/2697 2697/2697/2697 2694/2694/2694 
f 2697/2697/2697 2702/2702/2702 2694/2694/2694 
f 2694/2694/2694 2702/2702/2702 2693/2693/2693 
f 2702/2702/2702 2703/2703/2703 2693/2693/2693 
f 2693/2693/2693 2703/2703/2703 2692/2692/2692 
f 2703/2703/2703 2704/2704/2704 2692/2692/2692 
f 2692/2692/2692 2704/2704/2704 2705/2705/2705 
f 2704/2704/2704 2703/2703/2703 2705/2705/2705 
f 2705/2705/2705 2703/2703/2703 2706/2706/2706 
f 2703/2703/2703 2702/2702/2702 2706/2706/2706 
f 2706/2706/2706 2702/2702/2702 2707/2707/2707 
f 2702/2702/2702 2697/2697/2697 2707/2707/2707 
f 2707/2707/2707 2697/2697/2697 2708/2708/2708 
f 2697/2697/2697 2698/2698/2698 2708/2708/2708 
f 2708/2708/2708 2698/2698/2698 2708/2708/2708 
f 2698/2698/2698 2709/2709/2709 2708/2708/2708 
f 2708/2708/2708 2709/2709/2709 2710/2710/2710 
f 2709/2709/2709 2711/2711/2711 2710/2710/2710 
f 2710/2710/2710 2711/2711/2711 2712/2712/2712 
f 2711/2711/2711 2713/2713/2713 2712/2712/2712 
f 2712/2712/2712 2713/2713/2713 2713/2713/2713 
f 2713/2713/2713 2705/2705/2705 2713/2713/2713 
f 2713/2713/2713 2705/2705/2705 2705/2705/2705 
f 2705/2705/2705 2691/2691/2691 2705/2705/2705 
f 2705/2705/2705 2691/2691/2691 2692/2692/2692 
f 2691/2691/2691 2692/2692/2692 2692/2692/2692 
f 2692/2692/2692 2692/2692/2692 2712/2712/2712 
f 2692/2692/2692 2712/2712/2712 2712/2712/2712 
f 2712/2712/2712 2712/2712/2712 2710/2710/2710 
f 2712/2712/2712 2714/2714/2714 2710/2710/2710 
f 2710/2710/2710 2714/2714/2714 2708/2708/2708 
f 2714/2714/2714 2715/2715/2715 2708/2708/2708 
f 2708/2708/2708 2715/2715/2715 2707/2707/2707 
f 2715/2715/2715 2716/2716/2716 2707/2707/2707 
f 2707/2707/2707 2716/2716/2716 2706/2706/2706 
f 2716/2716/2716 2717/2717/2717 2706/2706/2706 
f 2706/2706/2706 2717/2717/2717 2705/2705/2705 
f 2717/2717/2717 2717/2717/2717 2705/2705/2705 
f 2705/2705/2705 2717/2717/2717 2691/2691/2691 
f 2717/2717/2717 2718/2718/2718 2691/2691/2691 
f 2691/2691/2691 2718/2718/2718 2690/2690/2690 
f 2718/2718/2718 2719/2719/2719 2690/2690/2690 
f 2690/2690/2690 2719/2719/2719 2689/2689/2689 
f 2719/2719/2719 2689/2689/2689 2689/2689/2689 
f 2689/2689/2689 2689/2689/2689 2719/2719/2719 
f 2689/2689/2689 2719/2719/2719 2719/2719/2719 
f 2719/2719/2719 2719/2719/2719 2720/2720/2720 
f 2719/2719/2719 2718/2718/2718 2720/2720/2720 
f 2720/2720/2720 2718/2718/2718 2720/2720/2720 
f 2718/2718/2718 2717/2717/2717 2720/2720/2720 
f 2720/2720/2720 2717/2717/2717 2721/2721/2721 
f 2717/2717/2717 2716/2716/2716 2721/2721/2721 
f 2721/2721/2721 2716/2716/2716 2721/2721/2721 
f 2716/2716/2716 2715/2715/2715 2721/2721/2721 
f 2721/2721/2721 2715/2715/2715 2722/2722/2722 
f 2715/2715/2715 2714/2714/2714 2722/2722/2722 
f 2722/2722/2722 2714/2714/2714 2723/2723/2723 
f 2714/2714/2714 2712/2712/2712 2723/2723/2723 
f 2723/2723/2723 2712/2712/2712 2724/2724/2724 
f 2712/2712/2712 2713/2713/2713 2724/2724/2724 
f 2724/2724/2724 2713/2713/2713 2724/2724/2724 
f 2713/2713/2713 2603/2603/2603 2724/2724/2724 
f 2724/2724/2724 2603/2603/2603 2725/2725/2725 
f 2603/2603/2603 2602/2602/2602 2725/2725/2725 
f 2725/2725/2725 2602/2602/2602 2726/2726/2726 
f 2602/2602/2602 2601/2601/2601 2726/2726/2726 
f 2726/2726/2726 2601/2601/2601 2727/2727/2727 
f 2601/2601/2601 2627/2627/2627 2727/2727/2727 
f 2727/2727/2727 2627/2627/2627 2727/2727/2727 
f 2627/2627/2627 2628/2628/2628 2727/2727/2727 
f 2727/2727/2727 2628/2628/2628 2728/2728/2728 
f 2628/2628/2628 2650/2650/2650 2728/2728/2728 
f 2728/2728/2728 2650/2650/2650 2729/2729/2729 
f 2650/2650/2650 2631/2631/2631 2729/2729/2729 
f 2729/2729/2729 2631/2631/2631 2730/2730/2730 
f 2631/2631/2631 2687/2687/2687 2730/2730/2730 
f 2730/2730/2730 2687/2687/2687 2687/2687/2687 
f 2687/2687/2687 2730/2730/2730 2687/2687/2687 
f 2687/2687/2687 2730/2730/2730 2730/2730/2730 
f 2730/2730/2730 2731/2731/2731 2730/2730/2730 
f 2730/2730/2730 2731/2731/2731 2729/2729/2729 
f 2731/2731/2731 2731/2731/2731 2729/2729/2729 
f 2729/2729/2729 2731/2731/2731 2728/2728/2728 
f 2731/2731/2731 2732/2732/2732 2728/2728/2728 
f 2728/2728/2728 2732/2732/2732 2727/2727/2727 
f 2732/2732/2732 2732/2732/2732 2727/2727/2727 
f 2727/2727/2727 2732/2732/2732 2726/2726/2726 
f 2732/2732/2732 2733/2733/2733 2726/2726/2726 
f 2726/2726/2726 2733/2733/2733 2725/2725/2725 
f 2733/2733/2733 2733/2733/2733 2725/2725/2725 
f 2725/2725/2725 2733/2733/2733 2724/2724/2724 
f 2733/2733/2733 2734/2734/2734 2724/2724/2724 
f 2724/2724/2724 2734/2734/2734 2723/2723/2723 
f 2734/2734/2734 2723/2723/2723 2723/2723/2723 
f 2723/2723/2723 2723/2723/2723 2734/2734/2734 
f 2723/2723/2723 2734/2734/2734 2734/2734/2734 
f 2734/2734/2734 2734/2734/2734 2735/2735/2735 
f 2734/2734/2734 2733/2733/2733 2735/2735/2735 
f 2735/2735/2735 2733/2733/2733 2735/2735/2735 
f 2733/2733/2733 2732/2732/2732 2735/2735/2735 
f 2735/2735/2735 2732/2732/2732 2735/2735/2735 
f 2732/2732/2732 2731/2731/2731 2735/2735/2735 
f 2735/2735/2735 2731/2731/2731 2736/2736/2736 
f 2731/2731/2731 2730/2730/2730 2736/2736/2736 
f 2736/2736/2736 2730/2730/2730 2737/2737/2737 
f 2730/2730/2730 2687/2687/2687 2737/2737/2737 
f 2737/2737/2737 2687/2687/2687 2737/2737/2737 
f 2687/2687/2687 2689/2689/2689 2737/2737/2737 
f 2737/2737/2737 2689/2689/2689 2738/2738/2738 
f 2689/2689/2689 2719/2719/2719 2738/2738/2738 
f 2738/2738/2738 2719/2719/2719 2739/2739/2739 
f 2719/2719/2719 2720/2720/2720 2739/2739/2739 
f 2739/2739/2739 2720/2720/2720 2739/2739/2739 
f 2720/2720/2720 2721/2721/2721 2739/2739/2739 
f 2739/2739/2739 2721/2721/2721 2739/2739/2739 
f 2721/2721/2721 2722/2722/2722 2739/2739/2739 
f 2739/2739/2739 2722/2722/2722 2740/2740/2740 
f 2722/2722/2722 2723/2723/2723 2740/2740/2740 
f 2740/2740/2740 2723/2723/2723 2740/2740/2740 
f 2723/2723/2723 2734/2734/2734 2740/2740/2740 
f 2740/2740/2740 2734/2734/2734 2740/2740/2740 
f 2734/2734/2734 2735/2735/2735 2740/2740/2740 
f 2740/2740/2740 2735/2735/2735 2740/2740/2740 
f 2735/2735/2735 2736/2736/2736 2740/2740/2740 
f 2740/2740/2740 2736/2736/2736 2739/2739/2739 
f 2736/2736/2736 2737/2737/2737 2739/2739/2739 
f 2739/2739/2739 2737/2737/2737 2738/2738/2738 
f 2737/2737/2737 2738/2738/2738 2738/2738/2738 
f 2738/2738/2738 2738/2738/2738 2632/2632/2632 
f 2738/2738/2738 2632/2632/2632 2632/2632/2632 
f 2632/2632/2632 2632/2632/2632 2682/2682/2682 
f 2632/2632/2632 2633/2633/2633 2682/2682/2682 
f 2682/2682/2682 2633/2633/2633 2741/2741/2741 
f 2633/2633/2633 2634/2634/2634 2741/2741/2741 
f 2741/2741/2741 2634/2634/2634 2741/2741/2741 
f 2634/2634/2634 2680/2680/2680 2741/2741/2741 
f 2741/2741/2741 2680/2680/2680 2682/2682/2682 
f 2680/2680/2680 2682/2682/2682 2682/2682/2682 
f 2682/2682/2682 2682/2682/2682 2638/2638/2638 
f 2682/2682/2682 2638/2638/2638 2638/2638/2638 
f 2638/2638/2638 2638/2638/2638 2742/2742/2742 
f 2638/2638/2638 2586/2586/2586 2742/2742/2742 
f 2742/2742/2742 2586/2586/2586 2743/2743/2743 
f 2586/2586/2586 2586/2586/2586 2743/2743/2743 
f 2743/2743/2743 2586/2586/2586 2744/2744/2744 
f 2586/2586/2586 2745/2745/2745 2744/2744/2744 
f 2744/2744/2744 2745/2745/2745 2746/2746/2746 
f 2745/2745/2745 2747/2747/2747 2746/2746/2746 
f 2746/2746/2746 2747/2747/2747 2748/2748/2748 
f 2747/2747/2747 2749/2749/2749 2748/2748/2748 
f 2748/2748/2748 2749/2749/2749 2750/2750/2750 
f 2749/2749/2749 2751/2751/2751 2750/2750/2750 
f 2750/2750/2750 2751/2751/2751 2750/2750/2750 
f 2751/2751/2751 2752/2752/2752 2750/2750/2750 
f 2750/2750/2750 2752/2752/2752 2753/2753/2753 
f 2752/2752/2752 2752/2752/2752 2753/2753/2753 
f 2753/2753/2753 2752/2752/2752 2754/2754/2754 
f 2752/2752/2752 2755/2755/2755 2754/2754/2754 
f 2754/2754/2754 2755/2755/2755 2756/2756/2756 
f 2755/2755/2755 2755/2755/2755 2756/2756/2756 
f 2756/2756/2756 2755/2755/2755 2757/2757/2757 
f 2755/2755/2755 2755/2755/2755 2757/2757/2757 
f 2757/2757/2757 2755/2755/2755 2758/2758/2758 
f 2755/2755/2755 2755/2755/2755 2758/2758/2758 
f 2758/2758/2758 2755/2755/2755 2759/2759/2759 
f 2755/2755/2755 2752/2752/2752 2759/2759/2759 
f 2759/2759/2759 2752/2752/2752 2752/2752/2752 
f 2752/2752/2752 2753/2753/2753 2752/2752/2752 
f 2752/2752/2752 2753/2753/2753 2753/2753/2753 
f 2753/2753/2753 2754/2754/2754 2753/2753/2753 
f 2753/2753/2753 2754/2754/2754 2760/2760/2760 
f 2754/2754/2754 2754/2754/2754 2760/2760/2760 
f 2760/2760/2760 2754/2754/2754 2761/2761/2761 
f 2754/2754/2754 2756/2756/2756 2761/2761/2761 
f 2761/2761/2761 2756/2756/2756 2756/2756/2756 
f 2756/2756/2756 2753/2753/2753 2756/2756/2756 
f 2756/2756/2756 2753/2753/2753 2753/2753/2753 
f 2753/2753/2753 2760/2760/2760 2753/2753/2753 
f 2753/2753/2753 2760/2760/2760 2750/2750/2750 
f 2760/2760/2760 2762/2762/2762 2750/2750/2750 
f 2750/2750/2750 2762/2762/2762 2750/2750/2750 
f 2762/2762/2762 2763/2763/2763 2750/2750/2750 
f 2750/2750/2750 2763/2763/2763 2748/2748/2748 
f 2763/2763/2763 2764/2764/2764 2748/2748/2748 
f 2748/2748/2748 2764/2764/2764 2746/2746/2746 
f 2764/2764/2764 2764/2764/2764 2746/2746/2746 
f 2746/2746/2746 2764/2764/2764 2744/2744/2744 
f 2764/2764/2764 2765/2765/2765 2744/2744/2744 
f 2744/2744/2744 2765/2765/2765 2744/2744/2744 
f 2765/2765/2765 2766/2766/2766 2744/2744/2744 
f 2744/2744/2744 2766/2766/2766 2743/2743/2743 
f 2766/2766/2766 2766/2766/2766 2743/2743/2743 
f 2743/2743/2743 2766/2766/2766 2742/2742/2742 
f 2766/2766/2766 2767/2767/2767 2742/2742/2742 
f 2742/2742/2742 2767/2767/2767 2742/2742/2742 
f 2767/2767/2767 2768/2768/2768 2742/2742/2742 
f 2742/2742/2742 2768/2768/2768 2638/2638/2638 
f 2768/2768/2768 2768/2768/2768 2638/2638/2638 
f 2638/2638/2638 2768/2768/2768 2640/2640/2640 
f 2768/2768/2768 2769/2769/2769 2640/2640/2640 
f 2640/2640/2640 2769/2769/2769 2770/2770/2770 
f 2769/2769/2769 2771/2771/2771 2770/2770/2770 
f 2770/2770/2770 2771/2771/2771 2772/2772/2772 
f 2771/2771/2771 2771/2771/2771 2772/2772/2772 
f 2772/2772/2772 2771/2771/2771 2773/2773/2773 
f 2771/2771/2771 2771/2771/2771 2773/2773/2773 
f 2773/2773/2773 2771/2771/2771 2774/2774/2774 
f 2771/2771/2771 2771/2771/2771 2774/2774/2774 
f 2774/2774/2774 2771/2771/2771 2775/2775/2775 
f 2771/2771/2771 2776/2776/2776 2775/2775/2775 
f 2775/2775/2775 2776/2776/2776 2777/2777/2777 
f 2776/2776/2776 2776/2776/2776 2777/2777/2777 
f 2777/2777/2777 2776/2776/2776 2778/2778/2778 
f 2776/2776/2776 2768/2768/2768 2778/2778/2778 
f 2778/2778/2778 2768/2768/2768 2767/2767/2767 
f 2768/2768/2768 2767/2767/2767 2767/2767/2767 
f 2767/2767/2767 2767/2767/2767 2771/2771/2771 
f 2767/2767/2767 2771/2771/2771 2771/2771/2771 
f 2771/2771/2771 2771/2771/2771 2776/2776/2776 
f 2771/2771/2771 2769/2769/2769 2776/2776/2776 
f 2776/2776/2776 2769/2769/2769 2768/2768/2768 
f 2769/2769/2769 2768/2768/2768 2768/2768/2768 
f 2768/2768/2768 2768/2768/2768 2777/2777/2777 
f 2768/2768/2768 2777/2777/2777 2777/2777/2777 
f 2777/2777/2777 2777/2777/2777 2775/2775/2775 
f 2777/2777/2777 2779/2779/2779 2775/2775/2775 
f 2775/2775/2775 2779/2779/2779 2774/2774/2774 
f 2779/2779/2779 2780/2780/2780 2774/2774/2774 
f 2774/2774/2774 2780/2780/2780 2773/2773/2773 
f 2780/2780/2780 2781/2781/2781 2773/2773/2773 
f 2773/2773/2773 2781/2781/2781 2782/2782/2782 
f 2781/2781/2781 2781/2781/2781 2782/2782/2782 
f 2782/2782/2782 2781/2781/2781 2783/2783/2783 
f 2781/2781/2781 2784/2784/2784 2783/2783/2783 
f 2783/2783/2783 2784/2784/2784 2783/2783/2783 
f 2784/2784/2784 2785/2785/2785 2783/2783/2783 
f 2783/2783/2783 2785/2785/2785 2786/2786/2786 
f 2785/2785/2785 2787/2787/2787 2786/2786/2786 
f 2786/2786/2786 2787/2787/2787 2788/2788/2788 
f 2787/2787/2787 2787/2787/2787 2788/2788/2788 
f 2788/2788/2788 2787/2787/2787 2789/2789/2789 
f 2787/2787/2787 2790/2790/2790 2789/2789/2789 
f 2789/2789/2789 2790/2790/2790 2791/2791/2791 
f 2790/2790/2790 2790/2790/2790 2791/2791/2791 
f 2791/2791/2791 2790/2790/2790 2792/2792/2792 
f 2790/2790/2790 2785/2785/2785 2792/2792/2792 
f 2792/2792/2792 2785/2785/2785 2792/2792/2792 
f 2785/2785/2785 2784/2784/2784 2792/2792/2792 
f 2792/2792/2792 2784/2784/2784 2793/2793/2793 
f 2784/2784/2784 2781/2781/2781 2793/2793/2793 
f 2793/2793/2793 2781/2781/2781 2794/2794/2794 
f 2781/2781/2781 2780/2780/2780 2794/2794/2794 
f 2794/2794/2794 2780/2780/2780 2794/2794/2794 
f 2780/2780/2780 2779/2779/2779 2794/2794/2794 
f 2794/2794/2794 2779/2779/2779 2795/2795/2795 
f 2779/2779/2779 2777/2777/2777 2795/2795/2795 
f 2795/2795/2795 2777/2777/2777 2777/2777/2777 
f 2777/2777/2777 2787/2787/2787 2777/2777/2777 
f 2777/2777/2777 2787/2787/2787 2787/2787/2787 
f 2787/2787/2787 2785/2785/2785 2787/2787/2787 
f 2787/2787/2787 2785/2785/2785 2790/2790/2790 
f 2785/2785/2785 2790/2790/2790 2790/2790/2790 
f 2790/2790/2790 2790/2790/2790 2795/2795/2795 
f 2790/2790/2790 2795/2795/2795 2795/2795/2795 
f 2795/2795/2795 2795/2795/2795 2794/2794/2794 
f 2795/2795/2795 2796/2796/2796 2794/2794/2794 
f 2794/2794/2794 2796/2796/2796 2793/2793/2793 
f 2796/2796/2796 2797/2797/2797 2793/2793/2793 
f 2793/2793/2793 2797/2797/2797 2792/2792/2792 
f 2797/2797/2797 2798/2798/2798 2792/2792/2792 
f 2792/2792/2792 2798/2798/2798 2799/2799/2799 
f 2798/2798/2798 2800/2800/2800 2799/2799/2799 
f 2799/2799/2799 2800/2800/2800 2801/2801/2801 
f 2800/2800/2800 2800/2800/2800 2801/2801/2801 
f 2801/2801/2801 2800/2800/2800 2802/2802/2802 
f 2800/2800/2800 2800/2800/2800 2802/2802/2802 
f 2802/2802/2802 2800/2800/2800 2803/2803/2803 
f 2800/2800/2800 2798/2798/2798 2803/2803/2803 
f 2803/2803/2803 2798/2798/2798 2804/2804/2804 
f 2798/2798/2798 2797/2797/2797 2804/2804/2804 
f 2804/2804/2804 2797/2797/2797 2805/2805/2805 
f 2797/2797/2797 2796/2796/2796 2805/2805/2805 
f 2805/2805/2805 2796/2796/2796 2806/2806/2806 
f 2796/2796/2796 2795/2795/2795 2806/2806/2806 
f 2806/2806/2806 2795/2795/2795 2807/2807/2807 
f 2795/2795/2795 2795/2795/2795 2807/2807/2807 
f 2807/2807/2807 2795/2795/2795 2808/2808/2808 
f 2795/2795/2795 2809/2809/2809 2808/2808/2808 
f 2808/2808/2808 2809/2809/2809 2810/2810/2810 
f 2809/2809/2809 2809/2809/2809 2810/2810/2810 
f 2810/2810/2810 2809/2809/2809 2811/2811/2811 
f 2809/2809/2809 2777/2777/2777 2811/2811/2811 
f 2811/2811/2811 2777/2777/2777 2812/2812/2812 
f 2777/2777/2777 2777/2777/2777 2812/2812/2812 
f 2812/2812/2812 2777/2777/2777 2813/2813/2813 
f 2777/2777/2777 2778/2778/2778 2813/2813/2813 
f 2813/2813/2813 2778/2778/2778 2778/2778/2778 
f 2778/2778/2778 2792/2792/2792 2778/2778/2778 
f 2778/2778/2778 2792/2792/2792 2792/2792/2792 
f 2792/2792/2792 2799/2799/2799 2792/2792/2792 
f 2792/2792/2792 2799/2799/2799 2791/2791/2791 
f 2799/2799/2799 2799/2799/2799 2791/2791/2791 
f 2791/2791/2791 2799/2799/2799 2814/2814/2814 
f 2799/2799/2799 2801/2801/2801 2814/2814/2814 
f 2814/2814/2814 2801/2801/2801 2801/2801/2801 
f 2801/2801/2801 2777/2777/2777 2801/2801/2801 
f 2801/2801/2801 2777/2777/2777 2777/2777/2777 
f 2777/2777/2777 2809/2809/2809 2777/2777/2777 
f 2777/2777/2777 2809/2809/2809 2795/2795/2795 
f 2809/2809/2809 2795/2795/2795 2795/2795/2795 
f 2795/2795/2795 2795/2795/2795 2805/2805/2805 
f 2795/2795/2795 2805/2805/2805 2805/2805/2805 
f 2805/2805/2805 2805/2805/2805 2815/2815/2815 
f 2805/2805/2805 2806/2806/2806 2815/2815/2815 
f 2815/2815/2815 2806/2806/2806 2807/2807/2807 
f 2806/2806/2806 2807/2807/2807 2807/2807/2807 
f 2807/2807/2807 2807/2807/2807 2812/2812/2812 
f 2807/2807/2807 2812/2812/2812 2812/2812/2812 
f 2812/2812/2812 2812/2812/2812 2816/2816/2816 
f 2812/2812/2812 2813/2813/2813 2816/2816/2816 
f 2816/2816/2816 2813/2813/2813 2816/2816/2816 
f 2813/2813/2813 2778/2778/2778 2816/2816/2816 
f 2816/2816/2816 2778/2778/2778 2816/2816/2816 
f 2778/2778/2778 2767/2767/2767 2816/2816/2816 
f 2816/2816/2816 2767/2767/2767 2817/2817/2817 
f 2767/2767/2767 2766/2766/2766 2817/2817/2817 
f 2817/2817/2817 2766/2766/2766 2766/2766/2766 
f 2766/2766/2766 2812/2812/2812 2766/2766/2766 
f 2766/2766/2766 2812/2812/2812 2812/2812/2812 
f 2812/2812/2812 2816/2816/2816 2812/2812/2812 
f 2812/2812/2812 2816/2816/2816 2811/2811/2811 
f 2816/2816/2816 2817/2817/2817 2811/2811/2811 
f 2811/2811/2811 2817/2817/2817 2810/2810/2810 
f 2817/2817/2817 2818/2818/2818 2810/2810/2810 
f 2810/2810/2810 2818/2818/2818 2808/2808/2808 
f 2818/2818/2818 2819/2819/2819 2808/2808/2808 
f 2808/2808/2808 2819/2819/2819 2807/2807/2807 
f 2819/2819/2819 2820/2820/2820 2807/2807/2807 
f 2807/2807/2807 2820/2820/2820 2807/2807/2807 
f 2820/2820/2820 2821/2821/2821 2807/2807/2807 
f 2807/2807/2807 2821/2821/2821 2815/2815/2815 
f 2821/2821/2821 2822/2822/2822 2815/2815/2815 
f 2815/2815/2815 2822/2822/2822 2823/2823/2823 
f 2822/2822/2822 2824/2824/2824 2823/2823/2823 
f 2823/2823/2823 2824/2824/2824 2805/2805/2805 
f 2824/2824/2824 2804/2804/2804 2805/2805/2805 
f 2805/2805/2805 2804/2804/2804 2804/2804/2804 
f 2804/2804/2804 2818/2818/2818 2804/2804/2804 
f 2804/2804/2804 2818/2818/2818 2818/2818/2818 
f 2818/2818/2818 2820/2820/2820 2818/2818/2818 
f 2818/2818/2818 2820/2820/2820 2819/2819/2819 
f 2820/2820/2820 2819/2819/2819 2819/2819/2819 
f 2819/2819/2819 2819/2819/2819 2805/2805/2805 
f 2819/2819/2819 2805/2805/2805 2805/2805/2805 
f 2805/2805/2805 2805/2805/2805 2823/2823/2823 
f 2805/2805/2805 2815/2815/2815 2823/2823/2823 
f 2823/2823/2823 2815/2815/2815 2815/2815/2815 
f 2815/2815/2815 2824/2824/2824 2815/2815/2815 
f 2815/2815/2815 2824/2824/2824 2824/2824/2824 
f 2824/2824/2824 2822/2822/2822 2824/2824/2824 
f 2824/2824/2824 2822/2822/2822 2825/2825/2825 
f 2822/2822/2822 2821/2821/2821 2825/2825/2825 
f 2825/2825/2825 2821/2821/2821 2826/2826/2826 
f 2821/2821/2821 2821/2821/2821 2826/2826/2826 
f 2826/2826/2826 2821/2821/2821 2827/2827/2827 
f 2821/2821/2821 2820/2820/2820 2827/2827/2827 
f 2827/2827/2827 2820/2820/2820 2828/2828/2828 
f 2820/2820/2820 2818/2818/2818 2828/2828/2828 
f 2828/2828/2828 2818/2818/2818 2829/2829/2829 
f 2818/2818/2818 2817/2817/2817 2829/2829/2829 
f 2829/2829/2829 2817/2817/2817 2829/2829/2829 
f 2817/2817/2817 2766/2766/2766 2829/2829/2829 
f 2829/2829/2829 2766/2766/2766 2829/2829/2829 
f 2766/2766/2766 2765/2765/2765 2829/2829/2829 
f 2829/2829/2829 2765/2765/2765 2829/2829/2829 
f 2765/2765/2765 2764/2764/2764 2829/2829/2829 
f 2829/2829/2829 2764/2764/2764 2830/2830/2830 
f 2764/2764/2764 2831/2831/2831 2830/2830/2830 
f 2830/2830/2830 2831/2831/2831 2830/2830/2830 
f 2831/2831/2831 2832/2832/2832 2830/2830/2830 
f 2830/2830/2830 2832/2832/2832 2828/2828/2828 
f 2832/2832/2832 2832/2832/2832 2828/2828/2828 
f 2828/2828/2828 2832/2832/2832 2827/2827/2827 
f 2832/2832/2832 2833/2833/2833 2827/2827/2827 
f 2827/2827/2827 2833/2833/2833 2826/2826/2826 
f 2833/2833/2833 2834/2834/2834 2826/2826/2826 
f 2826/2826/2826 2834/2834/2834 2825/2825/2825 
f 2834/2834/2834 2835/2835/2835 2825/2825/2825 
f 2825/2825/2825 2835/2835/2835 2836/2836/2836 
f 2835/2835/2835 2835/2835/2835 2836/2836/2836 
f 2836/2836/2836 2835/2835/2835 2837/2837/2837 
f 2835/2835/2835 2835/2835/2835 2837/2837/2837 
f 2837/2837/2837 2835/2835/2835 2838/2838/2838 
f 2835/2835/2835 2839/2839/2839 2838/2838/2838 
f 2838/2838/2838 2839/2839/2839 2840/2840/2840 
f 2839/2839/2839 2839/2839/2839 2840/2840/2840 
f 2840/2840/2840 2839/2839/2839 2841/2841/2841 
f 2839/2839/2839 2842/2842/2842 2841/2841/2841 
f 2841/2841/2841 2842/2842/2842 2843/2843/2843 
f 2842/2842/2842 2833/2833/2833 2843/2843/2843 
f 2843/2843/2843 2833/2833/2833 2843/2843/2843 
f 2833/2833/2833 2832/2832/2832 2843/2843/2843 
f 2843/2843/2843 2832/2832/2832 2843/2843/2843 
f 2832/2832/2832 2831/2831/2831 2843/2843/2843 
f 2843/2843/2843 2831/2831/2831 2763/2763/2763 
f 2831/2831/2831 2764/2764/2764 2763/2763/2763 
f 2763/2763/2763 2764/2764/2764 2764/2764/2764 
f 2764/2764/2764 2829/2829/2829 2764/2764/2764 
f 2764/2764/2764 2829/2829/2829 2829/2829/2829 
f 2829/2829/2829 2830/2830/2830 2829/2829/2829 
f 2829/2829/2829 2830/2830/2830 2828/2828/2828 
f 2830/2830/2830 2828/2828/2828 2828/2828/2828 
f 2828/2828/2828 2828/2828/2828 2833/2833/2833 
f 2828/2828/2828 2833/2833/2833 2833/2833/2833 
f 2833/2833/2833 2833/2833/2833 2834/2834/2834 
f 2833/2833/2833 2842/2842/2842 2834/2834/2834 
f 2834/2834/2834 2842/2842/2842 2835/2835/2835 
f 2842/2842/2842 2839/2839/2839 2835/2835/2835 
f 2835/2835/2835 2839/2839/2839 2839/2839/2839 
f 2839/2839/2839 2763/2763/2763 2839/2839/2839 
f 2839/2839/2839 2763/2763/2763 2763/2763/2763 
f 2763/2763/2763 2762/2762/2762 2763/2763/2763 
f 2763/2763/2763 2762/2762/2762 2843/2843/2843 
f 2762/2762/2762 2760/2760/2760 2843/2843/2843 
f 2843/2843/2843 2760/2760/2760 2841/2841/2841 
f 2760/2760/2760 2761/2761/2761 2841/2841/2841 
f 2841/2841/2841 2761/2761/2761 2840/2840/2840 
f 2761/2761/2761 2756/2756/2756 2840/2840/2840 
f 2840/2840/2840 2756/2756/2756 2840/2840/2840 
f 2756/2756/2756 2844/2844/2844 2840/2840/2840 
f 2840/2840/2840 2844/2844/2844 2838/2838/2838 
f 2844/2844/2844 2845/2845/2845 2838/2838/2838 
f 2838/2838/2838 2845/2845/2845 2837/2837/2837 
f 2845/2845/2845 2846/2846/2846 2837/2837/2837 
f 2837/2837/2837 2846/2846/2846 2836/2836/2836 
f 2846/2846/2846 2847/2847/2847 2836/2836/2836 
f 2836/2836/2836 2847/2847/2847 2825/2825/2825 
f 2847/2847/2847 2825/2825/2825 2825/2825/2825 
f 2825/2825/2825 2825/2825/2825 2847/2847/2847 
f 2825/2825/2825 2847/2847/2847 2847/2847/2847 
f 2847/2847/2847 2847/2847/2847 2848/2848/2848 
f 2847/2847/2847 2846/2846/2846 2848/2848/2848 
f 2848/2848/2848 2846/2846/2846 2848/2848/2848 
f 2846/2846/2846 2845/2845/2845 2848/2848/2848 
f 2848/2848/2848 2845/2845/2845 2849/2849/2849 
f 2845/2845/2845 2844/2844/2844 2849/2849/2849 
f 2849/2849/2849 2844/2844/2844 2849/2849/2849 
f 2844/2844/2844 2756/2756/2756 2849/2849/2849 
f 2849/2849/2849 2756/2756/2756 2850/2850/2850 
f 2756/2756/2756 2757/2757/2757 2850/2850/2850 
f 2850/2850/2850 2757/2757/2757 2851/2851/2851 
f 2757/2757/2757 2758/2758/2758 2851/2851/2851 
f 2851/2851/2851 2758/2758/2758 2852/2852/2852 
f 2758/2758/2758 2853/2853/2853 2852/2852/2852 
f 2852/2852/2852 2853/2853/2853 2854/2854/2854 
f 2853/2853/2853 2855/2855/2855 2854/2854/2854 
f 2854/2854/2854 2855/2855/2855 2856/2856/2856 
f 2855/2855/2855 2857/2857/2857 2856/2856/2856 
f 2856/2856/2856 2857/2857/2857 2858/2858/2858 
f 2857/2857/2857 2859/2859/2859 2858/2858/2858 
f 2858/2858/2858 2859/2859/2859 2860/2860/2860 
f 2859/2859/2859 2861/2861/2861 2860/2860/2860 
f 2860/2860/2860 2861/2861/2861 2862/2862/2862 
f 2861/2861/2861 2863/2863/2863 2862/2862/2862 
f 2862/2862/2862 2863/2863/2863 2864/2864/2864 
f 2863/2863/2863 2865/2865/2865 2864/2864/2864 
f 2864/2864/2864 2865/2865/2865 2788/2788/2788 
f 2865/2865/2865 2866/2866/2866 2788/2788/2788 
f 2788/2788/2788 2866/2866/2866 2867/2867/2867 
f 2866/2866/2866 2867/2867/2867 2867/2867/2867 
f 2867/2867/2867 2867/2867/2867 2788/2788/2788 
f 2867/2867/2867 2788/2788/2788 2788/2788/2788 
f 2788/2788/2788 2788/2788/2788 2864/2864/2864 
f 2788/2788/2788 2789/2789/2789 2864/2864/2864 
f 2864/2864/2864 2789/2789/2789 2868/2868/2868 
f 2789/2789/2789 2791/2791/2791 2868/2868/2868 
f 2868/2868/2868 2791/2791/2791 2791/2791/2791 
f 2791/2791/2791 2864/2864/2864 2791/2791/2791 
f 2791/2791/2791 2864/2864/2864 2864/2864/2864 
f 2864/2864/2864 2868/2868/2868 2864/2864/2864 
f 2864/2864/2864 2868/2868/2868 2862/2862/2862 
f 2868/2868/2868 2869/2869/2869 2862/2862/2862 
f 2862/2862/2862 2869/2869/2869 2860/2860/2860 
f 2869/2869/2869 2870/2870/2870 2860/2860/2860 
f 2860/2860/2860 2870/2870/2870 2858/2858/2858 
f 2870/2870/2870 2871/2871/2871 2858/2858/2858 
f 2858/2858/2858 2871/2871/2871 2872/2872/2872 
f 2871/2871/2871 2873/2873/2873 2872/2872/2872 
f 2872/2872/2872 2873/2873/2873 2872/2872/2872 
f 2873/2873/2873 2874/2874/2874 2872/2872/2872 
f 2872/2872/2872 2874/2874/2874 2854/2854/2854 
f 2874/2874/2874 2852/2852/2852 2854/2854/2854 
f 2854/2854/2854 2852/2852/2852 2852/2852/2852 
f 2852/2852/2852 2858/2858/2858 2852/2852/2852 
f 2852/2852/2852 2858/2858/2858 2858/2858/2858 
f 2858/2858/2858 2872/2872/2872 2858/2858/2858 
f 2858/2858/2858 2872/2872/2872 2856/2856/2856 
f 2872/2872/2872 2854/2854/2854 2856/2856/2856 
f 2856/2856/2856 2854/2854/2854 2854/2854/2854 
f 2854/2854/2854 2868/2868/2868 2854/2854/2854 
f 2854/2854/2854 2868/2868/2868 2868/2868/2868 
f 2868/2868/2868 2875/2875/2875 2868/2868/2868 
f 2868/2868/2868 2875/2875/2875 2869/2869/2869 
f 2875/2875/2875 2876/2876/2876 2869/2869/2869 
f 2869/2869/2869 2876/2876/2876 2870/2870/2870 
f 2876/2876/2876 2877/2877/2877 2870/2870/2870 
f 2870/2870/2870 2877/2877/2877 2871/2871/2871 
f 2877/2877/2877 2878/2878/2878 2871/2871/2871 
f 2871/2871/2871 2878/2878/2878 2873/2873/2873 
f 2878/2878/2878 2873/2873/2873 2873/2873/2873 
f 2873/2873/2873 2873/2873/2873 2868/2868/2868 
f 2873/2873/2873 2868/2868/2868 2868/2868/2868 
f 2868/2868/2868 2868/2868/2868 2875/2875/2875 
f 2868/2868/2868 2791/2791/2791 2875/2875/2875 
f 2875/2875/2875 2791/2791/2791 2879/2879/2879 
f 2791/2791/2791 2814/2814/2814 2879/2879/2879 
f 2879/2879/2879 2814/2814/2814 2875/2875/2875 
f 2814/2814/2814 2814/2814/2814 2875/2875/2875 
f 2875/2875/2875 2814/2814/2814 2876/2876/2876 
f 2814/2814/2814 2801/2801/2801 2876/2876/2876 
f 2876/2876/2876 2801/2801/2801 2877/2877/2877 
f 2801/2801/2801 2801/2801/2801 2877/2877/2877 
f 2877/2877/2877 2801/2801/2801 2878/2878/2878 
f 2801/2801/2801 2802/2802/2802 2878/2878/2878 
f 2878/2878/2878 2802/2802/2802 2880/2880/2880 
f 2802/2802/2802 2803/2803/2803 2880/2880/2880 
f 2880/2880/2880 2803/2803/2803 2881/2881/2881 
f 2803/2803/2803 2804/2804/2804 2881/2881/2881 
f 2881/2881/2881 2804/2804/2804 2882/2882/2882 
f 2804/2804/2804 2824/2824/2824 2882/2882/2882 
f 2882/2882/2882 2824/2824/2824 2883/2883/2883 
f 2824/2824/2824 2825/2825/2825 2883/2883/2883 
f 2883/2883/2883 2825/2825/2825 2883/2883/2883 
f 2825/2825/2825 2847/2847/2847 2883/2883/2883 
f 2883/2883/2883 2847/2847/2847 2884/2884/2884 
f 2847/2847/2847 2848/2848/2848 2884/2884/2884 
f 2884/2884/2884 2848/2848/2848 2885/2885/2885 
f 2848/2848/2848 2849/2849/2849 2885/2885/2885 
f 2885/2885/2885 2849/2849/2849 2885/2885/2885 
f 2849/2849/2849 2850/2850/2850 2885/2885/2885 
f 2885/2885/2885 2850/2850/2850 2886/2886/2886 
f 2850/2850/2850 2851/2851/2851 2886/2886/2886 
f 2886/2886/2886 2851/2851/2851 2886/2886/2886 
f 2851/2851/2851 2852/2852/2852 2886/2886/2886 
f 2886/2886/2886 2852/2852/2852 2887/2887/2887 
f 2852/2852/2852 2874/2874/2874 2887/2887/2887 
f 2887/2887/2887 2874/2874/2874 2874/2874/2874 
f 2874/2874/2874 2878/2878/2878 2874/2874/2874 
f 2874/2874/2874 2878/2878/2878 2878/2878/2878 
f 2878/2878/2878 2880/2880/2880 2878/2878/2878 
f 2878/2878/2878 2880/2880/2880 2873/2873/2873 
f 2880/2880/2880 2873/2873/2873 2873/2873/2873 
f 2873/2873/2873 2873/2873/2873 2881/2881/2881 
f 2873/2873/2873 2881/2881/2881 2881/2881/2881 
f 2881/2881/2881 2881/2881/2881 2880/2880/2880 
f 2881/2881/2881 2882/2882/2882 2880/2880/2880 
f 2880/2880/2880 2882/2882/2882 2888/2888/2888 
f 2882/2882/2882 2883/2883/2883 2888/2888/2888 
f 2888/2888/2888 2883/2883/2883 2888/2888/2888 
f 2883/2883/2883 2884/2884/2884 2888/2888/2888 
f 2888/2888/2888 2884/2884/2884 2889/2889/2889 
f 2884/2884/2884 2885/2885/2885 2889/2889/2889 
f 2889/2889/2889 2885/2885/2885 2889/2889/2889 
f 2885/2885/2885 2886/2886/2886 2889/2889/2889 
f 2889/2889/2889 2886/2886/2886 2889/2889/2889 
f 2886/2886/2886 2887/2887/2887 2889/2889/2889 
f 2889/2889/2889 2887/2887/2887 2890/2890/2890 
f 2887/2887/2887 2874/2874/2874 2890/2890/2890 
f 2890/2890/2890 2874/2874/2874 2890/2890/2890 
f 2874/2874/2874 2873/2873/2873 2890/2890/2890 
f 2890/2890/2890 2873/2873/2873 2890/2890/2890 
f 2873/2873/2873 2880/2880/2880 2890/2890/2890 
f 2890/2890/2890 2880/2880/2880 2890/2890/2890 
f 2880/2880/2880 2888/2888/2888 2890/2890/2890 
f 2890/2890/2890 2888/2888/2888 2889/2889/2889 
f 2888/2888/2888 2889/2889/2889 2889/2889/2889 
f 2889/2889/2889 2889/2889/2889 2891/2891/2891 
f 2889/2889/2889 2891/2891/2891 2891/2891/2891 
f 2891/2891/2891 2891/2891/2891 2892/2892/2892 
f 2891/2891/2891 2893/2893/2893 2892/2892/2892 
f 2892/2892/2892 2893/2893/2893 2892/2892/2892 
f 2893/2893/2893 2894/2894/2894 2892/2892/2892 
f 2892/2892/2892 2894/2894/2894 2892/2892/2892 
f 2894/2894/2894 2895/2895/2895 2892/2892/2892 
f 2892/2892/2892 2895/2895/2895 2892/2892/2892 
f 2895/2895/2895 2896/2896/2896 2892/2892/2892 
f 2892/2892/2892 2896/2896/2896 2892/2892/2892 
f 2896/2896/2896 2897/2897/2897 2892/2892/2892 
f 2892/2892/2892 2897/2897/2897 2898/2898/2898 
f 2897/2897/2897 2899/2899/2899 2898/2898/2898 
f 2898/2898/2898 2899/2899/2899 2898/2898/2898 
f 2899/2899/2899 2900/2900/2900 2898/2898/2898 
f 2898/2898/2898 2900/2900/2900 2898/2898/2898 
f 2900/2900/2900 2901/2901/2901 2898/2898/2898 
f 2898/2898/2898 2901/2901/2901 2892/2892/2892 
f 2901/2901/2901 2891/2891/2891 2892/2892/2892 
f 2892/2892/2892 2891/2891/2891 2891/2891/2891 
f 2891/2891/2891 2899/2899/2899 2891/2891/2891 
f 2891/2891/2891 2899/2899/2899 2899/2899/2899 
f 2899/2899/2899 2897/2897/2897 2899/2899/2899 
f 2899/2899/2899 2897/2897/2897 1539/1539/1539 
f 2897/2897/2897 2896/2896/2896 1539/1539/1539 
f 1539/1539/1539 2896/2896/2896 2896/2896/2896 
f 2896/2896/2896 1539/1539/1539 2896/2896/2896 
f 2896/2896/2896 1539/1539/1539 1539/1539/1539 
f 1539/1539/1539 1538/1538/1538 1539/1539/1539 
f 1539/1539/1539 1538/1538/1538 2899/2899/2899 
f 1538/1538/1538 1597/1597/1597 2899/2899/2899 
f 2899/2899/2899 1597/1597/1597 2900/2900/2900 
f 1597/1597/1597 1596/1596/1596 2900/2900/2900 
f 2900/2900/2900 1596/1596/1596 2902/2902/2902 
f 1596/1596/1596 1595/1595/1595 2902/2902/2902 
f 2902/2902/2902 1595/1595/1595 2903/2903/2903 
f 1595/1595/1595 1594/1594/1594 2903/2903/2903 
f 2903/2903/2903 1594/1594/1594 2904/2904/2904 
f 1594/1594/1594 1542/1542/1542 2904/2904/2904 
f 2904/2904/2904 1542/1542/1542 2904/2904/2904 
f 1542/1542/1542 2905/2905/2905 2904/2904/2904 
f 2904/2904/2904 2905/2905/2905 2904/2904/2904 
f 2905/2905/2905 2894/2894/2894 2904/2904/2904 
f 2904/2904/2904 2894/2894/2894 2904/2904/2904 
f 2894/2894/2894 2893/2893/2893 2904/2904/2904 
f 2904/2904/2904 2893/2893/2893 2903/2903/2903 
f 2893/2893/2893 2891/2891/2891 2903/2903/2903 
f 2903/2903/2903 2891/2891/2891 2902/2902/2902 
f 2891/2891/2891 2901/2901/2901 2902/2902/2902 
f 2902/2902/2902 2901/2901/2901 2900/2900/2900 
f 2901/2901/2901 2900/2900/2900 2900/2900/2900 
f 2900/2900/2900 2900/2900/2900 1542/1542/1542 
f 2900/2900/2900 1542/1542/1542 1542/1542/1542 
f 1542/1542/1542 1542/1542/1542 2905/2905/2905 
f 1542/1542/1542 1541/1541/1541 2905/2905/2905 
f 2905/2905/2905 1541/1541/1541 2905/2905/2905 
f 1541/1541/1541 1540/1540/1540 2905/2905/2905 
f 2905/2905/2905 1540/1540/1540 2895/2895/2895 
f 1540/1540/1540 1540/1540/1540 2895/2895/2895 
f 2895/2895/2895 1540/1540/1540 2896/2896/2896 
f 1540/1540/1540 1539/1539/1539 2896/2896/2896 
f 2896/2896/2896 1539/1539/1539 1539/1539/1539 
f 1539/1539/1539 2905/2905/2905 1539/1539/1539 
f 1539/1539/1539 2905/2905/2905 2905/2905/2905 
f 2905/2905/2905 2895/2895/2895 2905/2905/2905 
f 2905/2905/2905 2895/2895/2895 2894/2894/2894 
f 2895/2895/2895 2894/2894/2894 2894/2894/2894 
f 2894/2894/2894 2894/2894/2894 2906/2906/2906 
f 2894/2894/2894 2906/2906/2906 2906/2906/2906 
f 2906/2906/2906 2906/2906/2906 2907/2907/2907 
f 2906/2906/2906 2908/2908/2908 2907/2907/2907 
f 2907/2907/2907 2908/2908/2908 2909/2909/2909 
f 2908/2908/2908 2908/2908/2908 2909/2909/2909 
f 2909/2909/2909 2908/2908/2908 2910/2910/2910 
f 2908/2908/2908 2908/2908/2908 2910/2910/2910 
f 2910/2910/2910 2908/2908/2908 2911/2911/2911 
f 2908/2908/2908 2908/2908/2908 2911/2911/2911 
f 2911/2911/2911 2908/2908/2908 2912/2912/2912 
f 2908/2908/2908 2913/2913/2913 2912/2912/2912 
f 2912/2912/2912 2913/2913/2913 2914/2914/2914 
f 2913/2913/2913 2913/2913/2913 2914/2914/2914 
f 2914/2914/2914 2913/2913/2913 2915/2915/2915 
f 2913/2913/2913 2913/2913/2913 2915/2915/2915 
f 2915/2915/2915 2913/2913/2913 2916/2916/2916 
f 2913/2913/2913 2908/2908/2908 2916/2916/2916 
f 2916/2916/2916 2908/2908/2908 2906/2906/2906 
f 2908/2908/2908 2906/2906/2906 2906/2906/2906 
f 2906/2906/2906 2906/2906/2906 2914/2914/2914 
f 2906/2906/2906 2914/2914/2914 2914/2914/2914 
f 2914/2914/2914 2914/2914/2914 2912/2912/2912 
f 2914/2914/2914 2917/2917/2917 2912/2912/2912 
f 2912/2912/2912 2917/2917/2917 2911/2911/2911 
f 2917/2917/2917 2918/2918/2918 2911/2911/2911 
f 2911/2911/2911 2918/2918/2918 2910/2910/2910 
f 2918/2918/2918 2919/2919/2919 2910/2910/2910 
f 2910/2910/2910 2919/2919/2919 2909/2909/2909 
f 2919/2919/2919 2920/2920/2920 2909/2909/2909 
f 2909/2909/2909 2920/2920/2920 2907/2907/2907 
f 2920/2920/2920 2921/2921/2921 2907/2907/2907 
f 2907/2907/2907 2921/2921/2921 2906/2906/2906 
f 2921/2921/2921 2922/2922/2922 2906/2906/2906 
f 2906/2906/2906 2922/2922/2922 2916/2916/2916 
f 2922/2922/2922 2922/2922/2922 2916/2916/2916 
f 2916/2916/2916 2922/2922/2922 2915/2915/2915 
f 2922/2922/2922 2922/2922/2922 2915/2915/2915 
f 2915/2915/2915 2922/2922/2922 2923/2923/2923 
f 2922/2922/2922 2922/2922/2922 2923/2923/2923 
f 2923/2923/2923 2922/2922/2922 2924/2924/2924 
f 2922/2922/2922 2921/2921/2921 2924/2924/2924 
f 2924/2924/2924 2921/2921/2921 2925/2925/2925 
f 2921/2921/2921 2920/2920/2920 2925/2925/2925 
f 2925/2925/2925 2920/2920/2920 200/200/200 
f 2920/2920/2920 2919/2919/2919 200/200/200 
f 200/200/200 2919/2919/2919 198/198/198 
f 2919/2919/2919 2918/2918/2918 198/198/198 
f 198/198/198 2918/2918/2918 197/197/197 
f 2918/2918/2918 2917/2917/2917 197/197/197 
f 197/197/197 2917/2917/2917 193/193/193 
f 2917/2917/2917 2914/2914/2914 193/193/193 
f 193/193/193 2914/2914/2914 194/194/194 
f 2914/2914/2914 2915/2915/2915 194/194/194 
f 194/194/194 2915/2915/2915 2923/2923/2923 
f 2915/2915/2915 2923/2923/2923 2923/2923/2923 
f 2923/2923/2923 2923/2923/2923 2926/2926/2926 
f 2923/2923/2923 2926/2926/2926 2926/2926/2926 
f 2926/2926/2926 2926/2926/2926 2927/2927/2927 
f 2926/2926/2926 2928/2928/2928 2927/2927/2927 
f 2927/2927/2927 2928/2928/2928 2927/2927/2927 
f 2928/2928/2928 2929/2929/2929 2927/2927/2927 
f 2927/2927/2927 2929/2929/2929 2927/2927/2927 
f 2929/2929/2929 2930/2930/2930 2927/2927/2927 
f 2927/2927/2927 2930/2930/2930 2927/2927/2927 
f 2930/2930/2930 2931/2931/2931 2927/2927/2927 
f 2927/2927/2927 2931/2931/2931 2927/2927/2927 
f 2931/2931/2931 2932/2932/2932 2927/2927/2927 
f 2927/2927/2927 2932/2932/2932 2927/2927/2927 
f 2932/2932/2932 2933/2933/2933 2927/2927/2927 
f 2927/2927/2927 2933/2933/2933 2927/2927/2927 
f 2933/2933/2933 2934/2934/2934 2927/2927/2927 
f 2927/2927/2927 2934/2934/2934 2926/2926/2926 
f 2934/2934/2934 2935/2935/2935 2926/2926/2926 
f 2926/2926/2926 2935/2935/2935 2926/2926/2926 
f 2935/2935/2935 2936/2936/2936 2926/2926/2926 
f 2926/2926/2926 2936/2936/2936 2937/2937/2937 
f 2936/2936/2936 2938/2938/2938 2937/2937/2937 
f 2937/2937/2937 2938/2938/2938 2939/2939/2939 
f 2938/2938/2938 2940/2940/2940 2939/2939/2939 
f 2939/2939/2939 2940/2940/2940 2941/2941/2941 
f 2940/2940/2940 2942/2942/2942 2941/2941/2941 
f 2941/2941/2941 2942/2942/2942 2943/2943/2943 
f 2942/2942/2942 2944/2944/2944 2943/2943/2943 
f 2943/2943/2943 2944/2944/2944 2944/2944/2944 
f 2944/2944/2944 2935/2935/2935 2944/2944/2944 
f 2944/2944/2944 2935/2935/2935 2935/2935/2935 
f 2935/2935/2935 2934/2934/2934 2935/2935/2935 
f 2935/2935/2935 2934/2934/2934 2945/2945/2945 
f 2934/2934/2934 2946/2946/2946 2945/2945/2945 
f 2945/2945/2945 2946/2946/2946 2947/2947/2947 
f 2946/2946/2946 2948/2948/2948 2947/2947/2947 
f 2947/2947/2947 2948/2948/2948 2949/2949/2949 
f 2948/2948/2948 2950/2950/2950 2949/2949/2949 
f 2949/2949/2949 2950/2950/2950 2950/2950/2950 
f 2950/2950/2950 2951/2951/2951 2950/2950/2950 
f 2950/2950/2950 2951/2951/2951 2951/2951/2951 
f 2951/2951/2951 2952/2952/2952 2951/2951/2951 
f 2951/2951/2951 2952/2952/2952 2953/2953/2953 
f 2952/2952/2952 2952/2952/2952 2953/2953/2953 
f 2953/2953/2953 2952/2952/2952 2954/2954/2954 
f 2952/2952/2952 2952/2952/2952 2954/2954/2954 
f 2954/2954/2954 2952/2952/2952 2955/2955/2955 
f 2952/2952/2952 2956/2956/2956 2955/2955/2955 
f 2955/2955/2955 2956/2956/2956 2957/2957/2957 
f 2956/2956/2956 2956/2956/2956 2957/2957/2957 
f 2957/2957/2957 2956/2956/2956 2958/2958/2958 
f 2956/2956/2956 2959/2959/2959 2958/2958/2958 
f 2958/2958/2958 2959/2959/2959 2960/2960/2960 
f 2959/2959/2959 2961/2961/2961 2960/2960/2960 
f 2960/2960/2960 2961/2961/2961 2962/2962/2962 
f 2961/2961/2961 2963/2963/2963 2962/2962/2962 
f 2962/2962/2962 2963/2963/2963 2964/2964/2964 
f 2963/2963/2963 2965/2965/2965 2964/2964/2964 
f 2964/2964/2964 2965/2965/2965 2965/2965/2965 
f 2965/2965/2965 2951/2951/2951 2965/2965/2965 
f 2965/2965/2965 2951/2951/2951 2951/2951/2951 
f 2951/2951/2951 2966/2966/2966 2951/2951/2951 
f 2951/2951/2951 2966/2966/2966 2952/2952/2952 
f 2966/2966/2966 2967/2967/2967 2952/2952/2952 
f 2952/2952/2952 2967/2967/2967 2952/2952/2952 
f 2967/2967/2967 2968/2968/2968 2952/2952/2952 
f 2952/2952/2952 2968/2968/2968 2956/2956/2956 
f 2968/2968/2968 2956/2956/2956 2956/2956/2956 
f 2956/2956/2956 2956/2956/2956 2957/2957/2957 
f 2956/2956/2956 2957/2957/2957 2957/2957/2957 
f 2957/2957/2957 2957/2957/2957 2955/2955/2955 
f 2957/2957/2957 2969/2969/2969 2955/2955/2955 
f 2955/2955/2955 2969/2969/2969 2970/2970/2970 
f 2969/2969/2969 2971/2971/2971 2970/2970/2970 
f 2970/2970/2970 2971/2971/2971 2972/2972/2972 
f 2971/2971/2971 2973/2973/2973 2972/2972/2972 
f 2972/2972/2972 2973/2973/2973 2974/2974/2974 
f 2973/2973/2973 2975/2975/2975 2974/2974/2974 
f 2974/2974/2974 2975/2975/2975 2975/2975/2975 
f 2975/2975/2975 2976/2976/2976 2975/2975/2975 
f 2975/2975/2975 2976/2976/2976 2976/2976/2976 
f 2976/2976/2976 2977/2977/2977 2976/2976/2976 
f 2976/2976/2976 2977/2977/2977 2978/2978/2978 
f 2977/2977/2977 2977/2977/2977 2978/2978/2978 
f 2978/2978/2978 2977/2977/2977 2979/2979/2979 
f 2977/2977/2977 2977/2977/2977 2979/2979/2979 
f 2979/2979/2979 2977/2977/2977 2980/2980/2980 
f 2977/2977/2977 2977/2977/2977 2980/2980/2980 
f 2980/2980/2980 2977/2977/2977 2981/2981/2981 
f 2977/2977/2977 2982/2982/2982 2981/2981/2981 
f 2981/2981/2981 2982/2982/2982 2983/2983/2983 
f 2982/2982/2982 2982/2982/2982 2983/2983/2983 
f 2983/2983/2983 2982/2982/2982 2984/2984/2984 
f 2982/2982/2982 2985/2985/2985 2984/2984/2984 
f 2984/2984/2984 2985/2985/2985 2986/2986/2986 
f 2985/2985/2985 2987/2987/2987 2986/2986/2986 
f 2986/2986/2986 2987/2987/2987 2988/2988/2988 
f 2987/2987/2987 2989/2989/2989 2988/2988/2988 
f 2988/2988/2988 2989/2989/2989 2990/2990/2990 
f 2989/2989/2989 2991/2991/2991 2990/2990/2990 
f 2990/2990/2990 2991/2991/2991 2991/2991/2991 
f 2991/2991/2991 2976/2976/2976 2991/2991/2991 
f 2991/2991/2991 2976/2976/2976 2976/2976/2976 
f 2976/2976/2976 2992/2992/2992 2976/2976/2976 
f 2976/2976/2976 2992/2992/2992 2977/2977/2977 
f 2992/2992/2992 2993/2993/2993 2977/2977/2977 
f 2977/2977/2977 2993/2993/2993 2982/2982/2982 
f 2993/2993/2993 2982/2982/2982 2982/2982/2982 
f 2982/2982/2982 2982/2982/2982 2983/2983/2983 
f 2982/2982/2982 2983/2983/2983 2983/2983/2983 
f 2983/2983/2983 2983/2983/2983 2981/2981/2981 
f 2983/2983/2983 2994/2994/2994 2981/2981/2981 
f 2981/2981/2981 2994/2994/2994 2995/2995/2995 
f 2994/2994/2994 2996/2996/2996 2995/2995/2995 
f 2995/2995/2995 2996/2996/2996 2997/2997/2997 
f 2996/2996/2996 2998/2998/2998 2997/2997/2997 
f 2997/2997/2997 2998/2998/2998 2999/2999/2999 
f 2998/2998/2998 3000/3000/3000 2999/2999/2999 
f 2999/2999/2999 3000/3000/3000 3000/3000/3000 
f 3000/3000/3000 3001/3001/3001 3000/3000/3000 
f 3000/3000/3000 3001/3001/3001 3001/3001/3001 
f 3001/3001/3001 3002/3002/3002 3001/3001/3001 
f 3001/3001/3001 3002/3002/3002 3003/3003/3003 
f 3002/3002/3002 3002/3002/3002 3003/3003/3003 
f 3003/3003/3003 3002/3002/3002 3004/3004/3004 
f 3002/3002/3002 3002/3002/3002 3004/3004/3004 
f 3004/3004/3004 3002/3002/3002 3005/3005/3005 
f 3002/3002/3002 3002/3002/3002 3005/3005/3005 
f 3005/3005/3005 3002/3002/3002 3006/3006/3006 
f 3002/3002/3002 3007/3007/3007 3006/3006/3006 
f 3006/3006/3006 3007/3007/3007 3008/3008/3008 
f 3007/3007/3007 3007/3007/3007 3008/3008/3008 
f 3008/3008/3008 3007/3007/3007 3009/3009/3009 
f 3007/3007/3007 3010/3010/3010 3009/3009/3009 
f 3009/3009/3009 3010/3010/3010 3011/3011/3011 
f 3010/3010/3010 3012/3012/3012 3011/3011/3011 
f 3011/3011/3011 3012/3012/3012 3013/3013/3013 
f 3012/3012/3012 3014/3014/3014 3013/3013/3013 
f 3013/3013/3013 3014/3014/3014 3014/3014/3014 
f 3014/3014/3014 3001/3001/3001 3014/3014/3014 
f 3014/3014/3014 3001/3001/3001 3001/3001/3001 
f 3001/3001/3001 3015/3015/3015 3001/3001/3001 
f 3001/3001/3001 3015/3015/3015 3002/3002/3002 
f 3015/3015/3015 3016/3016/3016 3002/3002/3002 
f 3002/3002/3002 3016/3016/3016 3007/3007/3007 
f 3016/3016/3016 3007/3007/3007 3007/3007/3007 
f 3007/3007/3007 3007/3007/3007 3008/3008/3008 
f 3007/3007/3007 3008/3008/3008 3008/3008/3008 
f 3008/3008/3008 3008/3008/3008 3006/3006/3006 
f 3008/3008/3008 3017/3017/3017 3006/3006/3006 
f 3006/3006/3006 3017/3017/3017 3018/3018/3018 
f 3017/3017/3017 3019/3019/3019 3018/3018/3018 
f 3018/3018/3018 3019/3019/3019 3020/3020/3020 
f 3019/3019/3019 3021/3021/3021 3020/3020/3020 
f 3020/3020/3020 3021/3021/3021 3022/3022/3022 
f 3021/3021/3021 3023/3023/3023 3022/3022/3022 
f 3022/3022/3022 3023/3023/3023 3024/3024/3024 
f 3023/3023/3023 3025/3025/3025 3024/3024/3024 
f 3024/3024/3024 3025/3025/3025 3025/3025/3025 
f 3025/3025/3025 1841/1841/1841 3025/3025/3025 
f 3025/3025/3025 1841/1841/1841 1841/1841/1841 
f 1841/1841/1841 1829/1829/1829 1841/1841/1841 
f 1841/1841/1841 1829/1829/1829 3026/3026/3026 
f 1829/1829/1829 1832/1832/1832 3026/3026/3026 
f 3026/3026/3026 1832/1832/1832 3026/3026/3026 
f 1832/1832/1832 1839/1839/1839 3026/3026/3026 
f 3026/3026/3026 1839/1839/1839 3027/3027/3027 
f 1839/1839/1839 1840/1840/1840 3027/3027/3027 
f 3027/3027/3027 1840/1840/1840 3026/3026/3026 
f 1840/1840/1840 1841/1841/1841 3026/3026/3026 

